sleep_trait	sleep_label	frailty_factor	frailty_label	rg	se	ci95_lower	ci95_upper	p_value	q_value	q_family	family_denominator	cohort_overlap_status	interpretation_status	claim_limit
insomnia	Insomnia	frailty_general	General factor	0.6658	0.0256	0.615624	0.715976	2.061e-149	1.731e-147	BH across fixed 84-pair secondary family	84	EXPECTED_OR_POSSIBLE; exact overlap UNKNOWN	SENSITIVITY_ONLY	global genetic correlation; not independent replication or causality
insomnia	Insomnia	frailty_factor_1	F1 Social support	0.0644	0.0389	-0.011844	0.140644	0.0978	0.1503	BH across fixed 84-pair secondary family	84	EXPECTED_OR_POSSIBLE; exact overlap UNKNOWN	SENSITIVITY_ONLY	global genetic correlation; not independent replication or causality
insomnia	Insomnia	frailty_factor_2	F2 Unhealthy lifestyle	0.1326	0.0306	0.072624	0.192576	1.491e-05	4.318e-05	BH across fixed 84-pair secondary family	84	EXPECTED_OR_POSSIBLE; exact overlap UNKNOWN	SENSITIVITY_ONLY	global genetic correlation; not independent replication or causality
insomnia	Insomnia	frailty_factor_3	F3 Multimorbidity	0.1276	0.0279	0.072916	0.182284	4.74e-06	1.475e-05	BH across fixed 84-pair secondary family	84	EXPECTED_OR_POSSIBLE; exact overlap UNKNOWN	SENSITIVITY_ONLY	global genetic correlation; not independent replication or causality
insomnia	Insomnia	frailty_factor_4	F4 Metabolic	0.0331	0.0412	-0.047652	0.113852	0.4218	0.5062	BH across fixed 84-pair secondary family	84	EXPECTED_OR_POSSIBLE; exact overlap UNKNOWN	SENSITIVITY_ONLY	global genetic correlation; not independent replication or causality
insomnia	Insomnia	frailty_factor_5	F5 Cognition	0.0728	0.0275	0.018900	0.126700	0.0082	0.01531	BH across fixed 84-pair secondary family	84	EXPECTED_OR_POSSIBLE; exact overlap UNKNOWN	SENSITIVITY_ONLY	global genetic correlation; not independent replication or causality
insomnia	Insomnia	frailty_factor_6	F6 Disability	0.2101	0.0364	0.138756	0.281444	7.805e-09	3.451e-08	BH across fixed 84-pair secondary family	84	EXPECTED_OR_POSSIBLE; exact overlap UNKNOWN	SENSITIVITY_ONLY	global genetic correlation; not independent replication or causality
sleepdur	Sleep duration	frailty_general	General factor	-0.2587	0.0284	-0.314364	-0.203036	7.923e-20	6.655e-19	BH across fixed 84-pair secondary family	84	EXPECTED_OR_POSSIBLE; exact overlap UNKNOWN	SENSITIVITY_ONLY	global genetic correlation; not independent replication or causality
sleepdur	Sleep duration	frailty_factor_1	F1 Social support	-0.0313	0.0329	-0.095784	0.033184	0.3411	0.4214	BH across fixed 84-pair secondary family	84	EXPECTED_OR_POSSIBLE; exact overlap UNKNOWN	SENSITIVITY_ONLY	global genetic correlation; not independent replication or causality
sleepdur	Sleep duration	frailty_factor_2	F2 Unhealthy lifestyle	-0.0125	0.0327	-0.076592	0.051592	0.7035	0.7387	BH across fixed 84-pair secondary family	84	EXPECTED_OR_POSSIBLE; exact overlap UNKNOWN	SENSITIVITY_ONLY	global genetic correlation; not independent replication or causality
sleepdur	Sleep duration	frailty_factor_3	F3 Multimorbidity	-0.0349	0.0234	-0.080764	0.010964	0.1351	0.1923	BH across fixed 84-pair secondary family	84	EXPECTED_OR_POSSIBLE; exact overlap UNKNOWN	SENSITIVITY_ONLY	global genetic correlation; not independent replication or causality
sleepdur	Sleep duration	frailty_factor_4	F4 Metabolic	0.0429	0.0323	-0.020408	0.106208	0.1849	0.2546	BH across fixed 84-pair secondary family	84	EXPECTED_OR_POSSIBLE; exact overlap UNKNOWN	SENSITIVITY_ONLY	global genetic correlation; not independent replication or causality
sleepdur	Sleep duration	frailty_factor_5	F5 Cognition	0.1088	0.0279	0.054116	0.163484	9.533e-05	0.0002669	BH across fixed 84-pair secondary family	84	EXPECTED_OR_POSSIBLE; exact overlap UNKNOWN	SENSITIVITY_ONLY	global genetic correlation; not independent replication or causality
sleepdur	Sleep duration	frailty_factor_6	F6 Disability	-0.1837	0.0316	-0.245636	-0.121764	6.199e-09	2.893e-08	BH across fixed 84-pair secondary family	84	EXPECTED_OR_POSSIBLE; exact overlap UNKNOWN	SENSITIVITY_ONLY	global genetic correlation; not independent replication or causality
shortsleep	Short sleep	frailty_general	General factor	0.5278	0.0319	0.465276	0.590324	1.373e-61	5.764e-60	BH across fixed 84-pair secondary family	84	EXPECTED_OR_POSSIBLE; exact overlap UNKNOWN	SENSITIVITY_ONLY	global genetic correlation; not independent replication or causality
shortsleep	Short sleep	frailty_factor_1	F1 Social support	0.1026	0.0348	0.034392	0.170808	0.0032	0.006251	BH across fixed 84-pair secondary family	84	EXPECTED_OR_POSSIBLE; exact overlap UNKNOWN	SENSITIVITY_ONLY	global genetic correlation; not independent replication or causality
shortsleep	Short sleep	frailty_factor_2	F2 Unhealthy lifestyle	0.1841	0.0345	0.116480	0.251720	9.484e-08	3.621e-07	BH across fixed 84-pair secondary family	84	EXPECTED_OR_POSSIBLE; exact overlap UNKNOWN	SENSITIVITY_ONLY	global genetic correlation; not independent replication or causality
shortsleep	Short sleep	frailty_factor_3	F3 Multimorbidity	0.1257	0.0262	0.074348	0.177052	1.558e-06	5.237e-06	BH across fixed 84-pair secondary family	84	EXPECTED_OR_POSSIBLE; exact overlap UNKNOWN	SENSITIVITY_ONLY	global genetic correlation; not independent replication or causality
shortsleep	Short sleep	frailty_factor_4	F4 Metabolic	0.055	0.0384	-0.020264	0.130264	0.1526	0.2136	BH across fixed 84-pair secondary family	84	EXPECTED_OR_POSSIBLE; exact overlap UNKNOWN	SENSITIVITY_ONLY	global genetic correlation; not independent replication or causality
shortsleep	Short sleep	frailty_factor_5	F5 Cognition	0.1004	0.0272	0.047088	0.153712	0.0002	0.0004941	BH across fixed 84-pair secondary family	84	EXPECTED_OR_POSSIBLE; exact overlap UNKNOWN	SENSITIVITY_ONLY	global genetic correlation; not independent replication or causality
shortsleep	Short sleep	frailty_factor_6	F6 Disability	0.2091	0.0344	0.141676	0.276524	1.238e-09	6.119e-09	BH across fixed 84-pair secondary family	84	EXPECTED_OR_POSSIBLE; exact overlap UNKNOWN	SENSITIVITY_ONLY	global genetic correlation; not independent replication or causality
longsleep	Long sleep	frailty_general	General factor	0.3189	0.0417	0.237168	0.400632	2.087e-14	1.461e-13	BH across fixed 84-pair secondary family	84	EXPECTED_OR_POSSIBLE; exact overlap UNKNOWN	SENSITIVITY_ONLY	global genetic correlation; not independent replication or causality
longsleep	Long sleep	frailty_factor_1	F1 Social support	0.0989	0.0417	0.017168	0.180632	0.0177	0.03098	BH across fixed 84-pair secondary family	84	EXPECTED_OR_POSSIBLE; exact overlap UNKNOWN	SENSITIVITY_ONLY	global genetic correlation; not independent replication or causality
longsleep	Long sleep	frailty_factor_2	F2 Unhealthy lifestyle	0.2833	0.0445	0.196080	0.370520	1.933e-10	1.083e-09	BH across fixed 84-pair secondary family	84	EXPECTED_OR_POSSIBLE; exact overlap UNKNOWN	SENSITIVITY_ONLY	global genetic correlation; not independent replication or causality
longsleep	Long sleep	frailty_factor_3	F3 Multimorbidity	0.1192	0.0315	0.057460	0.180940	0.0002	0.0004941	BH across fixed 84-pair secondary family	84	EXPECTED_OR_POSSIBLE; exact overlap UNKNOWN	SENSITIVITY_ONLY	global genetic correlation; not independent replication or causality
longsleep	Long sleep	frailty_factor_4	F4 Metabolic	0.1408	0.0435	0.055540	0.226060	0.0012	0.002653	BH across fixed 84-pair secondary family	84	EXPECTED_OR_POSSIBLE; exact overlap UNKNOWN	SENSITIVITY_ONLY	global genetic correlation; not independent replication or causality
longsleep	Long sleep	frailty_factor_5	F5 Cognition	0.3688	0.0339	0.302356	0.435244	1.601e-27	2.69e-26	BH across fixed 84-pair secondary family	84	EXPECTED_OR_POSSIBLE; exact overlap UNKNOWN	SENSITIVITY_ONLY	global genetic correlation; not independent replication or causality
longsleep	Long sleep	frailty_factor_6	F6 Disability	-0.0168	0.0396	-0.094416	0.060816	0.6716	0.7141	BH across fixed 84-pair secondary family	84	EXPECTED_OR_POSSIBLE; exact overlap UNKNOWN	SENSITIVITY_ONLY	global genetic correlation; not independent replication or causality
chronotype	Chronotype	frailty_general	General factor	-0.1012	0.0265	-0.153140	-0.049260	0.0001	0.000271	BH across fixed 84-pair secondary family	84	EXPECTED_OR_POSSIBLE; exact overlap UNKNOWN	SENSITIVITY_ONLY	global genetic correlation; not independent replication or causality
chronotype	Chronotype	frailty_factor_1	F1 Social support	-0.0883	0.0297	-0.146512	-0.030088	0.003	0.006	BH across fixed 84-pair secondary family	84	EXPECTED_OR_POSSIBLE; exact overlap UNKNOWN	SENSITIVITY_ONLY	global genetic correlation; not independent replication or causality
chronotype	Chronotype	frailty_factor_2	F2 Unhealthy lifestyle	0.0476	0.0305	-0.012180	0.107380	0.1184	0.1745	BH across fixed 84-pair secondary family	84	EXPECTED_OR_POSSIBLE; exact overlap UNKNOWN	SENSITIVITY_ONLY	global genetic correlation; not independent replication or causality
chronotype	Chronotype	frailty_factor_3	F3 Multimorbidity	0.0238	0.0219	-0.019124	0.066724	0.2759	0.3565	BH across fixed 84-pair secondary family	84	EXPECTED_OR_POSSIBLE; exact overlap UNKNOWN	SENSITIVITY_ONLY	global genetic correlation; not independent replication or causality
chronotype	Chronotype	frailty_factor_4	F4 Metabolic	0.0659	0.025	0.016900	0.114900	0.0084	0.01534	BH across fixed 84-pair secondary family	84	EXPECTED_OR_POSSIBLE; exact overlap UNKNOWN	SENSITIVITY_ONLY	global genetic correlation; not independent replication or causality
chronotype	Chronotype	frailty_factor_5	F5 Cognition	0.0722	0.0225	0.028100	0.116300	0.0013	0.0028	BH across fixed 84-pair secondary family	84	EXPECTED_OR_POSSIBLE; exact overlap UNKNOWN	SENSITIVITY_ONLY	global genetic correlation; not independent replication or causality
chronotype	Chronotype	frailty_factor_6	F6 Disability	-0.0045	0.0293	-0.061928	0.052928	0.8772	0.8772	BH across fixed 84-pair secondary family	84	EXPECTED_OR_POSSIBLE; exact overlap UNKNOWN	SENSITIVITY_ONLY	global genetic correlation; not independent replication or causality
sleepiness	Sleepiness	frailty_general	General factor	0.3442	0.0289	0.287556	0.400844	1.306e-32	3.656e-31	BH across fixed 84-pair secondary family	84	EXPECTED_OR_POSSIBLE; exact overlap UNKNOWN	SENSITIVITY_ONLY	global genetic correlation; not independent replication or causality
sleepiness	Sleepiness	frailty_factor_1	F1 Social support	0.012	0.0377	-0.061892	0.085892	0.7512	0.779	BH across fixed 84-pair secondary family	84	EXPECTED_OR_POSSIBLE; exact overlap UNKNOWN	SENSITIVITY_ONLY	global genetic correlation; not independent replication or causality
sleepiness	Sleepiness	frailty_factor_2	F2 Unhealthy lifestyle	0.0546	0.0317	-0.007532	0.116732	0.0852	0.1376	BH across fixed 84-pair secondary family	84	EXPECTED_OR_POSSIBLE; exact overlap UNKNOWN	SENSITIVITY_ONLY	global genetic correlation; not independent replication or causality
sleepiness	Sleepiness	frailty_factor_3	F3 Multimorbidity	0.015	0.0249	-0.033804	0.063804	0.5482	0.6059	BH across fixed 84-pair secondary family	84	EXPECTED_OR_POSSIBLE; exact overlap UNKNOWN	SENSITIVITY_ONLY	global genetic correlation; not independent replication or causality
sleepiness	Sleepiness	frailty_factor_4	F4 Metabolic	0.0398	0.0337	-0.026252	0.105852	0.2369	0.3109	BH across fixed 84-pair secondary family	84	EXPECTED_OR_POSSIBLE; exact overlap UNKNOWN	SENSITIVITY_ONLY	global genetic correlation; not independent replication or causality
sleepiness	Sleepiness	frailty_factor_5	F5 Cognition	0.029	0.028	-0.025880	0.083880	0.3009	0.383	BH across fixed 84-pair secondary family	84	EXPECTED_OR_POSSIBLE; exact overlap UNKNOWN	SENSITIVITY_ONLY	global genetic correlation; not independent replication or causality
sleepiness	Sleepiness	frailty_factor_6	F6 Disability	0.0247	0.0326	-0.039196	0.088596	0.4485	0.5306	BH across fixed 84-pair secondary family	84	EXPECTED_OR_POSSIBLE; exact overlap UNKNOWN	SENSITIVITY_ONLY	global genetic correlation; not independent replication or causality
napping	Napping	frailty_general	General factor	0.2726	0.0253	0.223012	0.322188	4.48e-27	6.272e-26	BH across fixed 84-pair secondary family	84	EXPECTED_OR_POSSIBLE; exact overlap UNKNOWN	SENSITIVITY_ONLY	global genetic correlation; not independent replication or causality
napping	Napping	frailty_factor_1	F1 Social support	0.0155	0.0306	-0.044476	0.075476	0.6116	0.6586	BH across fixed 84-pair secondary family	84	EXPECTED_OR_POSSIBLE; exact overlap UNKNOWN	SENSITIVITY_ONLY	global genetic correlation; not independent replication or causality
napping	Napping	frailty_factor_2	F2 Unhealthy lifestyle	0.1484	0.0275	0.094500	0.202300	6.627e-08	2.651e-07	BH across fixed 84-pair secondary family	84	EXPECTED_OR_POSSIBLE; exact overlap UNKNOWN	SENSITIVITY_ONLY	global genetic correlation; not independent replication or causality
napping	Napping	frailty_factor_3	F3 Multimorbidity	0.0937	0.0212	0.052148	0.135252	9.823e-06	2.947e-05	BH across fixed 84-pair secondary family	84	EXPECTED_OR_POSSIBLE; exact overlap UNKNOWN	SENSITIVITY_ONLY	global genetic correlation; not independent replication or causality
napping	Napping	frailty_factor_4	F4 Metabolic	0.1107	0.0303	0.051312	0.170088	0.0003	0.0007	BH across fixed 84-pair secondary family	84	EXPECTED_OR_POSSIBLE; exact overlap UNKNOWN	SENSITIVITY_ONLY	global genetic correlation; not independent replication or causality
napping	Napping	frailty_factor_5	F5 Cognition	0.0706	0.0248	0.021992	0.119208	0.0045	0.008591	BH across fixed 84-pair secondary family	84	EXPECTED_OR_POSSIBLE; exact overlap UNKNOWN	SENSITIVITY_ONLY	global genetic correlation; not independent replication or causality
napping	Napping	frailty_factor_6	F6 Disability	0.0754	0.0312	0.014248	0.136552	0.0157	0.02806	BH across fixed 84-pair secondary family	84	EXPECTED_OR_POSSIBLE; exact overlap UNKNOWN	SENSITIVITY_ONLY	global genetic correlation; not independent replication or causality
snoring	Snoring	frailty_general	General factor	0.209	0.0298	0.150592	0.267408	2.349e-12	1.518e-11	BH across fixed 84-pair secondary family	84	EXPECTED_OR_POSSIBLE; exact overlap UNKNOWN	SENSITIVITY_ONLY	global genetic correlation; not independent replication or causality
snoring	Snoring	frailty_factor_1	F1 Social support	-0.1192	0.0328	-0.183488	-0.054912	0.0003	0.0007	BH across fixed 84-pair secondary family	84	EXPECTED_OR_POSSIBLE; exact overlap UNKNOWN	SENSITIVITY_ONLY	global genetic correlation; not independent replication or causality
snoring	Snoring	frailty_factor_2	F2 Unhealthy lifestyle	0.1895	0.0311	0.128544	0.250456	1.124e-09	5.903e-09	BH across fixed 84-pair secondary family	84	EXPECTED_OR_POSSIBLE; exact overlap UNKNOWN	SENSITIVITY_ONLY	global genetic correlation; not independent replication or causality
snoring	Snoring	frailty_factor_3	F3 Multimorbidity	0.1723	0.0247	0.123888	0.220712	3.186e-12	1.911e-11	BH across fixed 84-pair secondary family	84	EXPECTED_OR_POSSIBLE; exact overlap UNKNOWN	SENSITIVITY_ONLY	global genetic correlation; not independent replication or causality
snoring	Snoring	frailty_factor_4	F4 Metabolic	0.324	0.0349	0.255596	0.392404	1.787e-20	1.876e-19	BH across fixed 84-pair secondary family	84	EXPECTED_OR_POSSIBLE; exact overlap UNKNOWN	SENSITIVITY_ONLY	global genetic correlation; not independent replication or causality
snoring	Snoring	frailty_factor_5	F5 Cognition	0.1275	0.0234	0.081636	0.173364	5.308e-08	2.229e-07	BH across fixed 84-pair secondary family	84	EXPECTED_OR_POSSIBLE; exact overlap UNKNOWN	SENSITIVITY_ONLY	global genetic correlation; not independent replication or causality
snoring	Snoring	frailty_factor_6	F6 Disability	0.1756	0.0331	0.110724	0.240476	1.16e-07	4.238e-07	BH across fixed 84-pair secondary family	84	EXPECTED_OR_POSSIBLE; exact overlap UNKNOWN	SENSITIVITY_ONLY	global genetic correlation; not independent replication or causality
sleep_apnea	Sleep apnea	frailty_general	General factor	0.4272	0.0375	0.353700	0.500700	4.059e-30	8.525e-29	BH across fixed 84-pair secondary family	84	EXPECTED_OR_POSSIBLE; exact overlap UNKNOWN	SENSITIVITY_ONLY	global genetic correlation; not independent replication or causality
sleep_apnea	Sleep apnea	frailty_factor_1	F1 Social support	-0.1183	0.038	-0.192780	-0.043820	0.0019	0.00399	BH across fixed 84-pair secondary family	84	EXPECTED_OR_POSSIBLE; exact overlap UNKNOWN	SENSITIVITY_ONLY	global genetic correlation; not independent replication or causality
sleep_apnea	Sleep apnea	frailty_factor_2	F2 Unhealthy lifestyle	0.1966	0.0404	0.117416	0.275784	1.14e-06	3.989e-06	BH across fixed 84-pair secondary family	84	EXPECTED_OR_POSSIBLE; exact overlap UNKNOWN	SENSITIVITY_ONLY	global genetic correlation; not independent replication or causality
sleep_apnea	Sleep apnea	frailty_factor_3	F3 Multimorbidity	0.2333	0.0255	0.183320	0.283280	5.896e-20	5.503e-19	BH across fixed 84-pair secondary family	84	EXPECTED_OR_POSSIBLE; exact overlap UNKNOWN	SENSITIVITY_ONLY	global genetic correlation; not independent replication or causality
sleep_apnea	Sleep apnea	frailty_factor_4	F4 Metabolic	0.4276	0.0419	0.345476	0.509724	1.825e-24	2.19e-23	BH across fixed 84-pair secondary family	84	EXPECTED_OR_POSSIBLE; exact overlap UNKNOWN	SENSITIVITY_ONLY	global genetic correlation; not independent replication or causality
sleep_apnea	Sleep apnea	frailty_factor_5	F5 Cognition	0.052	0.0335	-0.013660	0.117660	0.121	0.1752	BH across fixed 84-pair secondary family	84	EXPECTED_OR_POSSIBLE; exact overlap UNKNOWN	SENSITIVITY_ONLY	global genetic correlation; not independent replication or causality
sleep_apnea	Sleep apnea	frailty_factor_6	F6 Disability	0.3301	0.0371	0.257384	0.402816	5.183e-19	3.958e-18	BH across fixed 84-pair secondary family	84	EXPECTED_OR_POSSIBLE; exact overlap UNKNOWN	SENSITIVITY_ONLY	global genetic correlation; not independent replication or causality
sleep_efficiency	Actigraphy efficiency	frailty_general	General factor	-0.1668	0.0479	-0.260684	-0.072916	0.0005	0.001135	BH across fixed 84-pair secondary family	84	EXPECTED_OR_POSSIBLE; exact overlap UNKNOWN	SENSITIVITY_ONLY	global genetic correlation; not independent replication or causality
sleep_efficiency	Actigraphy efficiency	frailty_factor_1	F1 Social support	-0.1036	0.0486	-0.198856	-0.008344	0.0329	0.0564	BH across fixed 84-pair secondary family	84	EXPECTED_OR_POSSIBLE; exact overlap UNKNOWN	SENSITIVITY_ONLY	global genetic correlation; not independent replication or causality
sleep_efficiency	Actigraphy efficiency	frailty_factor_2	F2 Unhealthy lifestyle	-0.072	0.0435	-0.157260	0.013260	0.0984	0.1503	BH across fixed 84-pair secondary family	84	EXPECTED_OR_POSSIBLE; exact overlap UNKNOWN	SENSITIVITY_ONLY	global genetic correlation; not independent replication or causality
sleep_efficiency	Actigraphy efficiency	frailty_factor_3	F3 Multimorbidity	-0.0541	0.0345	-0.121720	0.013520	0.117	0.1745	BH across fixed 84-pair secondary family	84	EXPECTED_OR_POSSIBLE; exact overlap UNKNOWN	SENSITIVITY_ONLY	global genetic correlation; not independent replication or causality
sleep_efficiency	Actigraphy efficiency	frailty_factor_4	F4 Metabolic	-0.0926	0.052	-0.194520	0.009320	0.0747	0.123	BH across fixed 84-pair secondary family	84	EXPECTED_OR_POSSIBLE; exact overlap UNKNOWN	SENSITIVITY_ONLY	global genetic correlation; not independent replication or causality
sleep_efficiency	Actigraphy efficiency	frailty_factor_5	F5 Cognition	0.0302	0.0364	-0.041144	0.101544	0.406	0.4943	BH across fixed 84-pair secondary family	84	EXPECTED_OR_POSSIBLE; exact overlap UNKNOWN	SENSITIVITY_ONLY	global genetic correlation; not independent replication or causality
sleep_efficiency	Actigraphy efficiency	frailty_factor_6	F6 Disability	-0.077	0.0459	-0.166964	0.012964	0.0935	0.1482	BH across fixed 84-pair secondary family	84	EXPECTED_OR_POSSIBLE; exact overlap UNKNOWN	SENSITIVITY_ONLY	global genetic correlation; not independent replication or causality
accel_sleep_duration	Actigraphy duration	frailty_general	General factor	-0.0527	0.0437	-0.138352	0.032952	0.2278	0.3037	BH across fixed 84-pair secondary family	84	EXPECTED_OR_POSSIBLE; exact overlap UNKNOWN	SENSITIVITY_ONLY	global genetic correlation; not independent replication or causality
accel_sleep_duration	Actigraphy duration	frailty_factor_1	F1 Social support	-0.0512	0.0422	-0.133912	0.031512	0.2245	0.3037	BH across fixed 84-pair secondary family	84	EXPECTED_OR_POSSIBLE; exact overlap UNKNOWN	SENSITIVITY_ONLY	global genetic correlation; not independent replication or causality
accel_sleep_duration	Actigraphy duration	frailty_factor_2	F2 Unhealthy lifestyle	-0.0064	0.0384	-0.081664	0.068864	0.8678	0.8772	BH across fixed 84-pair secondary family	84	EXPECTED_OR_POSSIBLE; exact overlap UNKNOWN	SENSITIVITY_ONLY	global genetic correlation; not independent replication or causality
accel_sleep_duration	Actigraphy duration	frailty_factor_3	F3 Multimorbidity	0.0886	0.0295	0.030780	0.146420	0.0027	0.005532	BH across fixed 84-pair secondary family	84	EXPECTED_OR_POSSIBLE; exact overlap UNKNOWN	SENSITIVITY_ONLY	global genetic correlation; not independent replication or causality
accel_sleep_duration	Actigraphy duration	frailty_factor_4	F4 Metabolic	0.0914	0.0454	0.002416	0.180384	0.044	0.07392	BH across fixed 84-pair secondary family	84	EXPECTED_OR_POSSIBLE; exact overlap UNKNOWN	SENSITIVITY_ONLY	global genetic correlation; not independent replication or causality
accel_sleep_duration	Actigraphy duration	frailty_factor_5	F5 Cognition	0.1591	0.0336	0.093244	0.224956	2.169e-06	7.007e-06	BH across fixed 84-pair secondary family	84	EXPECTED_OR_POSSIBLE; exact overlap UNKNOWN	SENSITIVITY_ONLY	global genetic correlation; not independent replication or causality
accel_sleep_duration	Actigraphy duration	frailty_factor_6	F6 Disability	0.0296	0.0412	-0.051152	0.110352	0.4722	0.5434	BH across fixed 84-pair secondary family	84	EXPECTED_OR_POSSIBLE; exact overlap UNKNOWN	SENSITIVITY_ONLY	global genetic correlation; not independent replication or causality
sleep_timing	Actigraphy timing	frailty_general	General factor	0.0503	0.0509	-0.049464	0.150064	0.3232	0.4052	BH across fixed 84-pair secondary family	84	EXPECTED_OR_POSSIBLE; exact overlap UNKNOWN	SENSITIVITY_ONLY	global genetic correlation; not independent replication or causality
sleep_timing	Actigraphy timing	frailty_factor_1	F1 Social support	-0.0372	0.0531	-0.141276	0.066876	0.4837	0.5491	BH across fixed 84-pair secondary family	84	EXPECTED_OR_POSSIBLE; exact overlap UNKNOWN	SENSITIVITY_ONLY	global genetic correlation; not independent replication or causality
sleep_timing	Actigraphy timing	frailty_factor_2	F2 Unhealthy lifestyle	-0.0415	0.0556	-0.150476	0.067476	0.4552	0.5311	BH across fixed 84-pair secondary family	84	EXPECTED_OR_POSSIBLE; exact overlap UNKNOWN	SENSITIVITY_ONLY	global genetic correlation; not independent replication or causality
sleep_timing	Actigraphy timing	frailty_factor_3	F3 Multimorbidity	-0.0284	0.0439	-0.114444	0.057644	0.5185	0.5807	BH across fixed 84-pair secondary family	84	EXPECTED_OR_POSSIBLE; exact overlap UNKNOWN	SENSITIVITY_ONLY	global genetic correlation; not independent replication or causality
sleep_timing	Actigraphy timing	frailty_factor_4	F4 Metabolic	0.0258	0.0493	-0.070828	0.122428	0.6005	0.6551	BH across fixed 84-pair secondary family	84	EXPECTED_OR_POSSIBLE; exact overlap UNKNOWN	SENSITIVITY_ONLY	global genetic correlation; not independent replication or causality
sleep_timing	Actigraphy timing	frailty_factor_5	F5 Cognition	-0.1829	0.049	-0.278940	-0.086860	0.0002	0.0004941	BH across fixed 84-pair secondary family	84	EXPECTED_OR_POSSIBLE; exact overlap UNKNOWN	SENSITIVITY_ONLY	global genetic correlation; not independent replication or causality
sleep_timing	Actigraphy timing	frailty_factor_6	F6 Disability	-0.0126	0.0649	-0.139804	0.114604	0.8459	0.8665	BH across fixed 84-pair secondary family	84	EXPECTED_OR_POSSIBLE; exact overlap UNKNOWN	SENSITIVITY_ONLY	global genetic correlation; not independent replication or causality
