trait_id	label	domain	source_note	raw_file	n_total	build	pmid	ancestry	raw_present	raw_bytes
insomnia	Insomnia (Primary)	sleep	Jansen 2019 Nat Genet — UKB-only release (no 23andMe)	insomnia.txt.gz	386533	hg19			YES	314778585
sleepdur	Sleep duration (continuous)	sleep	Dashti 2019 Nat Commun (UKB, continuous hours)	sleepdur.txt.gz	446118	hg19	30846698	EUR	YES	378539229
shortsleep	Short sleep (Primary)	sleep	Dashti 2019 Nat Commun (< 7 h tail)	shortsleep.txt.gz	411934	hg19	30846698	EUR	YES	383448891
longsleep	Long sleep (Primary)	sleep	Dashti 2019 Nat Commun (>= 9 h tail)	longsleep.txt.gz	339926	hg19	30846698	EUR	YES	384522668
chronotype	Chronotype (morningness)	sleep	Jones 2019 Nat Commun (UKB morning person)	chronotype.txt.gz	403195	hg19			YES	354578112
sleepiness	Daytime sleepiness	sleep	Wang 2019 Nat Commun (UKB daytime sleepiness)	sleepiness.txt.gz	452071	hg19	31409809	EUR	YES	382692981
napping	Daytime napping	sleep	Dashti 2021 Nat Commun (UKB daytime napping frequency)	napping.txt.gz	452633	hg19	33568662	EUR	YES	356906540
snoring	Snoring	sleep	Campos 2020 Nat Commun (UKB habitual snoring)	snoring.txt.gz	408317	hg19			YES	258829716
sleep_apnea	Sleep apnea (proxy)	sleep	FinnGen R9 (G6_SLEEPAPNO)	sleep_apnea.txt.gz	217955	hg38			YES	763490490
sleep_efficiency	Sleep efficiency (actigraphy)	sleep	Jones 2019 Nat Commun (GCST007803; UKB European, rank-normalized sleep efficiency)	sleep_efficiency.txt.gz	84810	hg19	30952852	EUR	YES	310070562
accel_sleep_duration	Actigraphy sleep duration	sleep	Jones 2019 Nat Commun (GCST007803; UKB European, rank-normalized SPT-window sleep duration)	accel_sleep_duration.txt.gz	85449	hg19	30952852	EUR	YES	310074893
sleep_timing	Sleep midpoint / timing	sleep	Jones 2019 Nat Commun (GCST007803; UKB European, rank-normalized SPT-window midpoint)	sleep_timing.txt.gz	84810	hg19	30952852	EUR	YES	310083988
alz	Alzheimer's disease	neuro	Bellenguez 2022 Nat Genet (AD + proxy cases)	alz.txt.gz	788989	hg38			YES	755201909
parkinson	Parkinson's disease	neuro	Nalls 2019 Lancet Neurol (incl proxy)	parkinson.txt.gz	1474097	hg19			YES	349438654
cognitive_performance	Cognitive performance	neuro	Lee 2018 Nat Genet (SSGAC)	cognitive_performance.txt.gz	257841	hg19			NO	0
longevity	Longevity (90th percentile)	aging	Deelen 2019 Nat Commun	longevity.txt.gz	36745	hg19			YES	141843112
parental_lifespan	Parental lifespan	aging	Timmers 2019 eLife (GCST009890; parental survival, per-SNP source N)	parental_lifespan.txt.gz	1012240	hg19	30642433	EUR	YES	483395501
frailty	Frailty index	aging	Atkins 2021 Aging Cell (GCST90020053; European-descent UKB/TwinGene meta-analysis)	frailty.txt.gz	175226	hg19	34431594	EUR	YES	179169168
grip_strength	Hand grip strength (left, inverse-rank normalized)	aging	Neale Lab UKB round 2 (field 46; 359,704 white-British participants; unpublished public release)	grip_strength.txt.gz	359704	hg19		EUR	YES	371472045
