pair_id	sleep_trait	extension_trait_id	phenotype_name	phenotype_domain	rg	se	p	extension_fdr	historical_novelty_class	historical_search_date	historical_audit_status	current_novelty_class	current_pair_evidence_status	local_full_supplement_review_date	current_pair_specific_database_search	literature_coverage	prior_broad_screen_external_coverage	direct_comparator_count	direct_comparator_sources	prior_dois	contextual_sources	new_cohort_replication_of_prior_relationship	potential_underreported_relationship	new_quantitative_characterization	adequately_supported_novel_result	historical_replication_class	remaining_review
insomnia__panukbb_icd10__j44__both_sexes__na__na	insomnia	panukbb_icd10__j44__both_sexes__na__na	J44 Other chronic obstructive pulmonary disease	pulmonary	0.4353	0.0467	1.1409e-20	2.632846153846154e-19	NO_DIRECT_RG_FOUND	2026-08-29	COMPLETE	PREVIOUSLY_PUBLISHED_SUBSTANTIALLY_SIMILAR	DIRECT_RESULT_TABLE_COMPARATOR_FOUND	2026-10-08	NOT_RERUN_ALL_1200;FOCUSED_DOMAIN_SEARCHES_ONLY	BOUNDED_PRIMARY_TABLE_AND_DOMAIN_AUDIT;NOT_SYSTEMATIC_EXHAUSTIVE_REVIEW	NO_EXACT_LOCAL_INVENTORY_MATCH	3	morrison_2024;multiorgan_2026	10.1038/s43856-026-01656-w;10.1093/sleep/zsad320		OUTCOME_SIDE_VALIDATION_OR_PHENOTYPE_SENSITIVITY	UNRESOLVED;NO_PRIORITY_CLAIM	VERSIONED_ESTIMATES_AND_SOURCE_COMPARISON	NO	REPLICATED	Confirm exact source subsets, historical phenotype coding, full 2020/2021 screen supplements and current indexing; author/specialist review required.
insomnia__panukbb_icd10__k21__both_sexes__na__na	insomnia	panukbb_icd10__k21__both_sexes__na__na	K21 Gastro-oesophageal reflux disease	gastrointestinal	0.5216	0.0378	2.8662e-43	3.4394400000000004e-41	NO_DIRECT_RG_FOUND	2026-08-29	COMPLETE	PREVIOUSLY_PUBLISHED_SUBSTANTIALLY_SIMILAR	DIRECT_RESULT_TABLE_COMPARATOR_FOUND	2026-10-08	NOT_RERUN_ALL_1200;FOCUSED_DOMAIN_SEARCHES_ONLY	BOUNDED_PRIMARY_TABLE_AND_DOMAIN_AUDIT;NOT_SYSTEMATIC_EXHAUSTIVE_REVIEW	NO_EXACT_LOCAL_INVENTORY_MATCH	3	morrison_2024;sun_2022_gerd	10.1093/sleep/zsad320;10.3389/fnut.2022.1009122	10.1016/j.jpsychires.2024.02.030	OUTCOME_SIDE_VALIDATION_OR_PHENOTYPE_SENSITIVITY	UNRESOLVED;NO_PRIORITY_CLAIM	VERSIONED_ESTIMATES_AND_SOURCE_COMPARISON	NO	REPLICATED	Confirm exact source subsets, historical phenotype coding, full 2020/2021 screen supplements and current indexing; author/specialist review required.
insomnia__panukbb_phecode__550_2__both_sexes__na__na	insomnia	panukbb_phecode__550_2__both_sexes__na__na	Diaphragmatic hernia	gastrointestinal	0.4325	0.0369	8.4408e-32	4.403895652173913e-30	NO_DIRECT_RG_FOUND	2026-08-29	COMPLETE	PREVIOUSLY_PUBLISHED_SUBSTANTIALLY_SIMILAR	DIRECT_RESULT_TABLE_COMPARATOR_FOUND	2026-10-08	NOT_RERUN_ALL_1200;FOCUSED_DOMAIN_SEARCHES_ONLY	BOUNDED_PRIMARY_TABLE_AND_DOMAIN_AUDIT;NOT_SYSTEMATIC_EXHAUSTIVE_REVIEW	NO_EXACT_LOCAL_INVENTORY_MATCH	1	morrison_2024	10.1093/sleep/zsad320		OUTCOME_SIDE_VALIDATION_OR_PHENOTYPE_SENSITIVITY	UNRESOLVED;NO_PRIORITY_CLAIM	VERSIONED_ESTIMATES_AND_SOURCE_COMPARISON	NO	REPLICATED	Confirm exact source subsets, historical phenotype coding, full 2020/2021 screen supplements and current indexing; author/specialist review required.
insomnia__panukbb_phecode__558__both_sexes__na__na	insomnia	panukbb_phecode__558__both_sexes__na__na	Noninfectious gastroenteritis	gastrointestinal	0.5211	0.0497	1.0521e-25	3.713294117647059e-24	NO_DIRECT_RG_FOUND	2026-08-29	COMPLETE	PREVIOUSLY_PUBLISHED_SUBSTANTIALLY_SIMILAR	DIRECT_RESULT_TABLE_COMPARATOR_FOUND	2026-10-08	NOT_RERUN_ALL_1200;FOCUSED_DOMAIN_SEARCHES_ONLY	BOUNDED_PRIMARY_TABLE_AND_DOMAIN_AUDIT;NOT_SYSTEMATIC_EXHAUSTIVE_REVIEW	NO_EXACT_LOCAL_INVENTORY_MATCH	2	morrison_2024	10.1093/sleep/zsad320		OUTCOME_SIDE_VALIDATION_OR_PHENOTYPE_SENSITIVITY	UNRESOLVED;NO_PRIORITY_CLAIM	VERSIONED_ESTIMATES_AND_SOURCE_COMPARISON	NO	REPLICATED	Confirm exact source subsets, historical phenotype coding, full 2020/2021 screen supplements and current indexing; author/specialist review required.
insomnia__panukbb_phecode__785__both_sexes__na__na	insomnia	panukbb_phecode__785__both_sexes__na__na	Abdominal pain	gastrointestinal	0.5591	0.0359	1.1013e-54	4.4052e-52	NO_DIRECT_RG_FOUND	2026-08-29	COMPLETE	PREVIOUSLY_PUBLISHED_SUBSTANTIALLY_SIMILAR	DIRECT_RESULT_TABLE_COMPARATOR_FOUND	2026-10-08	NOT_RERUN_ALL_1200;FOCUSED_DOMAIN_SEARCHES_ONLY	BOUNDED_PRIMARY_TABLE_AND_DOMAIN_AUDIT;NOT_SYSTEMATIC_EXHAUSTIVE_REVIEW	NO_EXACT_LOCAL_INVENTORY_MATCH	2	morrison_2024	10.1093/sleep/zsad320	https://pmc.ncbi.nlm.nih.gov/articles/PMC8271146/;https://pmc.ncbi.nlm.nih.gov/articles/PMC11347297/	OUTCOME_SIDE_VALIDATION_OR_PHENOTYPE_SENSITIVITY	UNRESOLVED;NO_PRIORITY_CLAIM	VERSIONED_ESTIMATES_AND_SOURCE_COMPARISON	NO	REPLICATED	Confirm exact source subsets, historical phenotype coding, full 2020/2021 screen supplements and current indexing; author/specialist review required.
insomnia__panukbb_icd10__m51__both_sexes__na__na	insomnia	panukbb_icd10__m51__both_sexes__na__na	M51 Other intervertebral disk disorders	musculoskeletal_pain	0.4201	0.059	1.0562e-12	1.0832820512820514e-11	NO_DIRECT_RG_FOUND	2026-08-29	COMPLETE	PREVIOUSLY_PUBLISHED_SUBSTANTIALLY_SIMILAR	DIRECT_RESULT_TABLE_COMPARATOR_FOUND	2026-10-08	NOT_RERUN_ALL_1200;FOCUSED_DOMAIN_SEARCHES_ONLY	BOUNDED_PRIMARY_TABLE_AND_DOMAIN_AUDIT;NOT_SYSTEMATIC_EXHAUSTIVE_REVIEW	NO_EXACT_LOCAL_INVENTORY_MATCH	1	morrison_2024	10.1093/sleep/zsad320		OUTCOME_SIDE_VALIDATION_OR_PHENOTYPE_SENSITIVITY	UNRESOLVED;NO_PRIORITY_CLAIM	VERSIONED_ESTIMATES_AND_SOURCE_COMPARISON	NO	REPLICATED	Confirm exact source subsets, historical phenotype coding, full 2020/2021 screen supplements and current indexing; author/specialist review required.
insomnia__panukbb_phecode__318__both_sexes__na__na	insomnia	panukbb_phecode__318__both_sexes__na__na	Tobacco use disorder	alcohol_tobacco	0.3873	0.0402	5.9605e-22	1.5549130434782608e-20	NO_DIRECT_RG_FOUND	2026-08-29	COMPLETE	PUBLISHED_ASSOCIATION_SUBSTANTIALLY_SIMILAR_GENETIC_OR_MR_ONLY	NO_COMPARATOR_IN_AUDITED_LOCAL_TABLES	2026-10-08	NOT_RERUN_ALL_1200;FOCUSED_DOMAIN_SEARCHES_ONLY	BOUNDED_PRIMARY_TABLE_AND_DOMAIN_AUDIT;NOT_SYSTEMATIC_EXHAUSTIVE_REVIEW	NO_EXACT_LOCAL_INVENTORY_MATCH	0	NONE_IN_AUDITED_TABLES		10.1093/ntr/nty230;10.1016/j.drugalcdep.2020.108151;10.1016/j.drugalcdep.2020.108313	NOT_ESTABLISHED_BY_THIS_AUDIT	UNRESOLVED;NO_PRIORITY_CLAIM	VERSIONED_ESTIMATES_AND_SOURCE_COMPARISON	NO	REPLICATED	Confirm exact source subsets, historical phenotype coding, full 2020/2021 screen supplements and current indexing; author/specialist review required.
sleepdur__panukbb_icd10__m51__both_sexes__na__na	sleepdur	panukbb_icd10__m51__both_sexes__na__na	M51 Other intervertebral disk disorders	musculoskeletal_pain	-0.1991	0.0484	3.8441e-05	0.00013811137724550898	NO_DIRECT_RG_FOUND	2026-08-29	COMPLETE	PREVIOUSLY_PUBLISHED_SUBSTANTIALLY_SIMILAR	DIRECT_RESULT_TABLE_COMPARATOR_FOUND	2026-10-08	NOT_RERUN_ALL_1200;FOCUSED_DOMAIN_SEARCHES_ONLY	BOUNDED_PRIMARY_TABLE_AND_DOMAIN_AUDIT;NOT_SYSTEMATIC_EXHAUSTIVE_REVIEW	NO_EXACT_LOCAL_INVENTORY_MATCH	1	morrison_2024	10.1093/sleep/zsad320		OUTCOME_SIDE_VALIDATION_OR_PHENOTYPE_SENSITIVITY	UNRESOLVED;NO_PRIORITY_CLAIM	VERSIONED_ESTIMATES_AND_SOURCE_COMPARISON	NO	REPLICATED	Confirm exact source subsets, historical phenotype coding, full 2020/2021 screen supplements and current indexing; author/specialist review required.
shortsleep__panukbb_icd10__j44__both_sexes__na__na	shortsleep	panukbb_icd10__j44__both_sexes__na__na	J44 Other chronic obstructive pulmonary disease	pulmonary	0.4258	0.0549	8.8811e-15	1.171134065934066e-13	NO_DIRECT_RG_FOUND	2026-08-29	COMPLETE	PREVIOUSLY_PUBLISHED_SUBSTANTIALLY_SIMILAR	DIRECT_RESULT_TABLE_COMPARATOR_FOUND	2026-10-08	NOT_RERUN_ALL_1200;FOCUSED_DOMAIN_SEARCHES_ONLY	BOUNDED_PRIMARY_TABLE_AND_DOMAIN_AUDIT;NOT_SYSTEMATIC_EXHAUSTIVE_REVIEW	NO_EXACT_LOCAL_INVENTORY_MATCH	4	multiorgan_2026;sleepchart_2026	10.1038/s41586-026-10524-5;10.1038/s43856-026-01656-w		OUTCOME_SIDE_VALIDATION_OR_PHENOTYPE_SENSITIVITY	UNRESOLVED;NO_PRIORITY_CLAIM	VERSIONED_ESTIMATES_AND_SOURCE_COMPARISON	NO	REPLICATED	Confirm exact source subsets, historical phenotype coding, full 2020/2021 screen supplements and current indexing; author/specialist review required.
shortsleep__panukbb_icd10__k21__both_sexes__na__na	shortsleep	panukbb_icd10__k21__both_sexes__na__na	K21 Gastro-oesophageal reflux disease	gastrointestinal	0.3819	0.0419	8.0363e-20	1.7533745454545455e-18	NO_DIRECT_RG_FOUND	2026-08-29	COMPLETE	PREVIOUSLY_PUBLISHED_SUBSTANTIALLY_SIMILAR	DIRECT_RESULT_TABLE_COMPARATOR_FOUND	2026-10-08	NOT_RERUN_ALL_1200;FOCUSED_DOMAIN_SEARCHES_ONLY	BOUNDED_PRIMARY_TABLE_AND_DOMAIN_AUDIT;NOT_SYSTEMATIC_EXHAUSTIVE_REVIEW	NO_EXACT_LOCAL_INVENTORY_MATCH	4	sleepchart_2026;sun_2022_gerd	10.1038/s41586-026-10524-5;10.3389/fnut.2022.1009122		OUTCOME_SIDE_VALIDATION_OR_PHENOTYPE_SENSITIVITY	UNRESOLVED;NO_PRIORITY_CLAIM	VERSIONED_ESTIMATES_AND_SOURCE_COMPARISON	NO	REPLICATED	Confirm exact source subsets, historical phenotype coding, full 2020/2021 screen supplements and current indexing; author/specialist review required.
shortsleep__panukbb_phecode__558__both_sexes__na__na	shortsleep	panukbb_phecode__558__both_sexes__na__na	Noninfectious gastroenteritis	gastrointestinal	0.4238	0.0503	3.4738e-17	5.871211267605634e-16	NO_DIRECT_RG_FOUND	2026-08-29	COMPLETE	PREVIOUSLY_PUBLISHED_SUBSTANTIALLY_SIMILAR	DIRECT_RESULT_TABLE_COMPARATOR_FOUND	2026-10-08	NOT_RERUN_ALL_1200;FOCUSED_DOMAIN_SEARCHES_ONLY	BOUNDED_PRIMARY_TABLE_AND_DOMAIN_AUDIT;NOT_SYSTEMATIC_EXHAUSTIVE_REVIEW	NO_EXACT_LOCAL_INVENTORY_MATCH	1	sleepchart_2026	10.1038/s41586-026-10524-5		OUTCOME_SIDE_VALIDATION_OR_PHENOTYPE_SENSITIVITY	UNRESOLVED;NO_PRIORITY_CLAIM	VERSIONED_ESTIMATES_AND_SOURCE_COMPARISON	NO	REPLICATED	Confirm exact source subsets, historical phenotype coding, full 2020/2021 screen supplements and current indexing; author/specialist review required.
shortsleep__panukbb_phecode__785__both_sexes__na__na	shortsleep	panukbb_phecode__785__both_sexes__na__na	Abdominal pain	gastrointestinal	0.4071	0.0362	2.3911e-29	1.062711111111111e-27	NO_DIRECT_RG_FOUND	2026-08-29	COMPLETE	PUBLISHED_ASSOCIATION_SUBSTANTIALLY_SIMILAR_GENETIC_OR_MR_ONLY	NO_COMPARATOR_IN_AUDITED_LOCAL_TABLES	2026-10-08	NOT_RERUN_ALL_1200;FOCUSED_DOMAIN_SEARCHES_ONLY	BOUNDED_PRIMARY_TABLE_AND_DOMAIN_AUDIT;NOT_SYSTEMATIC_EXHAUSTIVE_REVIEW	NO_EXACT_LOCAL_INVENTORY_MATCH	0	NONE_IN_AUDITED_TABLES		https://pmc.ncbi.nlm.nih.gov/articles/PMC8271146/;https://pmc.ncbi.nlm.nih.gov/articles/PMC11347297/	NOT_ESTABLISHED_BY_THIS_AUDIT	UNRESOLVED;NO_PRIORITY_CLAIM	VERSIONED_ESTIMATES_AND_SOURCE_COMPARISON	NO	REPLICATED	Confirm exact source subsets, historical phenotype coding, full 2020/2021 screen supplements and current indexing; author/specialist review required.
shortsleep__panukbb_icd10__m51__both_sexes__na__na	shortsleep	panukbb_icd10__m51__both_sexes__na__na	M51 Other intervertebral disk disorders	musculoskeletal_pain	0.3883	0.051	2.7636e-14	3.418886597938144e-13	NO_DIRECT_RG_FOUND	2026-08-29	COMPLETE	PREVIOUSLY_PUBLISHED_SUBSTANTIALLY_SIMILAR	DIRECT_RESULT_TABLE_COMPARATOR_FOUND	2026-10-08	NOT_RERUN_ALL_1200;FOCUSED_DOMAIN_SEARCHES_ONLY	BOUNDED_PRIMARY_TABLE_AND_DOMAIN_AUDIT;NOT_SYSTEMATIC_EXHAUSTIVE_REVIEW	NO_EXACT_LOCAL_INVENTORY_MATCH	2	sleepchart_2026	10.1038/s41586-026-10524-5		OUTCOME_SIDE_VALIDATION_OR_PHENOTYPE_SENSITIVITY	UNRESOLVED;NO_PRIORITY_CLAIM	VERSIONED_ESTIMATES_AND_SOURCE_COMPARISON	NO	REPLICATED	Confirm exact source subsets, historical phenotype coding, full 2020/2021 screen supplements and current indexing; author/specialist review required.
shortsleep__panukbb_phecode__318__both_sexes__na__na	shortsleep	panukbb_phecode__318__both_sexes__na__na	Tobacco use disorder	alcohol_tobacco	0.4414	0.0499	9.0975e-19	1.7328571428571427e-17	NO_DIRECT_RG_FOUND	2026-08-29	COMPLETE	PUBLISHED_ASSOCIATION_SUBSTANTIALLY_SIMILAR_GENETIC_OR_MR_ONLY	NO_COMPARATOR_IN_AUDITED_LOCAL_TABLES	2026-10-08	NOT_RERUN_ALL_1200;FOCUSED_DOMAIN_SEARCHES_ONLY	BOUNDED_PRIMARY_TABLE_AND_DOMAIN_AUDIT;NOT_SYSTEMATIC_EXHAUSTIVE_REVIEW	NO_EXACT_LOCAL_INVENTORY_MATCH	0	NONE_IN_AUDITED_TABLES		10.1093/ntr/nty230;10.1016/j.drugalcdep.2020.108151;10.1016/j.drugalcdep.2020.108313	NOT_ESTABLISHED_BY_THIS_AUDIT	UNRESOLVED;NO_PRIORITY_CLAIM	VERSIONED_ESTIMATES_AND_SOURCE_COMPARISON	NO	REPLICATED	Confirm exact source subsets, historical phenotype coding, full 2020/2021 screen supplements and current indexing; author/specialist review required.
longsleep__panukbb_icd10__j44__both_sexes__na__na	longsleep	panukbb_icd10__j44__both_sexes__na__na	J44 Other chronic obstructive pulmonary disease	pulmonary	0.2811	0.0558	4.6478e-07	2.2580404858299593e-06	NO_DIRECT_RG_FOUND	2026-08-29	COMPLETE	PREVIOUSLY_PUBLISHED_SUBSTANTIALLY_SIMILAR	DIRECT_RESULT_TABLE_COMPARATOR_FOUND	2026-10-08	NOT_RERUN_ALL_1200;FOCUSED_DOMAIN_SEARCHES_ONLY	BOUNDED_PRIMARY_TABLE_AND_DOMAIN_AUDIT;NOT_SYSTEMATIC_EXHAUSTIVE_REVIEW	NO_EXACT_LOCAL_INVENTORY_MATCH	4	multiorgan_2026;sleepchart_2026	10.1038/s41586-026-10524-5;10.1038/s43856-026-01656-w		OUTCOME_SIDE_VALIDATION_OR_PHENOTYPE_SENSITIVITY	UNRESOLVED;NO_PRIORITY_CLAIM	VERSIONED_ESTIMATES_AND_SOURCE_COMPARISON	NO	REPLICATED	Confirm exact source subsets, historical phenotype coding, full 2020/2021 screen supplements and current indexing; author/specialist review required.
longsleep__panukbb_icd10__k21__both_sexes__na__na	longsleep	panukbb_icd10__k21__both_sexes__na__na	K21 Gastro-oesophageal reflux disease	gastrointestinal	0.1971	0.0497	7.3481e-05	0.00024878535211267605	NO_DIRECT_RG_FOUND	2026-08-29	COMPLETE	PREVIOUSLY_PUBLISHED_SUBSTANTIALLY_SIMILAR	DIRECT_RESULT_TABLE_COMPARATOR_FOUND	2026-10-08	NOT_RERUN_ALL_1200;FOCUSED_DOMAIN_SEARCHES_ONLY	BOUNDED_PRIMARY_TABLE_AND_DOMAIN_AUDIT;NOT_SYSTEMATIC_EXHAUSTIVE_REVIEW	NO_EXACT_LOCAL_INVENTORY_MATCH	4	sleepchart_2026;sun_2022_gerd	10.1038/s41586-026-10524-5;10.3389/fnut.2022.1009122		OUTCOME_SIDE_VALIDATION_OR_PHENOTYPE_SENSITIVITY	UNRESOLVED;NO_PRIORITY_CLAIM	VERSIONED_ESTIMATES_AND_SOURCE_COMPARISON	NO	REPLICATED	Confirm exact source subsets, historical phenotype coding, full 2020/2021 screen supplements and current indexing; author/specialist review required.
longsleep__panukbb_phecode__785__both_sexes__na__na	longsleep	panukbb_phecode__785__both_sexes__na__na	Abdominal pain	gastrointestinal	0.3166	0.0461	6.7253e-12	6.256093023255814e-11	NO_DIRECT_RG_FOUND	2026-08-29	COMPLETE	PUBLISHED_ASSOCIATION_SUBSTANTIALLY_SIMILAR_GENETIC_OR_MR_ONLY	NO_COMPARATOR_IN_AUDITED_LOCAL_TABLES	2026-10-08	NOT_RERUN_ALL_1200;FOCUSED_DOMAIN_SEARCHES_ONLY	BOUNDED_PRIMARY_TABLE_AND_DOMAIN_AUDIT;NOT_SYSTEMATIC_EXHAUSTIVE_REVIEW	NO_EXACT_LOCAL_INVENTORY_MATCH	0	NONE_IN_AUDITED_TABLES		https://pmc.ncbi.nlm.nih.gov/articles/PMC8271146/;https://pmc.ncbi.nlm.nih.gov/articles/PMC11347297/	NOT_ESTABLISHED_BY_THIS_AUDIT	UNRESOLVED;NO_PRIORITY_CLAIM	VERSIONED_ESTIMATES_AND_SOURCE_COMPARISON	NO	REPLICATED	Confirm exact source subsets, historical phenotype coding, full 2020/2021 screen supplements and current indexing; author/specialist review required.
longsleep__panukbb_icd10__m51__both_sexes__na__na	longsleep	panukbb_icd10__m51__both_sexes__na__na	M51 Other intervertebral disk disorders	musculoskeletal_pain	0.1994	0.0636	0.0017	0.004415584415584416	NO_DIRECT_RG_FOUND	2026-08-29	COMPLETE	PREVIOUSLY_PUBLISHED_SUBSTANTIALLY_SIMILAR	DIRECT_RESULT_TABLE_COMPARATOR_FOUND	2026-10-08	NOT_RERUN_ALL_1200;FOCUSED_DOMAIN_SEARCHES_ONLY	BOUNDED_PRIMARY_TABLE_AND_DOMAIN_AUDIT;NOT_SYSTEMATIC_EXHAUSTIVE_REVIEW	NO_EXACT_LOCAL_INVENTORY_MATCH	2	sleepchart_2026	10.1038/s41586-026-10524-5		OUTCOME_SIDE_VALIDATION_OR_PHENOTYPE_SENSITIVITY	UNRESOLVED;NO_PRIORITY_CLAIM	VERSIONED_ESTIMATES_AND_SOURCE_COMPARISON	NO	REPLICATED	Confirm exact source subsets, historical phenotype coding, full 2020/2021 screen supplements and current indexing; author/specialist review required.
longsleep__panukbb_phecode__318__both_sexes__na__na	longsleep	panukbb_phecode__318__both_sexes__na__na	Tobacco use disorder	alcohol_tobacco	0.3689	0.0502	1.9411e-13	2.1369908256880735e-12	NO_DIRECT_RG_FOUND	2026-08-29	COMPLETE	PUBLISHED_ASSOCIATION_SUBSTANTIALLY_SIMILAR_GENETIC_OR_MR_ONLY	NO_COMPARATOR_IN_AUDITED_LOCAL_TABLES	2026-10-08	NOT_RERUN_ALL_1200;FOCUSED_DOMAIN_SEARCHES_ONLY	BOUNDED_PRIMARY_TABLE_AND_DOMAIN_AUDIT;NOT_SYSTEMATIC_EXHAUSTIVE_REVIEW	NO_EXACT_LOCAL_INVENTORY_MATCH	0	NONE_IN_AUDITED_TABLES		10.1093/ntr/nty230;10.1016/j.drugalcdep.2020.108151;10.1016/j.drugalcdep.2020.108313	NOT_ESTABLISHED_BY_THIS_AUDIT	UNRESOLVED;NO_PRIORITY_CLAIM	VERSIONED_ESTIMATES_AND_SOURCE_COMPARISON	NO	REPLICATED	Confirm exact source subsets, historical phenotype coding, full 2020/2021 screen supplements and current indexing; author/specialist review required.
napping__panukbb_icd10__k21__both_sexes__na__na	napping	panukbb_icd10__k21__both_sexes__na__na	K21 Gastro-oesophageal reflux disease	gastrointestinal	0.1596	0.0372	1.8229e-05	6.966496815286624e-05	NO_DIRECT_RG_FOUND	2026-08-29	COMPLETE	PREVIOUSLY_PUBLISHED_SUBSTANTIALLY_SIMILAR	DIRECT_RESULT_TABLE_COMPARATOR_FOUND	2026-10-08	NOT_RERUN_ALL_1200;FOCUSED_DOMAIN_SEARCHES_ONLY	BOUNDED_PRIMARY_TABLE_AND_DOMAIN_AUDIT;NOT_SYSTEMATIC_EXHAUSTIVE_REVIEW	NO_EXACT_LOCAL_INVENTORY_MATCH	2	sun_2022_gerd	10.3389/fnut.2022.1009122		OUTCOME_SIDE_VALIDATION_OR_PHENOTYPE_SENSITIVITY	UNRESOLVED;NO_PRIORITY_CLAIM	VERSIONED_ESTIMATES_AND_SOURCE_COMPARISON	NO	REPLICATED	Confirm exact source subsets, historical phenotype coding, full 2020/2021 screen supplements and current indexing; author/specialist review required.
snoring__panukbb_icd10__k21__both_sexes__na__na	snoring	panukbb_icd10__k21__both_sexes__na__na	K21 Gastro-oesophageal reflux disease	gastrointestinal	0.1875	0.0358	1.6487e-07	8.677368421052631e-07	NO_DIRECT_RG_FOUND	2026-08-29	COMPLETE	PUBLISHED_ASSOCIATION_SUBSTANTIALLY_SIMILAR_GENETIC_OR_MR_ONLY	NO_COMPARATOR_IN_AUDITED_LOCAL_TABLES	2026-10-08	NOT_RERUN_ALL_1200;FOCUSED_DOMAIN_SEARCHES_ONLY	BOUNDED_PRIMARY_TABLE_AND_DOMAIN_AUDIT;NOT_SYSTEMATIC_EXHAUSTIVE_REVIEW	NO_EXACT_LOCAL_INVENTORY_MATCH	0	NONE_IN_AUDITED_TABLES		https://pmc.ncbi.nlm.nih.gov/articles/PMC10716286/	NOT_ESTABLISHED_BY_THIS_AUDIT	UNRESOLVED;NO_PRIORITY_CLAIM	VERSIONED_ESTIMATES_AND_SOURCE_COMPARISON	NO	REPLICATED	Confirm exact source subsets, historical phenotype coding, full 2020/2021 screen supplements and current indexing; author/specialist review required.
snoring__panukbb_icd10__k80__both_sexes__na__na	snoring	panukbb_icd10__k80__both_sexes__na__na	K80 Cholelithiasis	gastrointestinal	0.1752	0.0322	5.3837e-08	3.047377358490566e-07	NO_DIRECT_RG_FOUND	2026-08-29	COMPLETE	LITERATURE_COMPARISON_UNRESOLVED	NO_COMPARATOR_IN_AUDITED_LOCAL_TABLES	2026-10-08	NOT_RERUN_ALL_1200;FOCUSED_DOMAIN_SEARCHES_ONLY	BOUNDED_PRIMARY_TABLE_AND_DOMAIN_AUDIT;NOT_SYSTEMATIC_EXHAUSTIVE_REVIEW	NO_EXACT_LOCAL_INVENTORY_MATCH	0	NONE_IN_AUDITED_TABLES			NOT_ESTABLISHED_BY_THIS_AUDIT	UNRESOLVED;NO_PRIORITY_CLAIM	VERSIONED_ESTIMATES_AND_SOURCE_COMPARISON	NO	REPLICATED	Confirm exact source subsets, historical phenotype coding, full 2020/2021 screen supplements and current indexing; author/specialist review required.
sleep_apnea__panukbb_phecode__785__both_sexes__na__na	sleep_apnea	panukbb_phecode__785__both_sexes__na__na	Abdominal pain	gastrointestinal	0.3433	0.0417	1.8596e-16	2.8247088607594935e-15	NO_DIRECT_RG_FOUND	2026-08-29	COMPLETE	LITERATURE_COMPARISON_UNRESOLVED	NO_COMPARATOR_IN_AUDITED_LOCAL_TABLES	2026-10-08	NOT_RERUN_ALL_1200;FOCUSED_DOMAIN_SEARCHES_ONLY	BOUNDED_PRIMARY_TABLE_AND_DOMAIN_AUDIT;NOT_SYSTEMATIC_EXHAUSTIVE_REVIEW	NO_EXACT_LOCAL_INVENTORY_MATCH	0	NONE_IN_AUDITED_TABLES			NOT_ESTABLISHED_BY_THIS_AUDIT	UNRESOLVED;NO_PRIORITY_CLAIM	VERSIONED_ESTIMATES_AND_SOURCE_COMPARISON	NO	REPLICATED	Confirm exact source subsets, historical phenotype coding, full 2020/2021 screen supplements and current indexing; author/specialist review required.
