analysis_id	scope	denominator	n_significant	value	details	design	native_GWAS_rerun
ESTIMATOR_COVARIANCE_GRID	insomnia__panukbb_phecode__785__both_sexes__na__na	1	1	0.02664513869083688	assumed rho=-0.9; not an estimated sample-overlap correction	RETROSPECTIVE_SOURCE_FREE	False
ESTIMATOR_COVARIANCE_GRID	insomnia__panukbb_phecode__785__both_sexes__na__na	1	1	0.012622224922524749	assumed rho=-0.5; not an estimated sample-overlap correction	RETROSPECTIVE_SOURCE_FREE	False
ESTIMATOR_COVARIANCE_GRID	insomnia__panukbb_phecode__785__both_sexes__na__na	1	1	0.0022636074735101048	assumed rho=0; not an estimated sample-overlap correction	RETROSPECTIVE_SOURCE_FREE	False
ESTIMATOR_COVARIANCE_GRID	insomnia__panukbb_phecode__785__both_sexes__na__na	1	1	1.6221603142465113e-05	assumed rho=0.5; not an estimated sample-overlap correction	RETROSPECTIVE_SOURCE_FREE	False
ESTIMATOR_COVARIANCE_GRID	insomnia__panukbb_phecode__785__both_sexes__na__na	1	1	1.6426669263083888e-21	assumed rho=0.9; not an estimated sample-overlap correction	RETROSPECTIVE_SOURCE_FREE	False
ESTIMATOR_COVARIANCE_GRID	insomnia__panukbb_icd10__k21__both_sexes__na__na	1	1	0.031766837649386225	assumed rho=-0.9; not an estimated sample-overlap correction	RETROSPECTIVE_SOURCE_FREE	False
ESTIMATOR_COVARIANCE_GRID	insomnia__panukbb_icd10__k21__both_sexes__na__na	1	1	0.01566031206378211	assumed rho=-0.5; not an estimated sample-overlap correction	RETROSPECTIVE_SOURCE_FREE	False
ESTIMATOR_COVARIANCE_GRID	insomnia__panukbb_icd10__k21__both_sexes__na__na	1	1	0.0030776785336649928	assumed rho=0; not an estimated sample-overlap correction	RETROSPECTIVE_SOURCE_FREE	False
ESTIMATOR_COVARIANCE_GRID	insomnia__panukbb_icd10__k21__both_sexes__na__na	1	1	2.8413430851616595e-05	assumed rho=0.5; not an estimated sample-overlap correction	RETROSPECTIVE_SOURCE_FREE	False
ESTIMATOR_COVARIANCE_GRID	insomnia__panukbb_icd10__k21__both_sexes__na__na	1	1	8.08022993689488e-21	assumed rho=0.9; not an estimated sample-overlap correction	RETROSPECTIVE_SOURCE_FREE	False
ESTIMATOR_COVARIANCE_GRID	insomnia__panukbb_phecode__550_2__both_sexes__na__na	1	1	0.0011233799858762108	assumed rho=-0.9; not an estimated sample-overlap correction	RETROSPECTIVE_SOURCE_FREE	False
ESTIMATOR_COVARIANCE_GRID	insomnia__panukbb_phecode__550_2__both_sexes__na__na	1	1	0.00024640016718644337	assumed rho=-0.5; not an estimated sample-overlap correction	RETROSPECTIVE_SOURCE_FREE	False
ESTIMATOR_COVARIANCE_GRID	insomnia__panukbb_phecode__550_2__both_sexes__na__na	1	1	7.164690138894726e-06	assumed rho=0; not an estimated sample-overlap correction	RETROSPECTIVE_SOURCE_FREE	False
ESTIMATOR_COVARIANCE_GRID	insomnia__panukbb_phecode__550_2__both_sexes__na__na	1	1	2.250678795907725e-10	assumed rho=0.5; not an estimated sample-overlap correction	RETROSPECTIVE_SOURCE_FREE	False
ESTIMATOR_COVARIANCE_GRID	insomnia__panukbb_phecode__550_2__both_sexes__na__na	1	1	3.912004579441659e-45	assumed rho=0.9; not an estimated sample-overlap correction	RETROSPECTIVE_SOURCE_FREE	False
ESTIMATOR_COVARIANCE_GRID	shortsleep__panukbb_phecode__785__both_sexes__na__na	1	0	0.21087711642046023	assumed rho=-0.9; not an estimated sample-overlap correction	RETROSPECTIVE_SOURCE_FREE	False
ESTIMATOR_COVARIANCE_GRID	shortsleep__panukbb_phecode__785__both_sexes__na__na	1	0	0.1590950319517835	assumed rho=-0.5; not an estimated sample-overlap correction	RETROSPECTIVE_SOURCE_FREE	False
ESTIMATOR_COVARIANCE_GRID	shortsleep__panukbb_phecode__785__both_sexes__na__na	1	0	0.08460629095882934	assumed rho=0; not an estimated sample-overlap correction	RETROSPECTIVE_SOURCE_FREE	False
ESTIMATOR_COVARIANCE_GRID	shortsleep__panukbb_phecode__785__both_sexes__na__na	1	1	0.014736717016149984	assumed rho=0.5; not an estimated sample-overlap correction	RETROSPECTIVE_SOURCE_FREE	False
ESTIMATOR_COVARIANCE_GRID	shortsleep__panukbb_phecode__785__both_sexes__na__na	1	1	5.0020062729958674e-08	assumed rho=0.9; not an estimated sample-overlap correction	RETROSPECTIVE_SOURCE_FREE	False
ESTIMATOR_COVARIANCE_GRID	insomnia__panukbb_phecode__558__both_sexes__na__na	1	1	0.04488498809435334	assumed rho=-0.9; not an estimated sample-overlap correction	RETROSPECTIVE_SOURCE_FREE	False
ESTIMATOR_COVARIANCE_GRID	insomnia__panukbb_phecode__558__both_sexes__na__na	1	1	0.024165338508038776	assumed rho=-0.5; not an estimated sample-overlap correction	RETROSPECTIVE_SOURCE_FREE	False
ESTIMATOR_COVARIANCE_GRID	insomnia__panukbb_phecode__558__both_sexes__na__na	1	1	0.005908123387083713	assumed rho=0; not an estimated sample-overlap correction	RETROSPECTIVE_SOURCE_FREE	False
ESTIMATOR_COVARIANCE_GRID	insomnia__panukbb_phecode__558__both_sexes__na__na	1	1	0.00011415261469725821	assumed rho=0.5; not an estimated sample-overlap correction	RETROSPECTIVE_SOURCE_FREE	False
ESTIMATOR_COVARIANCE_GRID	insomnia__panukbb_phecode__558__both_sexes__na__na	1	1	6.870405807259954e-16	assumed rho=0.9; not an estimated sample-overlap correction	RETROSPECTIVE_SOURCE_FREE	False
ESTIMATOR_COVARIANCE_GRID	shortsleep__panukbb_phecode__550_2__both_sexes__na__na	1	1	0.0018507194487315602	assumed rho=-0.9; not an estimated sample-overlap correction	RETROSPECTIVE_SOURCE_FREE	False
ESTIMATOR_COVARIANCE_GRID	shortsleep__panukbb_phecode__550_2__both_sexes__na__na	1	1	0.00046583884608761034	assumed rho=-0.5; not an estimated sample-overlap correction	RETROSPECTIVE_SOURCE_FREE	False
ESTIMATOR_COVARIANCE_GRID	shortsleep__panukbb_phecode__550_2__both_sexes__na__na	1	1	1.9175271727413772e-05	assumed rho=0; not an estimated sample-overlap correction	RETROSPECTIVE_SOURCE_FREE	False
ESTIMATOR_COVARIANCE_GRID	shortsleep__panukbb_phecode__550_2__both_sexes__na__na	1	1	2.0345361168556797e-09	assumed rho=0.5; not an estimated sample-overlap correction	RETROSPECTIVE_SOURCE_FREE	False
ESTIMATOR_COVARIANCE_GRID	shortsleep__panukbb_phecode__550_2__both_sexes__na__na	1	1	1.991018158452159e-36	assumed rho=0.9; not an estimated sample-overlap correction	RETROSPECTIVE_SOURCE_FREE	False
ESTIMATOR_COVARIANCE_GRID	insomnia__panukbb_phecode__318__both_sexes__na__na	1	0	0.7025433576081994	assumed rho=-0.9; not an estimated sample-overlap correction	RETROSPECTIVE_SOURCE_FREE	False
ESTIMATOR_COVARIANCE_GRID	insomnia__panukbb_phecode__318__both_sexes__na__na	1	0	0.6694698624437094	assumed rho=-0.5; not an estimated sample-overlap correction	RETROSPECTIVE_SOURCE_FREE	False
ESTIMATOR_COVARIANCE_GRID	insomnia__panukbb_phecode__318__both_sexes__na__na	1	0	0.6068424388917081	assumed rho=0; not an estimated sample-overlap correction	RETROSPECTIVE_SOURCE_FREE	False
ESTIMATOR_COVARIANCE_GRID	insomnia__panukbb_phecode__318__both_sexes__na__na	1	0	0.48651142789609586	assumed rho=0.5; not an estimated sample-overlap correction	RETROSPECTIVE_SOURCE_FREE	False
ESTIMATOR_COVARIANCE_GRID	insomnia__panukbb_phecode__318__both_sexes__na__na	1	0	0.230680742963666	assumed rho=0.9; not an estimated sample-overlap correction	RETROSPECTIVE_SOURCE_FREE	False
ESTIMATOR_COVARIANCE_GRID	insomnia__panukbb_icd10__j44__both_sexes__na__na	1	0	0.1597459630224787	assumed rho=-0.9; not an estimated sample-overlap correction	RETROSPECTIVE_SOURCE_FREE	False
ESTIMATOR_COVARIANCE_GRID	insomnia__panukbb_icd10__j44__both_sexes__na__na	1	0	0.11507036439716208	assumed rho=-0.5; not an estimated sample-overlap correction	RETROSPECTIVE_SOURCE_FREE	False
ESTIMATOR_COVARIANCE_GRID	insomnia__panukbb_icd10__j44__both_sexes__na__na	1	0	0.05595206146997716	assumed rho=0; not an estimated sample-overlap correction	RETROSPECTIVE_SOURCE_FREE	False
ESTIMATOR_COVARIANCE_GRID	insomnia__panukbb_icd10__j44__both_sexes__na__na	1	1	0.00856997106125228	assumed rho=0.5; not an estimated sample-overlap correction	RETROSPECTIVE_SOURCE_FREE	False
ESTIMATOR_COVARIANCE_GRID	insomnia__panukbb_icd10__j44__both_sexes__na__na	1	1	9.193474868598483e-07	assumed rho=0.9; not an estimated sample-overlap correction	RETROSPECTIVE_SOURCE_FREE	False
ESTIMATOR_COVARIANCE_GRID	shortsleep__panukbb_icd10__k21__both_sexes__na__na	1	1	0.014044700065369436	assumed rho=-0.9; not an estimated sample-overlap correction	RETROSPECTIVE_SOURCE_FREE	False
ESTIMATOR_COVARIANCE_GRID	shortsleep__panukbb_icd10__k21__both_sexes__na__na	1	1	0.005748416272479608	assumed rho=-0.5; not an estimated sample-overlap correction	RETROSPECTIVE_SOURCE_FREE	False
ESTIMATOR_COVARIANCE_GRID	shortsleep__panukbb_icd10__k21__both_sexes__na__na	1	1	0.000737251658440472	assumed rho=0; not an estimated sample-overlap correction	RETROSPECTIVE_SOURCE_FREE	False
ESTIMATOR_COVARIANCE_GRID	shortsleep__panukbb_icd10__k21__both_sexes__na__na	1	1	2.1010331362388648e-06	assumed rho=0.5; not an estimated sample-overlap correction	RETROSPECTIVE_SOURCE_FREE	False
ESTIMATOR_COVARIANCE_GRID	shortsleep__panukbb_icd10__k21__both_sexes__na__na	1	1	4.883469392154981e-24	assumed rho=0.9; not an estimated sample-overlap correction	RETROSPECTIVE_SOURCE_FREE	False
ESTIMATOR_COVARIANCE_GRID	shortsleep__panukbb_phecode__318__both_sexes__na__na	1	0	0.47926907804911834	assumed rho=-0.9; not an estimated sample-overlap correction	RETROSPECTIVE_SOURCE_FREE	False
ESTIMATOR_COVARIANCE_GRID	shortsleep__panukbb_phecode__318__both_sexes__na__na	1	0	0.4271665958173754	assumed rho=-0.5; not an estimated sample-overlap correction	RETROSPECTIVE_SOURCE_FREE	False
ESTIMATOR_COVARIANCE_GRID	shortsleep__panukbb_phecode__318__both_sexes__na__na	1	0	0.3339333292869818	assumed rho=0; not an estimated sample-overlap correction	RETROSPECTIVE_SOURCE_FREE	False
ESTIMATOR_COVARIANCE_GRID	shortsleep__panukbb_phecode__318__both_sexes__na__na	1	0	0.17999443821672603	assumed rho=0.5; not an estimated sample-overlap correction	RETROSPECTIVE_SOURCE_FREE	False
ESTIMATOR_COVARIANCE_GRID	shortsleep__panukbb_phecode__318__both_sexes__na__na	1	1	0.008495152438892593	assumed rho=0.9; not an estimated sample-overlap correction	RETROSPECTIVE_SOURCE_FREE	False
ESTIMATOR_COVARIANCE_GRID	shortsleep__panukbb_phecode__558__both_sexes__na__na	1	1	0.031332671996980296	assumed rho=-0.9; not an estimated sample-overlap correction	RETROSPECTIVE_SOURCE_FREE	False
ESTIMATOR_COVARIANCE_GRID	shortsleep__panukbb_phecode__558__both_sexes__na__na	1	1	0.015409146829084477	assumed rho=-0.5; not an estimated sample-overlap correction	RETROSPECTIVE_SOURCE_FREE	False
ESTIMATOR_COVARIANCE_GRID	shortsleep__panukbb_phecode__558__both_sexes__na__na	1	1	0.0030149942507251165	assumed rho=0; not an estimated sample-overlap correction	RETROSPECTIVE_SOURCE_FREE	False
ESTIMATOR_COVARIANCE_GRID	shortsleep__panukbb_phecode__558__both_sexes__na__na	1	1	2.7759667512617442e-05	assumed rho=0.5; not an estimated sample-overlap correction	RETROSPECTIVE_SOURCE_FREE	False
ESTIMATOR_COVARIANCE_GRID	shortsleep__panukbb_phecode__558__both_sexes__na__na	1	1	1.3338043578852549e-20	assumed rho=0.9; not an estimated sample-overlap correction	RETROSPECTIVE_SOURCE_FREE	False
ESTIMATOR_COVARIANCE_GRID	sleep_apnea__panukbb_phecode__785__both_sexes__na__na	1	0	0.562620752823838	assumed rho=-0.9; not an estimated sample-overlap correction	RETROSPECTIVE_SOURCE_FREE	False
ESTIMATOR_COVARIANCE_GRID	sleep_apnea__panukbb_phecode__785__both_sexes__na__na	1	0	0.5147321079129661	assumed rho=-0.5; not an estimated sample-overlap correction	RETROSPECTIVE_SOURCE_FREE	False
ESTIMATOR_COVARIANCE_GRID	sleep_apnea__panukbb_phecode__785__both_sexes__na__na	1	0	0.4250995042083389	assumed rho=0; not an estimated sample-overlap correction	RETROSPECTIVE_SOURCE_FREE	False
ESTIMATOR_COVARIANCE_GRID	sleep_apnea__panukbb_phecode__785__both_sexes__na__na	1	0	0.2598633119133806	assumed rho=0.5; not an estimated sample-overlap correction	RETROSPECTIVE_SOURCE_FREE	False
ESTIMATOR_COVARIANCE_GRID	sleep_apnea__panukbb_phecode__785__both_sexes__na__na	1	1	0.012523878886274029	assumed rho=0.9; not an estimated sample-overlap correction	RETROSPECTIVE_SOURCE_FREE	False
ESTIMATOR_COVARIANCE_GRID	shortsleep__panukbb_icd10__j44__both_sexes__na__na	1	0	0.05134962637918174	assumed rho=-0.9; not an estimated sample-overlap correction	RETROSPECTIVE_SOURCE_FREE	False
ESTIMATOR_COVARIANCE_GRID	shortsleep__panukbb_icd10__j44__both_sexes__na__na	1	1	0.029673037472801266	assumed rho=-0.5; not an estimated sample-overlap correction	RETROSPECTIVE_SOURCE_FREE	False
ESTIMATOR_COVARIANCE_GRID	shortsleep__panukbb_icd10__j44__both_sexes__na__na	1	1	0.009020213675615125	assumed rho=0; not an estimated sample-overlap correction	RETROSPECTIVE_SOURCE_FREE	False
ESTIMATOR_COVARIANCE_GRID	shortsleep__panukbb_icd10__j44__both_sexes__na__na	1	1	0.0004717761846345626	assumed rho=0.5; not an estimated sample-overlap correction	RETROSPECTIVE_SOURCE_FREE	False
ESTIMATOR_COVARIANCE_GRID	shortsleep__panukbb_icd10__j44__both_sexes__na__na	1	1	7.452360248914876e-09	assumed rho=0.9; not an estimated sample-overlap correction	RETROSPECTIVE_SOURCE_FREE	False
ESTIMATOR_COVARIANCE_GRID	shortsleep__panukbb_icd10__m51__both_sexes__na__na	1	0	0.23600189608654681	assumed rho=-0.9; not an estimated sample-overlap correction	RETROSPECTIVE_SOURCE_FREE	False
ESTIMATOR_COVARIANCE_GRID	shortsleep__panukbb_icd10__m51__both_sexes__na__na	1	0	0.18683681257521662	assumed rho=-0.5; not an estimated sample-overlap correction	RETROSPECTIVE_SOURCE_FREE	False
ESTIMATOR_COVARIANCE_GRID	shortsleep__panukbb_icd10__m51__both_sexes__na__na	1	0	0.11439782550514954	assumed rho=0; not an estimated sample-overlap correction	RETROSPECTIVE_SOURCE_FREE	False
ESTIMATOR_COVARIANCE_GRID	shortsleep__panukbb_icd10__m51__both_sexes__na__na	1	1	0.036447402473033484	assumed rho=0.5; not an estimated sample-overlap correction	RETROSPECTIVE_SOURCE_FREE	False
ESTIMATOR_COVARIANCE_GRID	shortsleep__panukbb_icd10__m51__both_sexes__na__na	1	1	0.0008784484246891984	assumed rho=0.9; not an estimated sample-overlap correction	RETROSPECTIVE_SOURCE_FREE	False
ESTIMATOR_COVARIANCE_GRID	longsleep__panukbb_phecode__318__both_sexes__na__na	1	0	0.7106363176021895	assumed rho=-0.9; not an estimated sample-overlap correction	RETROSPECTIVE_SOURCE_FREE	False
ESTIMATOR_COVARIANCE_GRID	longsleep__panukbb_phecode__318__both_sexes__na__na	1	0	0.6784479066098823	assumed rho=-0.5; not an estimated sample-overlap correction	RETROSPECTIVE_SOURCE_FREE	False
ESTIMATOR_COVARIANCE_GRID	longsleep__panukbb_phecode__318__both_sexes__na__na	1	0	0.6174768747337601	assumed rho=0; not an estimated sample-overlap correction	RETROSPECTIVE_SOURCE_FREE	False
ESTIMATOR_COVARIANCE_GRID	longsleep__panukbb_phecode__318__both_sexes__na__na	1	0	0.5002054207406904	assumed rho=0.5; not an estimated sample-overlap correction	RETROSPECTIVE_SOURCE_FREE	False
ESTIMATOR_COVARIANCE_GRID	longsleep__panukbb_phecode__318__both_sexes__na__na	1	0	0.2491813048849622	assumed rho=0.9; not an estimated sample-overlap correction	RETROSPECTIVE_SOURCE_FREE	False
ESTIMATOR_COVARIANCE_GRID	snoring__panukbb_phecode__550_2__both_sexes__na__na	1	1	0.018567605143301722	assumed rho=-0.9; not an estimated sample-overlap correction	RETROSPECTIVE_SOURCE_FREE	False
ESTIMATOR_COVARIANCE_GRID	snoring__panukbb_phecode__550_2__both_sexes__na__na	1	1	0.008070721956495946	assumed rho=-0.5; not an estimated sample-overlap correction	RETROSPECTIVE_SOURCE_FREE	False
ESTIMATOR_COVARIANCE_GRID	snoring__panukbb_phecode__550_2__both_sexes__na__na	1	1	0.0011809815862968162	assumed rho=0; not an estimated sample-overlap correction	RETROSPECTIVE_SOURCE_FREE	False
ESTIMATOR_COVARIANCE_GRID	snoring__panukbb_phecode__550_2__both_sexes__na__na	1	1	4.593808540764749e-06	assumed rho=0.5; not an estimated sample-overlap correction	RETROSPECTIVE_SOURCE_FREE	False
ESTIMATOR_COVARIANCE_GRID	snoring__panukbb_phecode__550_2__both_sexes__na__na	1	1	2.7116365588076307e-24	assumed rho=0.9; not an estimated sample-overlap correction	RETROSPECTIVE_SOURCE_FREE	False
ESTIMATOR_COVARIANCE_GRID	insomnia__panukbb_icd10__m51__both_sexes__na__na	1	0	0.5157422180618872	assumed rho=-0.9; not an estimated sample-overlap correction	RETROSPECTIVE_SOURCE_FREE	False
ESTIMATOR_COVARIANCE_GRID	insomnia__panukbb_icd10__m51__both_sexes__na__na	1	0	0.4727732986021773	assumed rho=-0.5; not an estimated sample-overlap correction	RETROSPECTIVE_SOURCE_FREE	False
ESTIMATOR_COVARIANCE_GRID	insomnia__panukbb_icd10__m51__both_sexes__na__na	1	0	0.3989531798205028	assumed rho=0; not an estimated sample-overlap correction	RETROSPECTIVE_SOURCE_FREE	False
ESTIMATOR_COVARIANCE_GRID	insomnia__panukbb_icd10__m51__both_sexes__na__na	1	0	0.2839821548369952	assumed rho=0.5; not an estimated sample-overlap correction	RETROSPECTIVE_SOURCE_FREE	False
ESTIMATOR_COVARIANCE_GRID	insomnia__panukbb_icd10__m51__both_sexes__na__na	1	0	0.13325264122415764	assumed rho=0.9; not an estimated sample-overlap correction	RETROSPECTIVE_SOURCE_FREE	False
ESTIMATOR_COVARIANCE_GRID	longsleep__panukbb_phecode__785__both_sexes__na__na	1	0	0.504152136335986	assumed rho=-0.9; not an estimated sample-overlap correction	RETROSPECTIVE_SOURCE_FREE	False
ESTIMATOR_COVARIANCE_GRID	longsleep__panukbb_phecode__785__both_sexes__na__na	1	0	0.45220874491458873	assumed rho=-0.5; not an estimated sample-overlap correction	RETROSPECTIVE_SOURCE_FREE	False
ESTIMATOR_COVARIANCE_GRID	longsleep__panukbb_phecode__785__both_sexes__na__na	1	0	0.3572726025480855	assumed rho=0; not an estimated sample-overlap correction	RETROSPECTIVE_SOURCE_FREE	False
ESTIMATOR_COVARIANCE_GRID	longsleep__panukbb_phecode__785__both_sexes__na__na	1	0	0.1931174511345763	assumed rho=0.5; not an estimated sample-overlap correction	RETROSPECTIVE_SOURCE_FREE	False
ESTIMATOR_COVARIANCE_GRID	longsleep__panukbb_phecode__785__both_sexes__na__na	1	1	0.0037131440226796405	assumed rho=0.9; not an estimated sample-overlap correction	RETROSPECTIVE_SOURCE_FREE	False
ESTIMATOR_COVARIANCE_GRID	longsleep__panukbb_phecode__550_2__both_sexes__na__na	1	0	0.2704928663046823	assumed rho=-0.9; not an estimated sample-overlap correction	RETROSPECTIVE_SOURCE_FREE	False
ESTIMATOR_COVARIANCE_GRID	longsleep__panukbb_phecode__550_2__both_sexes__na__na	1	0	0.21535468440540298	assumed rho=-0.5; not an estimated sample-overlap correction	RETROSPECTIVE_SOURCE_FREE	False
ESTIMATOR_COVARIANCE_GRID	longsleep__panukbb_phecode__550_2__both_sexes__na__na	1	0	0.13004026709778072	assumed rho=0; not an estimated sample-overlap correction	RETROSPECTIVE_SOURCE_FREE	False
ESTIMATOR_COVARIANCE_GRID	longsleep__panukbb_phecode__550_2__both_sexes__na__na	1	1	0.033465565150055165	assumed rho=0.5; not an estimated sample-overlap correction	RETROSPECTIVE_SOURCE_FREE	False
ESTIMATOR_COVARIANCE_GRID	longsleep__panukbb_phecode__550_2__both_sexes__na__na	1	1	6.303853193872927e-06	assumed rho=0.9; not an estimated sample-overlap correction	RETROSPECTIVE_SOURCE_FREE	False
ESTIMATOR_COVARIANCE_GRID	snoring__panukbb_icd10__k80__both_sexes__na__na	1	0	0.5042677641907707	assumed rho=-0.9; not an estimated sample-overlap correction	RETROSPECTIVE_SOURCE_FREE	False
ESTIMATOR_COVARIANCE_GRID	snoring__panukbb_icd10__k80__both_sexes__na__na	1	0	0.45365260041465816	assumed rho=-0.5; not an estimated sample-overlap correction	RETROSPECTIVE_SOURCE_FREE	False
ESTIMATOR_COVARIANCE_GRID	snoring__panukbb_icd10__k80__both_sexes__na__na	1	0	0.362110719100712	assumed rho=0; not an estimated sample-overlap correction	RETROSPECTIVE_SOURCE_FREE	False
ESTIMATOR_COVARIANCE_GRID	snoring__panukbb_icd10__k80__both_sexes__na__na	1	0	0.20666469269850668	assumed rho=0.5; not an estimated sample-overlap correction	RETROSPECTIVE_SOURCE_FREE	False
ESTIMATOR_COVARIANCE_GRID	snoring__panukbb_icd10__k80__both_sexes__na__na	1	1	0.013989284995283598	assumed rho=0.9; not an estimated sample-overlap correction	RETROSPECTIVE_SOURCE_FREE	False
ESTIMATOR_COVARIANCE_GRID	insomnia__panukbb_icd10__k80__both_sexes__na__na	1	1	0.0364459080425277	assumed rho=-0.9; not an estimated sample-overlap correction	RETROSPECTIVE_SOURCE_FREE	False
ESTIMATOR_COVARIANCE_GRID	insomnia__panukbb_icd10__k80__both_sexes__na__na	1	1	0.018984879095892592	assumed rho=-0.5; not an estimated sample-overlap correction	RETROSPECTIVE_SOURCE_FREE	False
ESTIMATOR_COVARIANCE_GRID	insomnia__panukbb_icd10__k80__both_sexes__na__na	1	1	0.004390825041749546	assumed rho=0; not an estimated sample-overlap correction	RETROSPECTIVE_SOURCE_FREE	False
ESTIMATOR_COVARIANCE_GRID	insomnia__panukbb_icd10__k80__both_sexes__na__na	1	1	8.493013827912147e-05	assumed rho=0.5; not an estimated sample-overlap correction	RETROSPECTIVE_SOURCE_FREE	False
ESTIMATOR_COVARIANCE_GRID	insomnia__panukbb_icd10__k80__both_sexes__na__na	1	1	8.449707152329453e-14	assumed rho=0.9; not an estimated sample-overlap correction	RETROSPECTIVE_SOURCE_FREE	False
ESTIMATOR_COVARIANCE_GRID	snoring__panukbb_icd10__k21__both_sexes__na__na	1	0	0.40042281421339654	assumed rho=-0.9; not an estimated sample-overlap correction	RETROSPECTIVE_SOURCE_FREE	False
ESTIMATOR_COVARIANCE_GRID	snoring__panukbb_icd10__k21__both_sexes__na__na	1	0	0.34426735342791986	assumed rho=-0.5; not an estimated sample-overlap correction	RETROSPECTIVE_SOURCE_FREE	False
ESTIMATOR_COVARIANCE_GRID	snoring__panukbb_icd10__k21__both_sexes__na__na	1	0	0.24743851174717998	assumed rho=0; not an estimated sample-overlap correction	RETROSPECTIVE_SOURCE_FREE	False
ESTIMATOR_COVARIANCE_GRID	snoring__panukbb_icd10__k21__both_sexes__na__na	1	0	0.10344109636003068	assumed rho=0.5; not an estimated sample-overlap correction	RETROSPECTIVE_SOURCE_FREE	False
ESTIMATOR_COVARIANCE_GRID	snoring__panukbb_icd10__k21__both_sexes__na__na	1	1	0.00043410178481764213	assumed rho=0.9; not an estimated sample-overlap correction	RETROSPECTIVE_SOURCE_FREE	False
ESTIMATOR_COVARIANCE_GRID	napping__panukbb_phecode__318__both_sexes__na__na	1	0	0.9338557877763405	assumed rho=-0.9; not an estimated sample-overlap correction	RETROSPECTIVE_SOURCE_FREE	False
ESTIMATOR_COVARIANCE_GRID	napping__panukbb_phecode__318__both_sexes__na__na	1	0	0.9263279277859802	assumed rho=-0.5; not an estimated sample-overlap correction	RETROSPECTIVE_SOURCE_FREE	False
ESTIMATOR_COVARIANCE_GRID	napping__panukbb_phecode__318__both_sexes__na__na	1	0	0.9119000326247226	assumed rho=0; not an estimated sample-overlap correction	RETROSPECTIVE_SOURCE_FREE	False
ESTIMATOR_COVARIANCE_GRID	napping__panukbb_phecode__318__both_sexes__na__na	1	0	0.8833057109212443	assumed rho=0.5; not an estimated sample-overlap correction	RETROSPECTIVE_SOURCE_FREE	False
ESTIMATOR_COVARIANCE_GRID	napping__panukbb_phecode__318__both_sexes__na__na	1	0	0.8146627866757429	assumed rho=0.9; not an estimated sample-overlap correction	RETROSPECTIVE_SOURCE_FREE	False
ESTIMATOR_COVARIANCE_GRID	longsleep__panukbb_icd10__j44__both_sexes__na__na	1	0	0.8754312945952687	assumed rho=-0.9; not an estimated sample-overlap correction	RETROSPECTIVE_SOURCE_FREE	False
ESTIMATOR_COVARIANCE_GRID	longsleep__panukbb_icd10__j44__both_sexes__na__na	1	0	0.860210884391205	assumed rho=-0.5; not an estimated sample-overlap correction	RETROSPECTIVE_SOURCE_FREE	False
ESTIMATOR_COVARIANCE_GRID	longsleep__panukbb_icd10__j44__both_sexes__na__na	1	0	0.8299653641221012	assumed rho=0; not an estimated sample-overlap correction	RETROSPECTIVE_SOURCE_FREE	False
ESTIMATOR_COVARIANCE_GRID	longsleep__panukbb_icd10__j44__both_sexes__na__na	1	0	0.7643173566230714	assumed rho=0.5; not an estimated sample-overlap correction	RETROSPECTIVE_SOURCE_FREE	False
ESTIMATOR_COVARIANCE_GRID	longsleep__panukbb_icd10__j44__both_sexes__na__na	1	0	0.541067442803437	assumed rho=0.9; not an estimated sample-overlap correction	RETROSPECTIVE_SOURCE_FREE	False
ESTIMATOR_COVARIANCE_GRID	sleepdur__panukbb_icd10__k21__both_sexes__na__na	1	0	0.09656531616440106	assumed rho=-0.9; not an estimated sample-overlap correction	RETROSPECTIVE_SOURCE_FREE	False
ESTIMATOR_COVARIANCE_GRID	sleepdur__panukbb_icd10__k21__both_sexes__na__na	1	0	0.06145418335600051	assumed rho=-0.5; not an estimated sample-overlap correction	RETROSPECTIVE_SOURCE_FREE	False
ESTIMATOR_COVARIANCE_GRID	sleepdur__panukbb_icd10__k21__both_sexes__na__na	1	1	0.021992210650729625	assumed rho=0; not an estimated sample-overlap correction	RETROSPECTIVE_SOURCE_FREE	False
ESTIMATOR_COVARIANCE_GRID	sleepdur__panukbb_icd10__k21__both_sexes__na__na	1	1	0.0011989742671747708	assumed rho=0.5; not an estimated sample-overlap correction	RETROSPECTIVE_SOURCE_FREE	False
ESTIMATOR_COVARIANCE_GRID	sleepdur__panukbb_icd10__k21__both_sexes__na__na	1	1	4.471036993918038e-13	assumed rho=0.9; not an estimated sample-overlap correction	RETROSPECTIVE_SOURCE_FREE	False
ESTIMATOR_COVARIANCE_GRID	sleepdur__panukbb_phecode__785__both_sexes__na__na	1	0	0.5012365851407828	assumed rho=-0.9; not an estimated sample-overlap correction	RETROSPECTIVE_SOURCE_FREE	False
ESTIMATOR_COVARIANCE_GRID	sleepdur__panukbb_phecode__785__both_sexes__na__na	1	0	0.4491212648269739	assumed rho=-0.5; not an estimated sample-overlap correction	RETROSPECTIVE_SOURCE_FREE	False
ESTIMATOR_COVARIANCE_GRID	sleepdur__panukbb_phecode__785__both_sexes__na__na	1	0	0.354000264091062	assumed rho=0; not an estimated sample-overlap correction	RETROSPECTIVE_SOURCE_FREE	False
ESTIMATOR_COVARIANCE_GRID	sleepdur__panukbb_phecode__785__both_sexes__na__na	1	0	0.1901170381522466	assumed rho=0.5; not an estimated sample-overlap correction	RETROSPECTIVE_SOURCE_FREE	False
ESTIMATOR_COVARIANCE_GRID	sleepdur__panukbb_phecode__785__both_sexes__na__na	1	1	0.003498913592546514	assumed rho=0.9; not an estimated sample-overlap correction	RETROSPECTIVE_SOURCE_FREE	False
ESTIMATOR_COVARIANCE_GRID	sleepdur__panukbb_phecode__558__both_sexes__na__na	1	0	0.11237371351094798	assumed rho=-0.9; not an estimated sample-overlap correction	RETROSPECTIVE_SOURCE_FREE	False
ESTIMATOR_COVARIANCE_GRID	sleepdur__panukbb_phecode__558__both_sexes__na__na	1	0	0.07414921131672157	assumed rho=-0.5; not an estimated sample-overlap correction	RETROSPECTIVE_SOURCE_FREE	False
ESTIMATOR_COVARIANCE_GRID	sleepdur__panukbb_phecode__558__both_sexes__na__na	1	1	0.028976824543138078	assumed rho=0; not an estimated sample-overlap correction	RETROSPECTIVE_SOURCE_FREE	False
ESTIMATOR_COVARIANCE_GRID	sleepdur__panukbb_phecode__558__both_sexes__na__na	1	1	0.002106143945398027	assumed rho=0.5; not an estimated sample-overlap correction	RETROSPECTIVE_SOURCE_FREE	False
ESTIMATOR_COVARIANCE_GRID	sleepdur__panukbb_phecode__558__both_sexes__na__na	1	1	2.9875225907352406e-11	assumed rho=0.9; not an estimated sample-overlap correction	RETROSPECTIVE_SOURCE_FREE	False
ESTIMATOR_COVARIANCE_GRID	shortsleep__panukbb_icd10__k80__both_sexes__na__na	1	0	0.11862327405597578	assumed rho=-0.9; not an estimated sample-overlap correction	RETROSPECTIVE_SOURCE_FREE	False
ESTIMATOR_COVARIANCE_GRID	shortsleep__panukbb_icd10__k80__both_sexes__na__na	1	0	0.0800018209529023	assumed rho=-0.5; not an estimated sample-overlap correction	RETROSPECTIVE_SOURCE_FREE	False
ESTIMATOR_COVARIANCE_GRID	shortsleep__panukbb_icd10__k80__both_sexes__na__na	1	1	0.03335145716837857	assumed rho=0; not an estimated sample-overlap correction	RETROSPECTIVE_SOURCE_FREE	False
ESTIMATOR_COVARIANCE_GRID	shortsleep__panukbb_icd10__k80__both_sexes__na__na	1	1	0.0032498353058522307	assumed rho=0.5; not an estimated sample-overlap correction	RETROSPECTIVE_SOURCE_FREE	False
ESTIMATOR_COVARIANCE_GRID	shortsleep__panukbb_icd10__k80__both_sexes__na__na	1	1	1.4401621770821241e-08	assumed rho=0.9; not an estimated sample-overlap correction	RETROSPECTIVE_SOURCE_FREE	False
ESTIMATOR_COVARIANCE_GRID	longsleep__panukbb_phecode__594__both_sexes__na__na	1	0	0.17451779851025884	assumed rho=-0.9; not an estimated sample-overlap correction	RETROSPECTIVE_SOURCE_FREE	False
ESTIMATOR_COVARIANCE_GRID	longsleep__panukbb_phecode__594__both_sexes__na__na	1	0	0.12707465263287754	assumed rho=-0.5; not an estimated sample-overlap correction	RETROSPECTIVE_SOURCE_FREE	False
ESTIMATOR_COVARIANCE_GRID	longsleep__panukbb_phecode__594__both_sexes__na__na	1	0	0.06266198076198241	assumed rho=0; not an estimated sample-overlap correction	RETROSPECTIVE_SOURCE_FREE	False
ESTIMATOR_COVARIANCE_GRID	longsleep__panukbb_phecode__594__both_sexes__na__na	1	1	0.00923072651460013	assumed rho=0.5; not an estimated sample-overlap correction	RETROSPECTIVE_SOURCE_FREE	False
ESTIMATOR_COVARIANCE_GRID	longsleep__panukbb_phecode__594__both_sexes__na__na	1	1	8.058154626573852e-08	assumed rho=0.9; not an estimated sample-overlap correction	RETROSPECTIVE_SOURCE_FREE	False
ESTIMATOR_COVARIANCE_GRID	snoring__panukbb_phecode__318__both_sexes__na__na	1	0	0.7432557811789778	assumed rho=-0.9; not an estimated sample-overlap correction	RETROSPECTIVE_SOURCE_FREE	False
ESTIMATOR_COVARIANCE_GRID	snoring__panukbb_phecode__318__both_sexes__na__na	1	0	0.7153974569142203	assumed rho=-0.5; not an estimated sample-overlap correction	RETROSPECTIVE_SOURCE_FREE	False
ESTIMATOR_COVARIANCE_GRID	snoring__panukbb_phecode__318__both_sexes__na__na	1	0	0.6632149673831518	assumed rho=0; not an estimated sample-overlap correction	RETROSPECTIVE_SOURCE_FREE	False
ESTIMATOR_COVARIANCE_GRID	snoring__panukbb_phecode__318__both_sexes__na__na	1	0	0.5652748226097318	assumed rho=0.5; not an estimated sample-overlap correction	RETROSPECTIVE_SOURCE_FREE	False
ESTIMATOR_COVARIANCE_GRID	snoring__panukbb_phecode__318__both_sexes__na__na	1	0	0.3663135922943213	assumed rho=0.9; not an estimated sample-overlap correction	RETROSPECTIVE_SOURCE_FREE	False
ESTIMATOR_COVARIANCE_GRID	napping__panukbb_icd10__k21__both_sexes__na__na	1	0	0.9056732961924174	assumed rho=-0.9; not an estimated sample-overlap correction	RETROSPECTIVE_SOURCE_FREE	False
ESTIMATOR_COVARIANCE_GRID	napping__panukbb_icd10__k21__both_sexes__na__na	1	0	0.8942202896587982	assumed rho=-0.5; not an estimated sample-overlap correction	RETROSPECTIVE_SOURCE_FREE	False
ESTIMATOR_COVARIANCE_GRID	napping__panukbb_icd10__k21__both_sexes__na__na	1	0	0.8715368514781795	assumed rho=0; not an estimated sample-overlap correction	RETROSPECTIVE_SOURCE_FREE	False
ESTIMATOR_COVARIANCE_GRID	napping__panukbb_icd10__k21__both_sexes__na__na	1	0	0.8227290081833113	assumed rho=0.5; not an estimated sample-overlap correction	RETROSPECTIVE_SOURCE_FREE	False
ESTIMATOR_COVARIANCE_GRID	napping__panukbb_icd10__k21__both_sexes__na__na	1	0	0.663068942772133	assumed rho=0.9; not an estimated sample-overlap correction	RETROSPECTIVE_SOURCE_FREE	False
ESTIMATOR_COVARIANCE_GRID	sleepdur__panukbb_icd10__m51__both_sexes__na__na	1	0	0.4678346494161438	assumed rho=-0.9; not an estimated sample-overlap correction	RETROSPECTIVE_SOURCE_FREE	False
ESTIMATOR_COVARIANCE_GRID	sleepdur__panukbb_icd10__m51__both_sexes__na__na	1	0	0.4178342456204933	assumed rho=-0.5; not an estimated sample-overlap correction	RETROSPECTIVE_SOURCE_FREE	False
ESTIMATOR_COVARIANCE_GRID	sleepdur__panukbb_icd10__m51__both_sexes__na__na	1	0	0.33055238294873	assumed rho=0; not an estimated sample-overlap correction	RETROSPECTIVE_SOURCE_FREE	False
ESTIMATOR_COVARIANCE_GRID	sleepdur__panukbb_icd10__m51__both_sexes__na__na	1	0	0.19260121700192073	assumed rho=0.5; not an estimated sample-overlap correction	RETROSPECTIVE_SOURCE_FREE	False
ESTIMATOR_COVARIANCE_GRID	sleepdur__panukbb_icd10__m51__both_sexes__na__na	1	1	0.03115165821111189	assumed rho=0.9; not an estimated sample-overlap correction	RETROSPECTIVE_SOURCE_FREE	False
ESTIMATOR_COVARIANCE_GRID	longsleep__panukbb_icd10__k80__both_sexes__na__na	1	0	0.1315112117124389	assumed rho=-0.9; not an estimated sample-overlap correction	RETROSPECTIVE_SOURCE_FREE	False
ESTIMATOR_COVARIANCE_GRID	longsleep__panukbb_icd10__k80__both_sexes__na__na	1	0	0.09071307516484738	assumed rho=-0.5; not an estimated sample-overlap correction	RETROSPECTIVE_SOURCE_FREE	False
ESTIMATOR_COVARIANCE_GRID	longsleep__panukbb_icd10__k80__both_sexes__na__na	1	1	0.03983827030484407	assumed rho=0; not an estimated sample-overlap correction	RETROSPECTIVE_SOURCE_FREE	False
ESTIMATOR_COVARIANCE_GRID	longsleep__panukbb_icd10__k80__both_sexes__na__na	1	1	0.004506584678191009	assumed rho=0.5; not an estimated sample-overlap correction	RETROSPECTIVE_SOURCE_FREE	False
ESTIMATOR_COVARIANCE_GRID	longsleep__panukbb_icd10__k80__both_sexes__na__na	1	1	5.246761061431651e-08	assumed rho=0.9; not an estimated sample-overlap correction	RETROSPECTIVE_SOURCE_FREE	False
ESTIMATOR_COVARIANCE_GRID	shortsleep__panukbb_phecode__594__both_sexes__na__na	1	0	0.28532240196943065	assumed rho=-0.9; not an estimated sample-overlap correction	RETROSPECTIVE_SOURCE_FREE	False
ESTIMATOR_COVARIANCE_GRID	shortsleep__panukbb_phecode__594__both_sexes__na__na	1	0	0.23053457073248926	assumed rho=-0.5; not an estimated sample-overlap correction	RETROSPECTIVE_SOURCE_FREE	False
ESTIMATOR_COVARIANCE_GRID	shortsleep__panukbb_phecode__594__both_sexes__na__na	1	0	0.14473049574104785	assumed rho=0; not an estimated sample-overlap correction	RETROSPECTIVE_SOURCE_FREE	False
ESTIMATOR_COVARIANCE_GRID	shortsleep__panukbb_phecode__594__both_sexes__na__na	1	1	0.04322354420450235	assumed rho=0.5; not an estimated sample-overlap correction	RETROSPECTIVE_SOURCE_FREE	False
ESTIMATOR_COVARIANCE_GRID	shortsleep__panukbb_phecode__594__both_sexes__na__na	1	1	8.057802706576246e-05	assumed rho=0.9; not an estimated sample-overlap correction	RETROSPECTIVE_SOURCE_FREE	False
ESTIMATOR_COVARIANCE_GRID	longsleep__panukbb_icd10__k21__both_sexes__na__na	1	0	0.802795687463886	assumed rho=-0.9; not an estimated sample-overlap correction	RETROSPECTIVE_SOURCE_FREE	False
ESTIMATOR_COVARIANCE_GRID	longsleep__panukbb_icd10__k21__both_sexes__na__na	1	0	0.7786644358471019	assumed rho=-0.5; not an estimated sample-overlap correction	RETROSPECTIVE_SOURCE_FREE	False
ESTIMATOR_COVARIANCE_GRID	longsleep__panukbb_icd10__k21__both_sexes__na__na	1	0	0.7306814802785556	assumed rho=0; not an estimated sample-overlap correction	RETROSPECTIVE_SOURCE_FREE	False
ESTIMATOR_COVARIANCE_GRID	longsleep__panukbb_icd10__k21__both_sexes__na__na	1	0	0.6264232091350824	assumed rho=0.5; not an estimated sample-overlap correction	RETROSPECTIVE_SOURCE_FREE	False
ESTIMATOR_COVARIANCE_GRID	longsleep__panukbb_icd10__k21__both_sexes__na__na	1	0	0.27665151603067734	assumed rho=0.9; not an estimated sample-overlap correction	RETROSPECTIVE_SOURCE_FREE	False
ESTIMATOR_COVARIANCE_GRID	longsleep__panukbb_phecode__558__both_sexes__na__na	1	0	0.4890806053678989	assumed rho=-0.9; not an estimated sample-overlap correction	RETROSPECTIVE_SOURCE_FREE	False
ESTIMATOR_COVARIANCE_GRID	longsleep__panukbb_phecode__558__both_sexes__na__na	1	0	0.4370582495889664	assumed rho=-0.5; not an estimated sample-overlap correction	RETROSPECTIVE_SOURCE_FREE	False
ESTIMATOR_COVARIANCE_GRID	longsleep__panukbb_phecode__558__both_sexes__na__na	1	0	0.3432213558137407	assumed rho=0; not an estimated sample-overlap correction	RETROSPECTIVE_SOURCE_FREE	False
ESTIMATOR_COVARIANCE_GRID	longsleep__panukbb_phecode__558__both_sexes__na__na	1	0	0.1855685588092862	assumed rho=0.5; not an estimated sample-overlap correction	RETROSPECTIVE_SOURCE_FREE	False
ESTIMATOR_COVARIANCE_GRID	longsleep__panukbb_phecode__558__both_sexes__na__na	1	1	0.006821051616806639	assumed rho=0.9; not an estimated sample-overlap correction	RETROSPECTIVE_SOURCE_FREE	False
ESTIMATOR_COVARIANCE_GRID	sleepdur__panukbb_icd10__j44__both_sexes__na__na	1	0	0.12957670438485036	assumed rho=-0.9; not an estimated sample-overlap correction	RETROSPECTIVE_SOURCE_FREE	False
ESTIMATOR_COVARIANCE_GRID	sleepdur__panukbb_icd10__j44__both_sexes__na__na	1	0	0.09059684685180837	assumed rho=-0.5; not an estimated sample-overlap correction	RETROSPECTIVE_SOURCE_FREE	False
ESTIMATOR_COVARIANCE_GRID	sleepdur__panukbb_icd10__j44__both_sexes__na__na	1	1	0.041918313090187564	assumed rho=0; not an estimated sample-overlap correction	RETROSPECTIVE_SOURCE_FREE	False
ESTIMATOR_COVARIANCE_GRID	sleepdur__panukbb_icd10__j44__both_sexes__na__na	1	1	0.006313283107238175	assumed rho=0.5; not an estimated sample-overlap correction	RETROSPECTIVE_SOURCE_FREE	False
ESTIMATOR_COVARIANCE_GRID	sleepdur__panukbb_icd10__j44__both_sexes__na__na	1	1	5.037883984452539e-06	assumed rho=0.9; not an estimated sample-overlap correction	RETROSPECTIVE_SOURCE_FREE	False
ESTIMATOR_COVARIANCE_GRID	sleepdur__panukbb_phecode__318__both_sexes__na__na	1	0	0.5031451490651041	assumed rho=-0.9; not an estimated sample-overlap correction	RETROSPECTIVE_SOURCE_FREE	False
ESTIMATOR_COVARIANCE_GRID	sleepdur__panukbb_phecode__318__both_sexes__na__na	1	0	0.45188787058402774	assumed rho=-0.5; not an estimated sample-overlap correction	RETROSPECTIVE_SOURCE_FREE	False
ESTIMATOR_COVARIANCE_GRID	sleepdur__panukbb_phecode__318__both_sexes__na__na	1	0	0.35880482279557113	assumed rho=0; not an estimated sample-overlap correction	RETROSPECTIVE_SOURCE_FREE	False
ESTIMATOR_COVARIANCE_GRID	sleepdur__panukbb_phecode__318__both_sexes__na__na	1	0	0.1996897755082611	assumed rho=0.5; not an estimated sample-overlap correction	RETROSPECTIVE_SOURCE_FREE	False
ESTIMATOR_COVARIANCE_GRID	sleepdur__panukbb_phecode__318__both_sexes__na__na	1	1	0.008504790496686936	assumed rho=0.9; not an estimated sample-overlap correction	RETROSPECTIVE_SOURCE_FREE	False
ESTIMATOR_COVARIANCE_GRID	snoring__panukbb_phecode__558__both_sexes__na__na	1	0	0.1518795605645512	assumed rho=-0.9; not an estimated sample-overlap correction	RETROSPECTIVE_SOURCE_FREE	False
ESTIMATOR_COVARIANCE_GRID	snoring__panukbb_phecode__558__both_sexes__na__na	1	0	0.10711738745230455	assumed rho=-0.5; not an estimated sample-overlap correction	RETROSPECTIVE_SOURCE_FREE	False
ESTIMATOR_COVARIANCE_GRID	snoring__panukbb_phecode__558__both_sexes__na__na	1	1	0.04891729747221655	assumed rho=0; not an estimated sample-overlap correction	RETROSPECTIVE_SOURCE_FREE	False
ESTIMATOR_COVARIANCE_GRID	snoring__panukbb_phecode__558__both_sexes__na__na	1	1	0.00564297471467113	assumed rho=0.5; not an estimated sample-overlap correction	RETROSPECTIVE_SOURCE_FREE	False
ESTIMATOR_COVARIANCE_GRID	snoring__panukbb_phecode__558__both_sexes__na__na	1	1	3.5223927405028626e-09	assumed rho=0.9; not an estimated sample-overlap correction	RETROSPECTIVE_SOURCE_FREE	False
ESTIMATOR_COVARIANCE_GRID	longsleep__panukbb_icd10__m51__both_sexes__na__na	1	0	0.9415845433754009	assumed rho=-0.9; not an estimated sample-overlap correction	RETROSPECTIVE_SOURCE_FREE	False
ESTIMATOR_COVARIANCE_GRID	longsleep__panukbb_icd10__m51__both_sexes__na__na	1	0	0.9349895326888195	assumed rho=-0.5; not an estimated sample-overlap correction	RETROSPECTIVE_SOURCE_FREE	False
ESTIMATOR_COVARIANCE_GRID	longsleep__panukbb_icd10__m51__both_sexes__na__na	1	0	0.922398543087382	assumed rho=0; not an estimated sample-overlap correction	RETROSPECTIVE_SOURCE_FREE	False
ESTIMATOR_COVARIANCE_GRID	longsleep__panukbb_icd10__m51__both_sexes__na__na	1	0	0.897674517716766	assumed rho=0.5; not an estimated sample-overlap correction	RETROSPECTIVE_SOURCE_FREE	False
ESTIMATOR_COVARIANCE_GRID	longsleep__panukbb_icd10__m51__both_sexes__na__na	1	0	0.8400070141123566	assumed rho=0.9; not an estimated sample-overlap correction	RETROSPECTIVE_SOURCE_FREE	False
ESTIMATOR_COVARIANCE_GRID	sleep_timing__panukbb_icd10__k21__both_sexes__na__na	1	0	0.4286956095518317	assumed rho=-0.9; not an estimated sample-overlap correction	RETROSPECTIVE_SOURCE_FREE	False
ESTIMATOR_COVARIANCE_GRID	sleep_timing__panukbb_icd10__k21__both_sexes__na__na	1	0	0.3731424575473008	assumed rho=-0.5; not an estimated sample-overlap correction	RETROSPECTIVE_SOURCE_FREE	False
ESTIMATOR_COVARIANCE_GRID	sleep_timing__panukbb_icd10__k21__both_sexes__na__na	1	0	0.27552881200132756	assumed rho=0; not an estimated sample-overlap correction	RETROSPECTIVE_SOURCE_FREE	False
ESTIMATOR_COVARIANCE_GRID	sleep_timing__panukbb_icd10__k21__both_sexes__na__na	1	0	0.1234055890345978	assumed rho=0.5; not an estimated sample-overlap correction	RETROSPECTIVE_SOURCE_FREE	False
ESTIMATOR_COVARIANCE_GRID	sleep_timing__panukbb_icd10__k21__both_sexes__na__na	1	1	0.0006276842713252347	assumed rho=0.9; not an estimated sample-overlap correction	RETROSPECTIVE_SOURCE_FREE	False
BH_PRECISION	ORIGINAL_PRINTED_P	1200	603	NA	Family fixed at1200; historical decisions preserved	RETROSPECTIVE_SOURCE_FREE	False
BH_PRECISION	PRINTED_Z_NORMAL_TAIL	1200	603	NA	Family fixed at1200; historical decisions preserved	RETROSPECTIVE_SOURCE_FREE	False
BH_PRECISION	PRINTED_RG_SE_NORMAL_TAIL	1200	603	NA	Family fixed at1200; historical decisions preserved	RETROSPECTIVE_SOURCE_FREE	False
BH_ROUNDING_BOUNDS	MOST_SIGNIFICANT_COMPATIBLE_RG_SE	1200	603	NA	Assumes nearest four-decimal rg/se print; all1200 family fixed	RETROSPECTIVE_SOURCE_FREE	False
BH_ROUNDING_BOUNDS	LEAST_SIGNIFICANT_COMPATIBLE_RG_SE	1200	603	NA	Assumes nearest four-decimal rg/se print; all1200 family fixed	RETROSPECTIVE_SOURCE_FREE	False
DISCOVERY_BONFERRONI	ALL1200	1200	337	4.166666666666667e-05	Retrospective stricter threshold, not replacement primary analysis	RETROSPECTIVE_SOURCE_FREE	False
MEASUREMENT_STRATIFICATION	SELF_REPORT	800	474	NA	Uses full1200 BH labels; measurement categories from source panel	RETROSPECTIVE_SOURCE_FREE	False
MEASUREMENT_STRATIFICATION	ACCELEROMETER	300	61	NA	Uses full1200 BH labels; measurement categories from source panel	RETROSPECTIVE_SOURCE_FREE	False
MEASUREMENT_STRATIFICATION	REGISTER_DIAGNOSIS	100	68	NA	Uses full1200 BH labels; measurement categories from source panel	RETROSPECTIVE_SOURCE_FREE	False
DOMAIN_STRATIFICATION	alcohol_tobacco	48	35	4	Counts correlated pairs, not independent biological discoveries	RETROSPECTIVE_SOURCE_FREE	False
DOMAIN_STRATIFICATION	allergy_infectious	72	33	6	Counts correlated pairs, not independent biological discoveries	RETROSPECTIVE_SOURCE_FREE	False
DOMAIN_STRATIFICATION	cognitive	60	26	5	Counts correlated pairs, not independent biological discoveries	RETROSPECTIVE_SOURCE_FREE	False
DOMAIN_STRATIFICATION	diet	60	39	5	Counts correlated pairs, not independent biological discoveries	RETROSPECTIVE_SOURCE_FREE	False
DOMAIN_STRATIFICATION	digital_environment	48	20	4	Counts correlated pairs, not independent biological discoveries	RETROSPECTIVE_SOURCE_FREE	False
DOMAIN_STRATIFICATION	early_life	36	12	3	Counts correlated pairs, not independent biological discoveries	RETROSPECTIVE_SOURCE_FREE	False
DOMAIN_STRATIFICATION	gastrointestinal	96	54	8	Counts correlated pairs, not independent biological discoveries	RETROSPECTIVE_SOURCE_FREE	False
DOMAIN_STRATIFICATION	medication_use	120	61	10	Counts correlated pairs, not independent biological discoveries	RETROSPECTIVE_SOURCE_FREE	False
DOMAIN_STRATIFICATION	mental_psychosocial	96	60	8	Counts correlated pairs, not independent biological discoveries	RETROSPECTIVE_SOURCE_FREE	False
DOMAIN_STRATIFICATION	molecular_biomarker	24	7	2	Counts correlated pairs, not independent biological discoveries	RETROSPECTIVE_SOURCE_FREE	False
DOMAIN_STRATIFICATION	musculoskeletal_pain	120	59	10	Counts correlated pairs, not independent biological discoveries	RETROSPECTIVE_SOURCE_FREE	False
DOMAIN_STRATIFICATION	oral_dental	48	30	4	Counts correlated pairs, not independent biological discoveries	RETROSPECTIVE_SOURCE_FREE	False
DOMAIN_STRATIFICATION	other_clinical	60	25	5	Counts correlated pairs, not independent biological discoveries	RETROSPECTIVE_SOURCE_FREE	False
DOMAIN_STRATIFICATION	physical_activity	60	36	5	Counts correlated pairs, not independent biological discoveries	RETROSPECTIVE_SOURCE_FREE	False
DOMAIN_STRATIFICATION	pulmonary	48	27	4	Counts correlated pairs, not independent biological discoveries	RETROSPECTIVE_SOURCE_FREE	False
DOMAIN_STRATIFICATION	renal_urinary	48	26	4	Counts correlated pairs, not independent biological discoveries	RETROSPECTIVE_SOURCE_FREE	False
DOMAIN_STRATIFICATION	sensory	96	21	8	Counts correlated pairs, not independent biological discoveries	RETROSPECTIVE_SOURCE_FREE	False
DOMAIN_STRATIFICATION	socioeconomic_occupational	60	32	5	Counts correlated pairs, not independent biological discoveries	RETROSPECTIVE_SOURCE_FREE	False
PHENOTYPE_DEFINITION	EXACT	37	18	NA	Same frozen217 alpha; descriptive subgroup only	RETROSPECTIVE_SOURCE_FREE	False
PHENOTYPE_DEFINITION	COMPARABLE_WITH_DOCUMENTED_DIFFERENCES	21	5	NA	Same frozen217 alpha; descriptive subgroup only	RETROSPECTIVE_SOURCE_FREE	False
CROSS_TRAIT_INTERCEPT_DIAGNOSTIC	insomnia	100	67	0.119	Nominal intercept diagnostics; do not establish absence of overlap or estimator covariance	RETROSPECTIVE_SOURCE_FREE	False
CROSS_TRAIT_INTERCEPT_DIAGNOSTIC	sleepdur	100	40	0.0515	Nominal intercept diagnostics; do not establish absence of overlap or estimator covariance	RETROSPECTIVE_SOURCE_FREE	False
CROSS_TRAIT_INTERCEPT_DIAGNOSTIC	shortsleep	100	80	0.0869	Nominal intercept diagnostics; do not establish absence of overlap or estimator covariance	RETROSPECTIVE_SOURCE_FREE	False
CROSS_TRAIT_INTERCEPT_DIAGNOSTIC	longsleep	100	75	0.0882	Nominal intercept diagnostics; do not establish absence of overlap or estimator covariance	RETROSPECTIVE_SOURCE_FREE	False
CROSS_TRAIT_INTERCEPT_DIAGNOSTIC	chronotype	100	56	0.0661	Nominal intercept diagnostics; do not establish absence of overlap or estimator covariance	RETROSPECTIVE_SOURCE_FREE	False
CROSS_TRAIT_INTERCEPT_DIAGNOSTIC	sleepiness	100	80	0.1061	Nominal intercept diagnostics; do not establish absence of overlap or estimator covariance	RETROSPECTIVE_SOURCE_FREE	False
CROSS_TRAIT_INTERCEPT_DIAGNOSTIC	napping	100	80	0.1386	Nominal intercept diagnostics; do not establish absence of overlap or estimator covariance	RETROSPECTIVE_SOURCE_FREE	False
CROSS_TRAIT_INTERCEPT_DIAGNOSTIC	snoring	100	61	0.0757	Nominal intercept diagnostics; do not establish absence of overlap or estimator covariance	RETROSPECTIVE_SOURCE_FREE	False
CROSS_TRAIT_INTERCEPT_DIAGNOSTIC	sleep_apnea	100	9	0.0161	Nominal intercept diagnostics; do not establish absence of overlap or estimator covariance	RETROSPECTIVE_SOURCE_FREE	False
CROSS_TRAIT_INTERCEPT_DIAGNOSTIC	sleep_efficiency	100	28	0.0338	Nominal intercept diagnostics; do not establish absence of overlap or estimator covariance	RETROSPECTIVE_SOURCE_FREE	False
CROSS_TRAIT_INTERCEPT_DIAGNOSTIC	accel_sleep_duration	100	13	0.0208	Nominal intercept diagnostics; do not establish absence of overlap or estimator covariance	RETROSPECTIVE_SOURCE_FREE	False
CROSS_TRAIT_INTERCEPT_DIAGNOSTIC	sleep_timing	100	23	0.0303	Nominal intercept diagnostics; do not establish absence of overlap or estimator covariance	RETROSPECTIVE_SOURCE_FREE	False
HETEROGENEITY_GRID_SUMMARY	all_tested_rho=-0.9	41	9	1	value gives Bonferroni count across41; nominal n_significant; hypothetical covariance	RETROSPECTIVE_SOURCE_FREE	False
HETEROGENEITY_GRID_SUMMARY	all_tested_rho=-0.5	41	10	2	value gives Bonferroni count across41; nominal n_significant; hypothetical covariance	RETROSPECTIVE_SOURCE_FREE	False
HETEROGENEITY_GRID_SUMMARY	all_tested_rho=0	41	16	4	value gives Bonferroni count across41; nominal n_significant; hypothetical covariance	RETROSPECTIVE_SOURCE_FREE	False
HETEROGENEITY_GRID_SUMMARY	all_tested_rho=0.5	41	22	11	value gives Bonferroni count across41; nominal n_significant; hypothetical covariance	RETROSPECTIVE_SOURCE_FREE	False
HETEROGENEITY_GRID_SUMMARY	all_tested_rho=0.9	41	32	24	value gives Bonferroni count across41; nominal n_significant; hypothetical covariance	RETROSPECTIVE_SOURCE_FREE	False
SLEEP_PROFILE_SIMILARITY	panukbb_icd10__j44__both_sexes__na__na versus panukbb_icd10__k21__both_sexes__na__na	12	NA	0.9725886069679338	Pearson similarity across12 discovery sleep rg point estimates; descriptive, NOT phenotype genetic correlation; no P value or independence claim	RETROSPECTIVE_SOURCE_FREE	False
SLEEP_PROFILE_SIMILARITY	panukbb_icd10__j44__both_sexes__na__na versus panukbb_icd10__k80__both_sexes__na__na	12	NA	0.8547855469202967	Pearson similarity across12 discovery sleep rg point estimates; descriptive, NOT phenotype genetic correlation; no P value or independence claim	RETROSPECTIVE_SOURCE_FREE	False
SLEEP_PROFILE_SIMILARITY	panukbb_icd10__j44__both_sexes__na__na versus panukbb_icd10__m51__both_sexes__na__na	12	NA	0.9419416254771672	Pearson similarity across12 discovery sleep rg point estimates; descriptive, NOT phenotype genetic correlation; no P value or independence claim	RETROSPECTIVE_SOURCE_FREE	False
SLEEP_PROFILE_SIMILARITY	panukbb_icd10__j44__both_sexes__na__na versus panukbb_phecode__318__both_sexes__na__na	12	NA	0.9283664485142773	Pearson similarity across12 discovery sleep rg point estimates; descriptive, NOT phenotype genetic correlation; no P value or independence claim	RETROSPECTIVE_SOURCE_FREE	False
SLEEP_PROFILE_SIMILARITY	panukbb_icd10__j44__both_sexes__na__na versus panukbb_phecode__550_2__both_sexes__na__na	12	NA	0.9702338266846193	Pearson similarity across12 discovery sleep rg point estimates; descriptive, NOT phenotype genetic correlation; no P value or independence claim	RETROSPECTIVE_SOURCE_FREE	False
SLEEP_PROFILE_SIMILARITY	panukbb_icd10__j44__both_sexes__na__na versus panukbb_phecode__558__both_sexes__na__na	12	NA	0.9758706000738939	Pearson similarity across12 discovery sleep rg point estimates; descriptive, NOT phenotype genetic correlation; no P value or independence claim	RETROSPECTIVE_SOURCE_FREE	False
SLEEP_PROFILE_SIMILARITY	panukbb_icd10__j44__both_sexes__na__na versus panukbb_phecode__785__both_sexes__na__na	12	NA	0.9633377327871655	Pearson similarity across12 discovery sleep rg point estimates; descriptive, NOT phenotype genetic correlation; no P value or independence claim	RETROSPECTIVE_SOURCE_FREE	False
SLEEP_PROFILE_SIMILARITY	panukbb_icd10__k21__both_sexes__na__na versus panukbb_icd10__k80__both_sexes__na__na	12	NA	0.8623292863716611	Pearson similarity across12 discovery sleep rg point estimates; descriptive, NOT phenotype genetic correlation; no P value or independence claim	RETROSPECTIVE_SOURCE_FREE	False
SLEEP_PROFILE_SIMILARITY	panukbb_icd10__k21__both_sexes__na__na versus panukbb_icd10__m51__both_sexes__na__na	12	NA	0.916764621964965	Pearson similarity across12 discovery sleep rg point estimates; descriptive, NOT phenotype genetic correlation; no P value or independence claim	RETROSPECTIVE_SOURCE_FREE	False
SLEEP_PROFILE_SIMILARITY	panukbb_icd10__k21__both_sexes__na__na versus panukbb_phecode__318__both_sexes__na__na	12	NA	0.8943735353968898	Pearson similarity across12 discovery sleep rg point estimates; descriptive, NOT phenotype genetic correlation; no P value or independence claim	RETROSPECTIVE_SOURCE_FREE	False
SLEEP_PROFILE_SIMILARITY	panukbb_icd10__k21__both_sexes__na__na versus panukbb_phecode__550_2__both_sexes__na__na	12	NA	0.9850629294352001	Pearson similarity across12 discovery sleep rg point estimates; descriptive, NOT phenotype genetic correlation; no P value or independence claim	RETROSPECTIVE_SOURCE_FREE	False
SLEEP_PROFILE_SIMILARITY	panukbb_icd10__k21__both_sexes__na__na versus panukbb_phecode__558__both_sexes__na__na	12	NA	0.9585788072981877	Pearson similarity across12 discovery sleep rg point estimates; descriptive, NOT phenotype genetic correlation; no P value or independence claim	RETROSPECTIVE_SOURCE_FREE	False
SLEEP_PROFILE_SIMILARITY	panukbb_icd10__k21__both_sexes__na__na versus panukbb_phecode__785__both_sexes__na__na	12	NA	0.9518294055655873	Pearson similarity across12 discovery sleep rg point estimates; descriptive, NOT phenotype genetic correlation; no P value or independence claim	RETROSPECTIVE_SOURCE_FREE	False
SLEEP_PROFILE_SIMILARITY	panukbb_icd10__k80__both_sexes__na__na versus panukbb_icd10__m51__both_sexes__na__na	12	NA	0.7751958657245437	Pearson similarity across12 discovery sleep rg point estimates; descriptive, NOT phenotype genetic correlation; no P value or independence claim	RETROSPECTIVE_SOURCE_FREE	False
SLEEP_PROFILE_SIMILARITY	panukbb_icd10__k80__both_sexes__na__na versus panukbb_phecode__318__both_sexes__na__na	12	NA	0.8966966442474801	Pearson similarity across12 discovery sleep rg point estimates; descriptive, NOT phenotype genetic correlation; no P value or independence claim	RETROSPECTIVE_SOURCE_FREE	False
SLEEP_PROFILE_SIMILARITY	panukbb_icd10__k80__both_sexes__na__na versus panukbb_phecode__550_2__both_sexes__na__na	12	NA	0.9145277800823053	Pearson similarity across12 discovery sleep rg point estimates; descriptive, NOT phenotype genetic correlation; no P value or independence claim	RETROSPECTIVE_SOURCE_FREE	False
SLEEP_PROFILE_SIMILARITY	panukbb_icd10__k80__both_sexes__na__na versus panukbb_phecode__558__both_sexes__na__na	12	NA	0.799161056606305	Pearson similarity across12 discovery sleep rg point estimates; descriptive, NOT phenotype genetic correlation; no P value or independence claim	RETROSPECTIVE_SOURCE_FREE	False
SLEEP_PROFILE_SIMILARITY	panukbb_icd10__k80__both_sexes__na__na versus panukbb_phecode__785__both_sexes__na__na	12	NA	0.8529366092207608	Pearson similarity across12 discovery sleep rg point estimates; descriptive, NOT phenotype genetic correlation; no P value or independence claim	RETROSPECTIVE_SOURCE_FREE	False
SLEEP_PROFILE_SIMILARITY	panukbb_icd10__m51__both_sexes__na__na versus panukbb_phecode__318__both_sexes__na__na	12	NA	0.8063917599295253	Pearson similarity across12 discovery sleep rg point estimates; descriptive, NOT phenotype genetic correlation; no P value or independence claim	RETROSPECTIVE_SOURCE_FREE	False
SLEEP_PROFILE_SIMILARITY	panukbb_icd10__m51__both_sexes__na__na versus panukbb_phecode__550_2__both_sexes__na__na	12	NA	0.896160680491999	Pearson similarity across12 discovery sleep rg point estimates; descriptive, NOT phenotype genetic correlation; no P value or independence claim	RETROSPECTIVE_SOURCE_FREE	False
SLEEP_PROFILE_SIMILARITY	panukbb_icd10__m51__both_sexes__na__na versus panukbb_phecode__558__both_sexes__na__na	12	NA	0.936790258400749	Pearson similarity across12 discovery sleep rg point estimates; descriptive, NOT phenotype genetic correlation; no P value or independence claim	RETROSPECTIVE_SOURCE_FREE	False
SLEEP_PROFILE_SIMILARITY	panukbb_icd10__m51__both_sexes__na__na versus panukbb_phecode__785__both_sexes__na__na	12	NA	0.9029603943281473	Pearson similarity across12 discovery sleep rg point estimates; descriptive, NOT phenotype genetic correlation; no P value or independence claim	RETROSPECTIVE_SOURCE_FREE	False
SLEEP_PROFILE_SIMILARITY	panukbb_phecode__318__both_sexes__na__na versus panukbb_phecode__550_2__both_sexes__na__na	12	NA	0.9376110044092755	Pearson similarity across12 discovery sleep rg point estimates; descriptive, NOT phenotype genetic correlation; no P value or independence claim	RETROSPECTIVE_SOURCE_FREE	False
SLEEP_PROFILE_SIMILARITY	panukbb_phecode__318__both_sexes__na__na versus panukbb_phecode__558__both_sexes__na__na	12	NA	0.9000249696375054	Pearson similarity across12 discovery sleep rg point estimates; descriptive, NOT phenotype genetic correlation; no P value or independence claim	RETROSPECTIVE_SOURCE_FREE	False
SLEEP_PROFILE_SIMILARITY	panukbb_phecode__318__both_sexes__na__na versus panukbb_phecode__785__both_sexes__na__na	12	NA	0.9433499779504979	Pearson similarity across12 discovery sleep rg point estimates; descriptive, NOT phenotype genetic correlation; no P value or independence claim	RETROSPECTIVE_SOURCE_FREE	False
SLEEP_PROFILE_SIMILARITY	panukbb_phecode__550_2__both_sexes__na__na versus panukbb_phecode__558__both_sexes__na__na	12	NA	0.9507470577367394	Pearson similarity across12 discovery sleep rg point estimates; descriptive, NOT phenotype genetic correlation; no P value or independence claim	RETROSPECTIVE_SOURCE_FREE	False
SLEEP_PROFILE_SIMILARITY	panukbb_phecode__550_2__both_sexes__na__na versus panukbb_phecode__785__both_sexes__na__na	12	NA	0.9587739802577661	Pearson similarity across12 discovery sleep rg point estimates; descriptive, NOT phenotype genetic correlation; no P value or independence claim	RETROSPECTIVE_SOURCE_FREE	False
SLEEP_PROFILE_SIMILARITY	panukbb_phecode__558__both_sexes__na__na versus panukbb_phecode__785__both_sexes__na__na	12	NA	0.9793522594969448	Pearson similarity across12 discovery sleep rg point estimates; descriptive, NOT phenotype genetic correlation; no P value or independence claim	RETROSPECTIVE_SOURCE_FREE	False
NEGATIVE_DISCOVERY	FDR_NOT_SIGNIFICANT	1200	597	NA	Failure to reject; neither proof of biological absence nor equivalence	RETROSPECTIVE_SOURCE_FREE	False
NEGATIVE_VALIDATION	TESTED_NOT_BONFERRONI_SIGNIFICANT	41	18	NA	Concordant nonconfirmation; no direction failures observed	RETROSPECTIVE_SOURCE_FREE	False
