manuscript_label	existing_figure_name	numerical_sources	supported_value_count	interpretive_scope	existing_visual_QA	pdf_path	pdf_SHA256	svg_path	svg_SHA256	png_path	png_SHA256	supplementary_data_label	existing_index_selected_page	identifier_basis
Main Figure 1	01_native_evidence_flow_v4	"[{""path"": ""/Users/swethasunilkumar/Documents/Codex/2026-10-08/go/work/sleep-gwas-atlas/sleep_unified_research_v4/logs/native190_root_independent_completion_addendum_v4.json"", ""SHA256"": ""afaf006dfc2a4ca7870558442c2ea478e102f6597e7eefbb47e95dc359d5722b""}, {""path"": ""/Users/swethasunilkumar/Documents/Codex/2026-10-08/go/work/sleep-gwas-atlas/sleep_unified_research_v4/tables/core_native_full_precision_rg_v4.tsv"", ""SHA256"": ""1928f02fdf9a56b37afdd67f7fb117dcae198098994236452d50cde04b355c77""}, {""path"": ""/Users/swethasunilkumar/Documents/Codex/2026-10-08/go/work/sleep-gwas-atlas/sleep_unified_research_v4/tables/extension_native_full_precision_rg_v4.tsv"", ""SHA256"": ""c7551a1d3e246234289865469729618e61bdb6c35c19cffd8b5946a61a06b85b""}, {""path"": ""/Users/swethasunilkumar/Documents/Codex/2026-10-08/go/work/sleep-gwas-atlas/sleep_unified_research_v4/tables/validation_native_full_precision_rg_v4.tsv"", ""SHA256"": ""794dc2f951268d673d667e8e5d2cab1558fc9cf34e06673e5e2fe8e2979ee65b""}, {""path"": ""/Users/swethasunilkumar/Documents/Codex/2026-10-08/go/work/sleep-gwas-atlas/sleep_unified_research_v4/reviews/independent_whole_validation_classification217_v4.tsv"", ""SHA256"": ""275461355e650d4e467601d97b450403e123a32c710d3fdd7549fc2f65199b06""}]"	1795	Verified marginal estimates and frozen QC; no comparative P or causal claim; native processed-input counts only; rawsource chain incomplete;17QC=9Z+8intercept	PASS	/Users/swethasunilkumar/Documents/Codex/2026-10-08/go/work/sleep-gwas-atlas/sleep_unified_research_v4/figures/compact_research_v4_1/01_native_evidence_flow_v4.pdf	fcbea658e19eaf92d03e318db2d72aab577a9dfa2aee38c0468915f16264b1fd	/Users/swethasunilkumar/Documents/Codex/2026-10-08/go/work/sleep-gwas-atlas/sleep_unified_research_v4/figures/compact_research_v4_1/01_native_evidence_flow_v4.svg	2a6dd7ddd6fa261b0e3ce08559b66b5ece5eaeb39e1c48abe821e6f9778661f2	/Users/swethasunilkumar/Documents/Codex/2026-10-08/go/work/sleep-gwas-atlas/sleep_unified_research_v4/figures/compact_research_v4_1/01_native_evidence_flow_v4.png	39314d6ea4dc4965731e1d5b4369cc7be5570b5a48d8f3e9035ff9046b4a68a6	Completion tables/classification	21	scientific_figure_index_v4_4.tsv:selected_page; not a page position in any combined PDF
Main Figure 2	02_core_native_compact_v4_page01	"[{""path"": ""/Users/swethasunilkumar/Documents/Codex/2026-10-08/go/work/sleep-gwas-atlas/sleep_unified_research_v4/tables/core_native_full_precision_rg_v4.tsv"", ""SHA256"": ""1928f02fdf9a56b37afdd67f7fb117dcae198098994236452d50cde04b355c77""}]"	132	Verified marginal estimates and frozen QC; no comparative P or causal claim	PASS	/Users/swethasunilkumar/Documents/Codex/2026-10-08/go/work/sleep-gwas-atlas/sleep_unified_research_v4/figures/compact_research_v4_1/02_core_native_compact_v4_page01.pdf	f927d84c81fa7d9521517c16e65aa482198963b7c8ae04e48cd84e27d1bbd7c6	/Users/swethasunilkumar/Documents/Codex/2026-10-08/go/work/sleep-gwas-atlas/sleep_unified_research_v4/figures/compact_research_v4_1/02_core_native_compact_v4_page01.svg	697474cffa7b2451fa93a1aec84b74a78e3d9c5204cd6c47d0b7257d5d83b41a	/Users/swethasunilkumar/Documents/Codex/2026-10-08/go/work/sleep-gwas-atlas/sleep_unified_research_v4/figures/compact_research_v4_1/02_core_native_compact_v4_page01.png	91e9a4718193a1436f1fec1b8c987d696127bb21f0474d692ccbc3679c312b3c	Supplementary Data1	1	scientific_figure_index_v4_4.tsv:selected_page; not a page position in any combined PDF
Main Figure 3	03_extension_native_reflow_v4_page01	"[{""path"": ""/Users/swethasunilkumar/Documents/Codex/2026-10-08/go/work/sleep-gwas-atlas/sleep_unified_research_v4/tables/extension_native_full_precision_rg_v4.tsv"", ""SHA256"": ""c7551a1d3e246234289865469729618e61bdb6c35c19cffd8b5946a61a06b85b""}]"	156	Verified marginal estimates and frozen QC; no comparative P or causal claim	PASS	/Users/swethasunilkumar/Documents/Codex/2026-10-08/go/work/sleep-gwas-atlas/sleep_unified_research_v4/figures/compact_extension_reflow_v4_3/03_extension_native_reflow_v4_page01.pdf	ce9fd60aeb8efefc222349cc34351abe691c6d4c27d77a587bc8c11d611d43d9	/Users/swethasunilkumar/Documents/Codex/2026-10-08/go/work/sleep-gwas-atlas/sleep_unified_research_v4/figures/compact_extension_reflow_v4_3/03_extension_native_reflow_v4_page01.svg	e0ee09701de3996cc8bfe05d25ed079d1a8a2f976cbb9c0a11f8772af5d04914	/Users/swethasunilkumar/Documents/Codex/2026-10-08/go/work/sleep-gwas-atlas/sleep_unified_research_v4/figures/compact_extension_reflow_v4_3/03_extension_native_reflow_v4_page01.png	762e668e8c0a1235f69995c73f43db9ac424561929821293f1f7d748ca233213	Supplementary Data2	4	scientific_figure_index_v4_4.tsv:selected_page; not a page position in any combined PDF
Main Figure 4	04_qualified_external_validation_v4_page01	"[{""path"": ""/Users/swethasunilkumar/Documents/Codex/2026-10-08/go/work/sleep-gwas-atlas/sleep_unified_research_v4/tables/validation_native_full_precision_rg_v4.tsv"", ""SHA256"": ""794dc2f951268d673d667e8e5d2cab1558fc9cf34e06673e5e2fe8e2979ee65b""}, {""path"": ""/Users/swethasunilkumar/Documents/Codex/2026-10-08/go/work/sleep-gwas-atlas/sleep_unified_research_v4/reviews/independent_whole_validation_classification217_v4.tsv"", ""SHA256"": ""275461355e650d4e467601d97b450403e123a32c710d3fdd7549fc2f65199b06""}]"	14	Verified marginal estimates and frozen QC; no comparative P or causal claim	PASS	/Users/swethasunilkumar/Documents/Codex/2026-10-08/go/work/sleep-gwas-atlas/sleep_unified_research_v4/figures/compact_research_v4_1/04_qualified_external_validation_v4_page01.pdf	7368ec802d0e71c1e7170709bb76468e5e3b7d29f36f185a39fbed342badb48a	/Users/swethasunilkumar/Documents/Codex/2026-10-08/go/work/sleep-gwas-atlas/sleep_unified_research_v4/figures/compact_research_v4_1/04_qualified_external_validation_v4_page01.svg	cac1c525189234a57662a6cb0788c4df152fb955bd398d01b54a22883f4ea1e9	/Users/swethasunilkumar/Documents/Codex/2026-10-08/go/work/sleep-gwas-atlas/sleep_unified_research_v4/figures/compact_research_v4_1/04_qualified_external_validation_v4_page01.png	5ce6718f04b9b79a96cabdf3c60ca3c519723d3dd26b7ced162cfc6e66875760	Supplementary Data3	12	scientific_figure_index_v4_4.tsv:selected_page; not a page position in any combined PDF
Main Figure 5	05a_lipid_sensitivity_v4_page03	"[{""path"": ""/Users/swethasunilkumar/Documents/Codex/2026-10-08/go/work/sleep-gwas-atlas/sleep_unified_research_v4/tables/independent_sensitivity_62_full_precision_with_CI_v4_6.tsv"", ""SHA256"": ""507c56848e98c9b87b7f7f83c4a924d44b5f8d1e764e60d12566afffc8695e61""}]"	12	Verified marginal estimates and frozen QC; no comparative P or causal claim	PASS	/Users/swethasunilkumar/Documents/Codex/2026-10-08/go/work/sleep-gwas-atlas/sleep_unified_research_v4/figures/compact_research_v4_1/05a_lipid_sensitivity_v4_page03.pdf	e9ea41fae39460aeb61cd606cae46b683cc9373a57b9c75c5c34bf749bc88814	/Users/swethasunilkumar/Documents/Codex/2026-10-08/go/work/sleep-gwas-atlas/sleep_unified_research_v4/figures/compact_research_v4_1/05a_lipid_sensitivity_v4_page03.svg	6352376bdd6789f670b3789bbf27255cd2343d1083cd320b51f04fa00e70350b	/Users/swethasunilkumar/Documents/Codex/2026-10-08/go/work/sleep-gwas-atlas/sleep_unified_research_v4/figures/compact_research_v4_1/05a_lipid_sensitivity_v4_page03.png	a8ce31bab2472162a0a39d0a46508220f74ab31d1281018b4b469525b56f3d65	Supplementary Data4	17	scientific_figure_index_v4_4.tsv:selected_page; not a page position in any combined PDF
Supplementary Figure 1	02_core_native_compact_v4_page02	"[{""path"": ""/Users/swethasunilkumar/Documents/Codex/2026-10-08/go/work/sleep-gwas-atlas/sleep_unified_research_v4/tables/core_native_full_precision_rg_v4.tsv"", ""SHA256"": ""1928f02fdf9a56b37afdd67f7fb117dcae198098994236452d50cde04b355c77""}]"	132	Verified marginal estimates and frozen QC; no comparative P or causal claim	PASS	/Users/swethasunilkumar/Documents/Codex/2026-10-08/go/work/sleep-gwas-atlas/sleep_unified_research_v4/figures/compact_research_v4_1/02_core_native_compact_v4_page02.pdf	ce274c1f3a10c98ebe8f78738ea51bec4e2fd0702f699ccf45cc9e7c7371ca1c	/Users/swethasunilkumar/Documents/Codex/2026-10-08/go/work/sleep-gwas-atlas/sleep_unified_research_v4/figures/compact_research_v4_1/02_core_native_compact_v4_page02.svg	de65be1804a0c5471e923660132c706325dc6312f79c677853b2e132cbcb415a	/Users/swethasunilkumar/Documents/Codex/2026-10-08/go/work/sleep-gwas-atlas/sleep_unified_research_v4/figures/compact_research_v4_1/02_core_native_compact_v4_page02.png	807cbd6d96ac9489da241dbc96daa52bef20e72d58602ffcbfe079db62856af4	Supplementary Data1	2	scientific_figure_index_v4_4.tsv:selected_page; not a page position in any combined PDF
Supplementary Figure 2	02_core_native_compact_v4_page03	"[{""path"": ""/Users/swethasunilkumar/Documents/Codex/2026-10-08/go/work/sleep-gwas-atlas/sleep_unified_research_v4/tables/core_native_full_precision_rg_v4.tsv"", ""SHA256"": ""1928f02fdf9a56b37afdd67f7fb117dcae198098994236452d50cde04b355c77""}]"	132	Verified marginal estimates and frozen QC; no comparative P or causal claim	PASS	/Users/swethasunilkumar/Documents/Codex/2026-10-08/go/work/sleep-gwas-atlas/sleep_unified_research_v4/figures/compact_research_v4_1/02_core_native_compact_v4_page03.pdf	3ac73fb3f668e3bd560e283374253e9c76b73c06b72b234b22ee94370ffd59a8	/Users/swethasunilkumar/Documents/Codex/2026-10-08/go/work/sleep-gwas-atlas/sleep_unified_research_v4/figures/compact_research_v4_1/02_core_native_compact_v4_page03.svg	65143fdabe741c190aff25d46e1b7e8c2c3352a7ca3c43ad9c4afb2cfd194d40	/Users/swethasunilkumar/Documents/Codex/2026-10-08/go/work/sleep-gwas-atlas/sleep_unified_research_v4/figures/compact_research_v4_1/02_core_native_compact_v4_page03.png	83f066af632f2ab48088d849fc82fd1f9dcc02a3fb3d7e540bbd844704ec52ba	Supplementary Data1	3	scientific_figure_index_v4_4.tsv:selected_page; not a page position in any combined PDF
Supplementary Figure 3	03_extension_native_reflow_v4_page02	"[{""path"": ""/Users/swethasunilkumar/Documents/Codex/2026-10-08/go/work/sleep-gwas-atlas/sleep_unified_research_v4/tables/extension_native_full_precision_rg_v4.tsv"", ""SHA256"": ""c7551a1d3e246234289865469729618e61bdb6c35c19cffd8b5946a61a06b85b""}]"	156	Verified marginal estimates and frozen QC; no comparative P or causal claim	PASS	/Users/swethasunilkumar/Documents/Codex/2026-10-08/go/work/sleep-gwas-atlas/sleep_unified_research_v4/figures/compact_extension_reflow_v4_3/03_extension_native_reflow_v4_page02.pdf	2d98fc7085e70df84eb4ac7c3efacf25ef25377358031edf2a55a851f6934e5d	/Users/swethasunilkumar/Documents/Codex/2026-10-08/go/work/sleep-gwas-atlas/sleep_unified_research_v4/figures/compact_extension_reflow_v4_3/03_extension_native_reflow_v4_page02.svg	80b138e1714eb0c662a1c6c31f64cb47731c9fa69349652887dc2516821b9b12	/Users/swethasunilkumar/Documents/Codex/2026-10-08/go/work/sleep-gwas-atlas/sleep_unified_research_v4/figures/compact_extension_reflow_v4_3/03_extension_native_reflow_v4_page02.png	94d235615382a3e296cc54709aed661b4b571cf10dd6c37be01c01cdfe8a4854	Supplementary Data2	5	scientific_figure_index_v4_4.tsv:selected_page; not a page position in any combined PDF
Supplementary Figure 4	03_extension_native_reflow_v4_page03	"[{""path"": ""/Users/swethasunilkumar/Documents/Codex/2026-10-08/go/work/sleep-gwas-atlas/sleep_unified_research_v4/tables/extension_native_full_precision_rg_v4.tsv"", ""SHA256"": ""c7551a1d3e246234289865469729618e61bdb6c35c19cffd8b5946a61a06b85b""}]"	156	Verified marginal estimates and frozen QC; no comparative P or causal claim	PASS	/Users/swethasunilkumar/Documents/Codex/2026-10-08/go/work/sleep-gwas-atlas/sleep_unified_research_v4/figures/compact_extension_reflow_v4_3/03_extension_native_reflow_v4_page03.pdf	00c9143219cc5fedda3a475ae657c0afb9f25d871115abc37ab816ab95441120	/Users/swethasunilkumar/Documents/Codex/2026-10-08/go/work/sleep-gwas-atlas/sleep_unified_research_v4/figures/compact_extension_reflow_v4_3/03_extension_native_reflow_v4_page03.svg	02b1e338ca6cb1c149e294f092e5c0a9421644cfa8d06eac2538bdc6a0396c3a	/Users/swethasunilkumar/Documents/Codex/2026-10-08/go/work/sleep-gwas-atlas/sleep_unified_research_v4/figures/compact_extension_reflow_v4_3/03_extension_native_reflow_v4_page03.png	426d3166136cd563a0e81f191a2fbc83f43f8b3c1567a1746cdb4aa700e7ba73	Supplementary Data2	6	scientific_figure_index_v4_4.tsv:selected_page; not a page position in any combined PDF
Supplementary Figure 5	03_extension_native_reflow_v4_page04	"[{""path"": ""/Users/swethasunilkumar/Documents/Codex/2026-10-08/go/work/sleep-gwas-atlas/sleep_unified_research_v4/tables/extension_native_full_precision_rg_v4.tsv"", ""SHA256"": ""c7551a1d3e246234289865469729618e61bdb6c35c19cffd8b5946a61a06b85b""}]"	156	Verified marginal estimates and frozen QC; no comparative P or causal claim	PASS	/Users/swethasunilkumar/Documents/Codex/2026-10-08/go/work/sleep-gwas-atlas/sleep_unified_research_v4/figures/compact_extension_reflow_v4_3/03_extension_native_reflow_v4_page04.pdf	eaa899f6e16c8315889ab4614f3bb8f0383a6a6f6e96ad945297275acdbb0b83	/Users/swethasunilkumar/Documents/Codex/2026-10-08/go/work/sleep-gwas-atlas/sleep_unified_research_v4/figures/compact_extension_reflow_v4_3/03_extension_native_reflow_v4_page04.svg	35870b7790169a24c9a58dbe99c65edf25e4cceb397f71e80874dfd664aefbc6	/Users/swethasunilkumar/Documents/Codex/2026-10-08/go/work/sleep-gwas-atlas/sleep_unified_research_v4/figures/compact_extension_reflow_v4_3/03_extension_native_reflow_v4_page04.png	989372e863b9d704950b34bc097d18f244fea35ef0fa0973020f945ce8ceaaff	Supplementary Data2	7	scientific_figure_index_v4_4.tsv:selected_page; not a page position in any combined PDF
Supplementary Figure 6	03_extension_native_reflow_v4_page05	"[{""path"": ""/Users/swethasunilkumar/Documents/Codex/2026-10-08/go/work/sleep-gwas-atlas/sleep_unified_research_v4/tables/extension_native_full_precision_rg_v4.tsv"", ""SHA256"": ""c7551a1d3e246234289865469729618e61bdb6c35c19cffd8b5946a61a06b85b""}]"	156	Verified marginal estimates and frozen QC; no comparative P or causal claim	PASS	/Users/swethasunilkumar/Documents/Codex/2026-10-08/go/work/sleep-gwas-atlas/sleep_unified_research_v4/figures/compact_extension_reflow_v4_3/03_extension_native_reflow_v4_page05.pdf	a960bfa083b721070b8e0aa8a50b1f954f60e45c08248de25255cea3bb82254b	/Users/swethasunilkumar/Documents/Codex/2026-10-08/go/work/sleep-gwas-atlas/sleep_unified_research_v4/figures/compact_extension_reflow_v4_3/03_extension_native_reflow_v4_page05.svg	01dcca3ec518434b562f159ccafde2e0dfc8fc0ff7898dc0201fdeb90b3a0948	/Users/swethasunilkumar/Documents/Codex/2026-10-08/go/work/sleep-gwas-atlas/sleep_unified_research_v4/figures/compact_extension_reflow_v4_3/03_extension_native_reflow_v4_page05.png	36b7e91fd7537ec06677730de68d138a9c16eb14fd37966a5954d72bd4fd9313	Supplementary Data2	8	scientific_figure_index_v4_4.tsv:selected_page; not a page position in any combined PDF
Supplementary Figure 7	03_extension_native_reflow_v4_page06	"[{""path"": ""/Users/swethasunilkumar/Documents/Codex/2026-10-08/go/work/sleep-gwas-atlas/sleep_unified_research_v4/tables/extension_native_full_precision_rg_v4.tsv"", ""SHA256"": ""c7551a1d3e246234289865469729618e61bdb6c35c19cffd8b5946a61a06b85b""}]"	156	Verified marginal estimates and frozen QC; no comparative P or causal claim	PASS	/Users/swethasunilkumar/Documents/Codex/2026-10-08/go/work/sleep-gwas-atlas/sleep_unified_research_v4/figures/compact_extension_reflow_v4_3/03_extension_native_reflow_v4_page06.pdf	7bd9bf599898435e2a1594af6ec3c1e114b29b267c0b324cbd3812971a30bd7b	/Users/swethasunilkumar/Documents/Codex/2026-10-08/go/work/sleep-gwas-atlas/sleep_unified_research_v4/figures/compact_extension_reflow_v4_3/03_extension_native_reflow_v4_page06.svg	fe29b9e63b118346b4e6bc7aa4af83721ac7e12f58c94217b01e44afbb72fea8	/Users/swethasunilkumar/Documents/Codex/2026-10-08/go/work/sleep-gwas-atlas/sleep_unified_research_v4/figures/compact_extension_reflow_v4_3/03_extension_native_reflow_v4_page06.png	54d98ce8a8071c8613ca1b43616ee0970034846318e54566d7aa3c81bc07692f	Supplementary Data2	9	scientific_figure_index_v4_4.tsv:selected_page; not a page position in any combined PDF
Supplementary Figure 8	03_extension_native_reflow_v4_page07	"[{""path"": ""/Users/swethasunilkumar/Documents/Codex/2026-10-08/go/work/sleep-gwas-atlas/sleep_unified_research_v4/tables/extension_native_full_precision_rg_v4.tsv"", ""SHA256"": ""c7551a1d3e246234289865469729618e61bdb6c35c19cffd8b5946a61a06b85b""}]"	156	Verified marginal estimates and frozen QC; no comparative P or causal claim	PASS	/Users/swethasunilkumar/Documents/Codex/2026-10-08/go/work/sleep-gwas-atlas/sleep_unified_research_v4/figures/compact_extension_reflow_v4_3/03_extension_native_reflow_v4_page07.pdf	24c93f2f19ae608eba6758e9ffe334b23560462b793fce883aeb47b3621caa6f	/Users/swethasunilkumar/Documents/Codex/2026-10-08/go/work/sleep-gwas-atlas/sleep_unified_research_v4/figures/compact_extension_reflow_v4_3/03_extension_native_reflow_v4_page07.svg	29706b62666d5e3a343db2b798ffe2e6f4d63ddcbb5fee8370992f6fb10e58b3	/Users/swethasunilkumar/Documents/Codex/2026-10-08/go/work/sleep-gwas-atlas/sleep_unified_research_v4/figures/compact_extension_reflow_v4_3/03_extension_native_reflow_v4_page07.png	f45377f3fbcc2cd1e03c302c19f0d22bb1bf2d3e757e3f60b496b8f84e9165a1	Supplementary Data2	10	scientific_figure_index_v4_4.tsv:selected_page; not a page position in any combined PDF
Supplementary Figure 9	03_extension_native_reflow_v4_page08	"[{""path"": ""/Users/swethasunilkumar/Documents/Codex/2026-10-08/go/work/sleep-gwas-atlas/sleep_unified_research_v4/tables/extension_native_full_precision_rg_v4.tsv"", ""SHA256"": ""c7551a1d3e246234289865469729618e61bdb6c35c19cffd8b5946a61a06b85b""}]"	108	Verified marginal estimates and frozen QC; no comparative P or causal claim	PASS	/Users/swethasunilkumar/Documents/Codex/2026-10-08/go/work/sleep-gwas-atlas/sleep_unified_research_v4/figures/compact_extension_reflow_v4_3/03_extension_native_reflow_v4_page08.pdf	b77698631b8448873f8adbf54541b1c77418dff0fec5eaf542b23c7d69afc6c2	/Users/swethasunilkumar/Documents/Codex/2026-10-08/go/work/sleep-gwas-atlas/sleep_unified_research_v4/figures/compact_extension_reflow_v4_3/03_extension_native_reflow_v4_page08.svg	dca18b80242a6f3af61e94cc8b97684569e506532e66ae4242df80cf7e6a6fa5	/Users/swethasunilkumar/Documents/Codex/2026-10-08/go/work/sleep-gwas-atlas/sleep_unified_research_v4/figures/compact_extension_reflow_v4_3/03_extension_native_reflow_v4_page08.png	81a9d10c8edff700d918295bb9a1ed66ac2c0d3f47d602c1a45751c32a194eba	Supplementary Data2	11	scientific_figure_index_v4_4.tsv:selected_page; not a page position in any combined PDF
Supplementary Figure 10	04_qualified_external_validation_v4_page02	"[{""path"": ""/Users/swethasunilkumar/Documents/Codex/2026-10-08/go/work/sleep-gwas-atlas/sleep_unified_research_v4/tables/validation_native_full_precision_rg_v4.tsv"", ""SHA256"": ""794dc2f951268d673d667e8e5d2cab1558fc9cf34e06673e5e2fe8e2979ee65b""}, {""path"": ""/Users/swethasunilkumar/Documents/Codex/2026-10-08/go/work/sleep-gwas-atlas/sleep_unified_research_v4/reviews/independent_whole_validation_classification217_v4.tsv"", ""SHA256"": ""275461355e650d4e467601d97b450403e123a32c710d3fdd7549fc2f65199b06""}]"	14	Verified marginal estimates and frozen QC; no comparative P or causal claim	PASS	/Users/swethasunilkumar/Documents/Codex/2026-10-08/go/work/sleep-gwas-atlas/sleep_unified_research_v4/figures/compact_research_v4_1/04_qualified_external_validation_v4_page02.pdf	c89dc69ba4abe1e2bf952bd0f441d30b24f9d7a4ae252c3aea591b3302098e30	/Users/swethasunilkumar/Documents/Codex/2026-10-08/go/work/sleep-gwas-atlas/sleep_unified_research_v4/figures/compact_research_v4_1/04_qualified_external_validation_v4_page02.svg	28c2b805995bba94d92daedf94bee4bf3bab47642bd369c15d94104337fc7dde	/Users/swethasunilkumar/Documents/Codex/2026-10-08/go/work/sleep-gwas-atlas/sleep_unified_research_v4/figures/compact_research_v4_1/04_qualified_external_validation_v4_page02.png	153f3793c94711ff769747788a0c2f232a362f321bfbb439d72eaa894fb4651d	Supplementary Data3	13	scientific_figure_index_v4_4.tsv:selected_page; not a page position in any combined PDF
Supplementary Figure 11	04_qualified_external_validation_v4_page03	"[{""path"": ""/Users/swethasunilkumar/Documents/Codex/2026-10-08/go/work/sleep-gwas-atlas/sleep_unified_research_v4/tables/validation_native_full_precision_rg_v4.tsv"", ""SHA256"": ""794dc2f951268d673d667e8e5d2cab1558fc9cf34e06673e5e2fe8e2979ee65b""}, {""path"": ""/Users/swethasunilkumar/Documents/Codex/2026-10-08/go/work/sleep-gwas-atlas/sleep_unified_research_v4/reviews/independent_whole_validation_classification217_v4.tsv"", ""SHA256"": ""275461355e650d4e467601d97b450403e123a32c710d3fdd7549fc2f65199b06""}]"	13	Verified marginal estimates and frozen QC; no comparative P or causal claim	PASS	/Users/swethasunilkumar/Documents/Codex/2026-10-08/go/work/sleep-gwas-atlas/sleep_unified_research_v4/figures/compact_research_v4_1/04_qualified_external_validation_v4_page03.pdf	f6bc106c3f88d05f498aecf34b460da264869195d4edaeac075a42e3d172939d	/Users/swethasunilkumar/Documents/Codex/2026-10-08/go/work/sleep-gwas-atlas/sleep_unified_research_v4/figures/compact_research_v4_1/04_qualified_external_validation_v4_page03.svg	d0ec338ecedbf7e517eb7c54bbb2f1bdbf9d355472087e39df0b3b69e5f60d5e	/Users/swethasunilkumar/Documents/Codex/2026-10-08/go/work/sleep-gwas-atlas/sleep_unified_research_v4/figures/compact_research_v4_1/04_qualified_external_validation_v4_page03.png	3d9e007e1f91c3b92247ba19dc7ed7b769f021d7592d9ecb86a3c797488953de	Supplementary Data3	14	scientific_figure_index_v4_4.tsv:selected_page; not a page position in any combined PDF
Supplementary Figure 12	05a_lipid_sensitivity_v4_page01	"[{""path"": ""/Users/swethasunilkumar/Documents/Codex/2026-10-08/go/work/sleep-gwas-atlas/sleep_unified_research_v4/tables/independent_sensitivity_62_full_precision_with_CI_v4_6.tsv"", ""SHA256"": ""507c56848e98c9b87b7f7f83c4a924d44b5f8d1e764e60d12566afffc8695e61""}]"	12	Verified marginal estimates and frozen QC; no comparative P or causal claim	PASS	/Users/swethasunilkumar/Documents/Codex/2026-10-08/go/work/sleep-gwas-atlas/sleep_unified_research_v4/figures/compact_research_v4_1/05a_lipid_sensitivity_v4_page01.pdf	bb2f49c58cb80d05ca1d731d57b299daf4b8792fad7b1575578c8bd3882ea6bb	/Users/swethasunilkumar/Documents/Codex/2026-10-08/go/work/sleep-gwas-atlas/sleep_unified_research_v4/figures/compact_research_v4_1/05a_lipid_sensitivity_v4_page01.svg	b9fab30cdfc84300a6dadddf9e0cf8de0476692037c2b0334218b33ee3c9eb3b	/Users/swethasunilkumar/Documents/Codex/2026-10-08/go/work/sleep-gwas-atlas/sleep_unified_research_v4/figures/compact_research_v4_1/05a_lipid_sensitivity_v4_page01.png	2ac89167d1c2a46161a9610155db32cdf345c77e8d122944b734a1a5b6d08edf	Supplementary Data4	15	scientific_figure_index_v4_4.tsv:selected_page; not a page position in any combined PDF
Supplementary Figure 13	05a_lipid_sensitivity_v4_page02	"[{""path"": ""/Users/swethasunilkumar/Documents/Codex/2026-10-08/go/work/sleep-gwas-atlas/sleep_unified_research_v4/tables/independent_sensitivity_62_full_precision_with_CI_v4_6.tsv"", ""SHA256"": ""507c56848e98c9b87b7f7f83c4a924d44b5f8d1e764e60d12566afffc8695e61""}]"	12	Verified marginal estimates and frozen QC; no comparative P or causal claim	PASS	/Users/swethasunilkumar/Documents/Codex/2026-10-08/go/work/sleep-gwas-atlas/sleep_unified_research_v4/figures/compact_research_v4_1/05a_lipid_sensitivity_v4_page02.pdf	fbdde54ea27d7691b2b9f792ef5c5cbcd8a344c8d857407951ae77d8e25b64ce	/Users/swethasunilkumar/Documents/Codex/2026-10-08/go/work/sleep-gwas-atlas/sleep_unified_research_v4/figures/compact_research_v4_1/05a_lipid_sensitivity_v4_page02.svg	ae6c139aa4eb883fec385d58e56114c0dd0f69b72d0589345d5e0dfe1e2fb64f	/Users/swethasunilkumar/Documents/Codex/2026-10-08/go/work/sleep-gwas-atlas/sleep_unified_research_v4/figures/compact_research_v4_1/05a_lipid_sensitivity_v4_page02.png	93932d0a75fd0136f5805d17e1bbe28bf65f32b32e64a7cfabc66da09c6d7a73	Supplementary Data4	16	scientific_figure_index_v4_4.tsv:selected_page; not a page position in any combined PDF
Supplementary Figure 14	05b_binary_N_sensitivity_v4_page01	"[{""path"": ""/Users/swethasunilkumar/Documents/Codex/2026-10-08/go/work/sleep-gwas-atlas/sleep_unified_research_v4/tables/independent_sensitivity_62_full_precision_with_CI_v4_6.tsv"", ""SHA256"": ""507c56848e98c9b87b7f7f83c4a924d44b5f8d1e764e60d12566afffc8695e61""}, {""path"": ""/Users/swethasunilkumar/Documents/Codex/2026-10-08/go/work/sleep-gwas-atlas/sleep_unified_research_v4/tables/independent_sensitivity_liability_presentations_v4_6.tsv"", ""SHA256"": ""dc68d090042a9f4f79a2b703cda528fd8ffb24f216d8c660abcf12e4ddfd22d3""}]"	12	Verified marginal estimates and frozen QC; no comparative P or causal claim	PASS	/Users/swethasunilkumar/Documents/Codex/2026-10-08/go/work/sleep-gwas-atlas/sleep_unified_research_v4/figures/compact_research_v4_1/05b_binary_N_sensitivity_v4_page01.pdf	d79f57c36ecc73213b6cab0168729b9b8ab9117f1cb2d9829355b0430e76a6ad	/Users/swethasunilkumar/Documents/Codex/2026-10-08/go/work/sleep-gwas-atlas/sleep_unified_research_v4/figures/compact_research_v4_1/05b_binary_N_sensitivity_v4_page01.svg	23c9225bb77c68d651575247bec44d09aef7bb3260dce1a914e647158cd85ded	/Users/swethasunilkumar/Documents/Codex/2026-10-08/go/work/sleep-gwas-atlas/sleep_unified_research_v4/figures/compact_research_v4_1/05b_binary_N_sensitivity_v4_page01.png	e1bd71964653927c5649da948554dfa82a5ada9a7148109523c71b8775d225c0	Supplementary Data4	18	scientific_figure_index_v4_4.tsv:selected_page; not a page position in any combined PDF
Supplementary Figure 15	05b_binary_N_sensitivity_v4_page02	"[{""path"": ""/Users/swethasunilkumar/Documents/Codex/2026-10-08/go/work/sleep-gwas-atlas/sleep_unified_research_v4/tables/independent_sensitivity_62_full_precision_with_CI_v4_6.tsv"", ""SHA256"": ""507c56848e98c9b87b7f7f83c4a924d44b5f8d1e764e60d12566afffc8695e61""}, {""path"": ""/Users/swethasunilkumar/Documents/Codex/2026-10-08/go/work/sleep-gwas-atlas/sleep_unified_research_v4/tables/independent_sensitivity_liability_presentations_v4_6.tsv"", ""SHA256"": ""dc68d090042a9f4f79a2b703cda528fd8ffb24f216d8c660abcf12e4ddfd22d3""}]"	12	Verified marginal estimates and frozen QC; no comparative P or causal claim	PASS	/Users/swethasunilkumar/Documents/Codex/2026-10-08/go/work/sleep-gwas-atlas/sleep_unified_research_v4/figures/compact_research_v4_1/05b_binary_N_sensitivity_v4_page02.pdf	d1e969664233679892f68e5a47031a5712a6f9291379d8879aca1d7f112246ca	/Users/swethasunilkumar/Documents/Codex/2026-10-08/go/work/sleep-gwas-atlas/sleep_unified_research_v4/figures/compact_research_v4_1/05b_binary_N_sensitivity_v4_page02.svg	cd77e72211ea25794a0ca41855314948658eb173505ea467205febb20bbcea9e	/Users/swethasunilkumar/Documents/Codex/2026-10-08/go/work/sleep-gwas-atlas/sleep_unified_research_v4/figures/compact_research_v4_1/05b_binary_N_sensitivity_v4_page02.png	aa9d6fda146af5364a5c152da6ee460c525dd33d892f0d1a48410e4845dcd099	Supplementary Data4	19	scientific_figure_index_v4_4.tsv:selected_page; not a page position in any combined PDF
Supplementary Figure 16	05c_liability_presentations_v4	"[{""path"": ""/Users/swethasunilkumar/Documents/Codex/2026-10-08/go/work/sleep-gwas-atlas/sleep_unified_research_v4/tables/independent_sensitivity_liability_presentations_v4_6.tsv"", ""SHA256"": ""dc68d090042a9f4f79a2b703cda528fd8ffb24f216d8c660abcf12e4ddfd22d3""}, {""path"": ""/Users/swethasunilkumar/Documents/Codex/2026-10-08/go/work/sleep-gwas-atlas/sleep_unified_research_v4/tables/independent_sensitivity_liability_presentations_v4_6.tsv"", ""SHA256"": ""dc68d090042a9f4f79a2b703cda528fd8ffb24f216d8c660abcf12e4ddfd22d3""}]"	10	Verified marginal estimates and frozen QC; no comparative P or causal claim	PASS	/Users/swethasunilkumar/Documents/Codex/2026-10-08/go/work/sleep-gwas-atlas/sleep_unified_research_v4/figures/compact_research_v4_1/05c_liability_presentations_v4.pdf	d8fc75e35f713fcd7da3b8eb688ced006645d05232329cbe638178f181c10129	/Users/swethasunilkumar/Documents/Codex/2026-10-08/go/work/sleep-gwas-atlas/sleep_unified_research_v4/figures/compact_research_v4_1/05c_liability_presentations_v4.svg	532ded1e4866ffa9e24d40daebf461efb93f6ef2499c0ccccf328569225d04e7	/Users/swethasunilkumar/Documents/Codex/2026-10-08/go/work/sleep-gwas-atlas/sleep_unified_research_v4/figures/compact_research_v4_1/05c_liability_presentations_v4.png	2466f320c00c214b10fcda0ff3800172c3d5825c5298e6ac66de01e1cd0bc6d5	Supplementary Data4	20	scientific_figure_index_v4_4.tsv:selected_page; not a page position in any combined PDF
Supplementary Figure 17	shared_sleep_cov0_diagnostic_page1	"[{""path"": ""/Users/swethasunilkumar/Documents/Codex/2026-10-08/go/work/sleep-gwas-atlas/sleep_unified_research_v4/tables/shared_sleep_cov0_diagnostic41_v4_1.tsv"", ""SHA256"": ""0698b9493637176c03b975bc36e9fbd6e2c5baf6dfdc545486c004df693149bb""}]"	21	UNVERIFIED_ZERO_COVARIANCE_DIAGNOSTIC_ONLY;SHARED_SLEEP;NO_CONFIRMED_HETEROGENEITY; conditionalCov0diagnostic only;no calibratedheterogeneityP	PASS_SEPARATE_ROOT_QA	/Users/swethasunilkumar/Documents/Codex/2026-10-08/go/work/sleep-gwas-atlas/sleep_unified_research_v4/figures/shared_sleep_cov0_diagnostic_v4_1/shared_sleep_cov0_diagnostic_page1.pdf	f31679bbd9dc11d41edaaff63fee7a545f986fde543873f07d90972889ecde6c	/Users/swethasunilkumar/Documents/Codex/2026-10-08/go/work/sleep-gwas-atlas/sleep_unified_research_v4/figures/shared_sleep_cov0_diagnostic_v4_1/shared_sleep_cov0_diagnostic_page1.svg	59bea816fe3fb117b299237be32087a7c11791e1391cfe7d779c2d2b6fde50e0	/Users/swethasunilkumar/Documents/Codex/2026-10-08/go/work/sleep-gwas-atlas/sleep_unified_research_v4/figures/shared_sleep_cov0_diagnostic_v4_1/shared_sleep_cov0_diagnostic_page1.png	b5d8e4992b07c90760d1e5d06849c2d2b3bdd3dce7a3823d13cb9a84aabbae84	QualifiedCov0diagnostic source table	22	scientific_figure_index_v4_4.tsv:selected_page; not a page position in any combined PDF
Supplementary Figure 18	shared_sleep_cov0_diagnostic_page2	"[{""path"": ""/Users/swethasunilkumar/Documents/Codex/2026-10-08/go/work/sleep-gwas-atlas/sleep_unified_research_v4/tables/shared_sleep_cov0_diagnostic41_v4_1.tsv"", ""SHA256"": ""0698b9493637176c03b975bc36e9fbd6e2c5baf6dfdc545486c004df693149bb""}]"	20	UNVERIFIED_ZERO_COVARIANCE_DIAGNOSTIC_ONLY;SHARED_SLEEP;NO_CONFIRMED_HETEROGENEITY; conditionalCov0diagnostic only;no calibratedheterogeneityP	PASS_SEPARATE_ROOT_QA	/Users/swethasunilkumar/Documents/Codex/2026-10-08/go/work/sleep-gwas-atlas/sleep_unified_research_v4/figures/shared_sleep_cov0_diagnostic_v4_1/shared_sleep_cov0_diagnostic_page2.pdf	c7d18020f5c3f38bd3344409e13c86774c1cf093cae3d8df01f779a8636c50fe	/Users/swethasunilkumar/Documents/Codex/2026-10-08/go/work/sleep-gwas-atlas/sleep_unified_research_v4/figures/shared_sleep_cov0_diagnostic_v4_1/shared_sleep_cov0_diagnostic_page2.svg	c492008b256f04ffc0d3d71629a02b41d4c9c0c1670d628bf6b272632599c15c	/Users/swethasunilkumar/Documents/Codex/2026-10-08/go/work/sleep-gwas-atlas/sleep_unified_research_v4/figures/shared_sleep_cov0_diagnostic_v4_1/shared_sleep_cov0_diagnostic_page2.png	d5b60877b121c19ef32ef76022c579f545edb9290e96fcaf9d62684795cbdc73	QualifiedCov0diagnostic source table	23	scientific_figure_index_v4_4.tsv:selected_page; not a page position in any combined PDF
