locus_id	pair_id	sleep_trait	brain_disorder	CHR	START	STOP	lead_variant	lead_P_PLACO	n_lead_signals	lead_variants	n_candidate_variants	candidate_variants	r2_threshold	window_kb	reference	locus_status	interpretation
placo_insomnia__adhd_chr3_117142005_118142005	insomnia__adhd	insomnia	adhd	3	117142005	118142005	rs62264767	5.69024781473712e-11	1	rs62264767	92	rs1093463;rs1093464;rs111375528;rs13080344;rs1456182;rs1456183;rs1456193;rs1456196;rs1499970;rs2045307;rs2860308;rs2925312;rs4146338;rs55704727;rs55718530;rs55779525;rs55958116;rs55979908;rs56051552;rs56174517;rs56204450;rs56255439;rs56256549;rs56310214;rs57945129;rs58533135;rs59470461;rs61384494;rs62263076;rs62263082;rs62263112;rs62263115;rs62263116;rs62263118;rs62263119;rs62263120;rs62263121;rs62263122;rs62263123;rs62264762;rs62264763;rs62264764;rs62264766;rs62264767;rs62264768;rs62264770;rs62264771;rs62264772;rs62264773;rs62264775;rs62264778;rs62264779;rs62264780;rs62264782;rs62264783;rs62264819;rs62264956;rs62266061;rs62266064;rs62266065;rs6769144;rs6778926;rs6794831;rs6795060;rs6799997;rs6807173;rs716936;rs73168378;rs73168386;rs73168388;rs73168397;rs73183041;rs7630428;rs7631320;rs7644473;rs817492;rs817500;rs817504;rs817506;rs817507;rs817508;rs817509;rs817512;rs843852;rs843854;rs846184;rs861001;rs861673;rs864199;rs866001;rs9815484;rs9842435	0.1	500	LAVA UK Biobank reference v1.1	PLACO_ONLY_CANDIDATE_LOCUS	No local-rg, fine-mapping, replication, or functional evidence included
placo_insomnia__adhd_chr5_87185500_88185500	insomnia__adhd	insomnia	adhd	5	87185500	88185500	rs6452785	1.63841351163641e-10	1	rs6452785	43	rs10060720;rs10942529;rs11952470;rs1430205;rs2195613;rs247909;rs247911;rs247914;rs2565726;rs2565727;rs2582042;rs2582044;rs2582045;rs3099437;rs3099438;rs3099439;rs3110021;rs324886;rs4244212;rs4293953;rs4352629;rs4571506;rs4916720;rs4916723;rs4916908;rs4916910;rs62369151;rs6414945;rs6414946;rs6452784;rs6452785;rs6452787;rs6452791;rs6452792;rs6866315;rs6873449;rs6874021;rs6891239;rs7448716;rs7708715;rs7722095;rs7728883;rs9293500	0.1	500	LAVA UK Biobank reference v1.1	PLACO_ONLY_CANDIDATE_LOCUS	No local-rg, fine-mapping, replication, or functional evidence included
placo_insomnia__adhd_chr5_103447968_104447968	insomnia__adhd	insomnia	adhd	5	103447968	104447968	rs2431108	1.99962659737775e-16	1	rs2431108	141	rs10040923;rs10052804;rs10053368;rs10054977;rs10057459;rs10057469;rs10059133;rs10059643;rs10064425;rs10071115;rs10072579;rs10072849;rs10078807;rs10455065;rs10455066;rs10477834;rs10479296;rs10479297;rs11242522;rs11738191;rs11738197;rs11747125;rs11747766;rs11955377;rs11958220;rs12055234;rs12187898;rs12187903;rs12515429;rs12657531;rs12658007;rs12658019;rs12658032;rs12658276;rs12658451;rs12659431;rs12719532;rs13162928;rs13164188;rs13165289;rs13172611;rs13177365;rs13177473;rs13181679;rs13187104;rs1363096;rs1363097;rs1363098;rs1363101;rs1363102;rs1363103;rs1372500;rs1372504;rs1421665;rs1421666;rs1421667;rs1421668;rs1442111;rs1530303;rs1582419;rs1583953;rs1592754;rs161645;rs17156671;rs1833514;rs185260;rs1899386;rs2018142;rs2028526;rs2032790;rs2112163;rs21126;rs2161097;rs2403284;rs2403326;rs2431108;rs2431109;rs2431112;rs2447827;rs2447828;rs2447832;rs2447838;rs254011;rs254013;rs254020;rs254023;rs254024;rs254045;rs2860455;rs2919955;rs2919961;rs30266;rs323509;rs325481;rs325485;rs325500;rs325502;rs325521;rs325523;rs33817;rs35313049;rs35949602;rs40465;rs410915;rs416223;rs4235642;rs4295362;rs4320234;rs4438849;rs4482879;rs4510551;rs4515268;rs4521446;rs4703040;rs4703307;rs55649128;rs60271;rs60734212;rs62362443;rs62362459;rs6421926;rs6596578;rs67909927;rs6865511;rs6867409;rs6869862;rs6874138;rs6881764;rs72776989;rs768792;rs768905;rs7703746;rs7706353;rs7706513;rs7710489;rs77200921;rs77960;rs876392;rs920623;rs959857;rs969397	0.1	500	LAVA UK Biobank reference v1.1	PLACO_ONLY_CANDIDATE_LOCUS	No local-rg, fine-mapping, replication, or functional evidence included
placo_insomnia__adhd_chr7_113571035_114571035	insomnia__adhd	insomnia	adhd	7	113571035	114571035	rs1476535	1.60735237048228e-12	1	rs1476535	76	rs1005958;rs1005959;rs1015511;rs10228327;rs10246733;rs10249234;rs10250103;rs10261780;rs10262103;rs10262192;rs10262462;rs10266297;rs10268637;rs10279936;rs10953765;rs10953766;rs12113612;rs12154339;rs12154391;rs1229760;rs1229761;rs1229762;rs12536335;rs12537376;rs12671330;rs12705969;rs12705971;rs12705973;rs12705974;rs12705975;rs12705977;rs12705978;rs12705979;rs12705980;rs12705981;rs12705982;rs13226763;rs1378771;rs1456020;rs1456021;rs1456031;rs1476535;rs1563408;rs17291908;rs1859100;rs1989903;rs2014265;rs2106900;rs2189008;rs2189010;rs2189011;rs2189012;rs2189015;rs2396751;rs2396753;rs2396765;rs2396766;rs28534444;rs2894699;rs35624276;rs4236599;rs4727799;rs4730637;rs60234044;rs6466488;rs66571810;rs6969376;rs6980093;rs727644;rs7458242;rs7783012;rs7794413;rs881732;rs9332390;rs936145;rs9969232	0.1	500	LAVA UK Biobank reference v1.1	PLACO_ONLY_CANDIDATE_LOCUS	No local-rg, fine-mapping, replication, or functional evidence included
placo_insomnia__adhd_chr11_28076261_29076261	insomnia__adhd	insomnia	adhd	11	28076261	29076261	rs2582894	7.96815932677384e-09	1	rs2582894	1	rs2582894	0.1	500	LAVA UK Biobank reference v1.1	PLACO_ONLY_CANDIDATE_LOCUS	No local-rg, fine-mapping, replication, or functional evidence included
placo_insomnia__adhd_chr14_98137479_99137479	insomnia__adhd	insomnia	adhd	14	98137479	99137479	rs7160630	2.78162953509759e-09	1	rs7160630	36	rs10133228;rs10143433;rs10144091;rs10147461;rs10151485;rs12100628;rs12147808;rs12323602;rs1461582;rs1461583;rs1461584;rs1461587;rs17096600;rs17096602;rs17701424;rs28415454;rs7145698;rs7145913;rs7146746;rs7154993;rs7155953;rs7159336;rs7159716;rs7159827;rs7159904;rs7160439;rs7160630;rs7160893;rs7161307;rs72478863;rs76247422;rs76381532;rs76905624;rs77653640;rs8006659;rs8013699	0.1	500	LAVA UK Biobank reference v1.1	PLACO_ONLY_CANDIDATE_LOCUS	No local-rg, fine-mapping, replication, or functional evidence included
placo_insomnia__mdd_chr5_103481726_104481726	insomnia__mdd	insomnia	mdd	5	103481726	104481726	rs40465	3.18866905835793e-15	1	rs40465	36	rs10073929;rs10479296;rs12187898;rs13164188;rs1363097;rs1363098;rs1363103;rs1530303;rs1583953;rs168388;rs185260;rs2018142;rs2028526;rs2447827;rs2447838;rs254011;rs254020;rs254023;rs254024;rs2919955;rs2963227;rs325481;rs325485;rs325502;rs325521;rs325523;rs40465;rs4482879;rs4510551;rs4703307;rs60271;rs6596578;rs6869862;rs768792;rs964040;rs969397	0.1	500	LAVA UK Biobank reference v1.1	PLACO_ONLY_CANDIDATE_LOCUS	No local-rg, fine-mapping, replication, or functional evidence included
placo_insomnia__mdd_chr6_104869510_105869510	insomnia__mdd	insomnia	mdd	6	104869510	105869510	rs4946651	6.33063426434481e-10	1	rs4946651	5	rs12200251;rs1475120;rs314262;rs314280;rs4946651	0.1	500	LAVA UK Biobank reference v1.1	PLACO_ONLY_CANDIDATE_LOCUS	No local-rg, fine-mapping, replication, or functional evidence included
placo_insomnia__mdd_chr7_113559156_114559156	insomnia__mdd	insomnia	mdd	7	113559156	114559156	rs2894699	4.45870175127236e-09	1	rs2894699	2	rs1476535;rs2894699	0.1	500	LAVA UK Biobank reference v1.1	PLACO_ONLY_CANDIDATE_LOCUS	No local-rg, fine-mapping, replication, or functional evidence included
placo_insomnia__mdd_chr13_53365563_54365563	insomnia__mdd	insomnia	mdd	13	53365563	54365563	rs9536383	1.13013343518583e-12	1	rs9536383	49	rs1079232;rs12552;rs12860317;rs1322938;rs1322944;rs1322949;rs1322951;rs13353100;rs1343610;rs1373272;rs1419218;rs1443908;rs1443914;rs1867368;rs1867370;rs1885767;rs1909650;rs1923771;rs1923773;rs2587363;rs2759700;rs2759714;rs2759716;rs2806933;rs2806939;rs2806947;rs2806949;rs2806971;rs2806974;rs2813576;rs4886202;rs6561709;rs6561712;rs7140116;rs7326087;rs7328879;rs7992723;rs7994915;rs8001960;rs9527083;rs9536354;rs9536375;rs9536381;rs9536383;rs9536401;rs9568807;rs9568844;rs9596775;rs9805634	0.1	500	LAVA UK Biobank reference v1.1	PLACO_ONLY_CANDIDATE_LOCUS	No local-rg, fine-mapping, replication, or functional evidence included
placo_insomnia__mdd_chr14_41646572_42646572	insomnia__mdd	insomnia	mdd	14	41646572	42646572	rs2121708	9.76341331087934e-10	1	rs2121708	12	rs10140527;rs10483526;rs1111179;rs11846556;rs12431444;rs1950829;rs1950835;rs1956450;rs2121708;rs7148091;rs8003822;rs8013655	0.1	500	LAVA UK Biobank reference v1.1	PLACO_ONLY_CANDIDATE_LOCUS	No local-rg, fine-mapping, replication, or functional evidence included
placo_insomnia__mdd_chr18_52604019_53604019	insomnia__mdd	insomnia	mdd	18	52604019	53604019	rs4468713	5.98321017202214e-11	1	rs4468713	20	rs10503002;rs11152363;rs12607679;rs1440477;rs2860511;rs2919450;rs2924321;rs2924329;rs2958162;rs2958166;rs2958175;rs2958186;rs3794891;rs4468713;rs4500831;rs4801150;rs7231748;rs7235757;rs732779;rs9966430	0.1	500	LAVA UK Biobank reference v1.1	PLACO_ONLY_CANDIDATE_LOCUS	No local-rg, fine-mapping, replication, or functional evidence included
placo_longsleep__bipolar_chr11_61081764_62081764	longsleep__bipolar	longsleep	bipolar	11	61081764	62081764	rs174560	1.12852534159925e-09	1	rs174560	19	rs174528;rs174529;rs174541;rs174544;rs174555;rs174556;rs174560;rs174561;rs174564;rs174566;rs174567;rs174576;rs174577;rs174581;rs174583;rs174584;rs28456;rs4246215;rs99780	0.1	500	LAVA UK Biobank reference v1.1	PLACO_ONLY_CANDIDATE_LOCUS	No local-rg, fine-mapping, replication, or functional evidence included
placo_longsleep__bipolar_chr15_84700520_85700520	longsleep__bipolar	longsleep	bipolar	15	84700520	85700520	rs1051168	1.55403598475489e-09	1	rs1051168	6	rs1051168;rs12904605;rs12908161;rs35630683;rs56864281;rs61074241	0.1	500	LAVA UK Biobank reference v1.1	PLACO_ONLY_CANDIDATE_LOCUS	No local-rg, fine-mapping, replication, or functional evidence included
placo_longsleep__bipolar_chr17_1335482_2335482	longsleep__bipolar	longsleep	bipolar	17	1335482	2335482	rs4790841	6.76043413279154e-09	1	rs4790841	1	rs4790841	0.1	500	LAVA UK Biobank reference v1.1	PLACO_ONLY_CANDIDATE_LOCUS	No local-rg, fine-mapping, replication, or functional evidence included
placo_longsleep__parkinson_chr2_135040546_136040546	longsleep__parkinson	longsleep	parkinson	2	135040546	136040546	rs7599054	6.70063507417781e-09	1	rs7599054	2	rs6430538;rs7599054	0.1	500	LAVA UK Biobank reference v1.1	PLACO_ONLY_CANDIDATE_LOCUS	No local-rg, fine-mapping, replication, or functional evidence included
placo_longsleep__parkinson_chr17_43049526_44049526	longsleep__parkinson	longsleep	parkinson	17	43049526	44049526	rs17631676	2.77077771691746e-21	1	rs17631676	2	rs11012;rs17631676	0.1	500	LAVA UK Biobank reference v1.1	PLACO_ONLY_CANDIDATE_LOCUS	No local-rg, fine-mapping, replication, or functional evidence included
placo_longsleep__parkinson_chr17_44319565_45319565	longsleep__parkinson	longsleep	parkinson	17	44319565	45319565	rs199443	5.85235180200079e-23	1	rs199443	11	rs169201;rs199443;rs199501;rs199513;rs199520;rs199530;rs199533;rs199534;rs199535;rs415430;rs7224296	0.1	500	LAVA UK Biobank reference v1.1	PLACO_ONLY_CANDIDATE_LOCUS	No local-rg, fine-mapping, replication, or functional evidence included
placo_longsleep__scz_chr2_57487593_58487593	longsleep__scz	longsleep	scz	2	57487593	58487593	rs11682175	2.87722393569123e-09	1	rs11682175	41	rs1040225;rs11682175;rs1356544;rs1356545;rs1401100;rs1518393;rs1518394;rs1568253;rs1568254;rs2465804;rs2678873;rs2678879;rs2678881;rs2678883;rs2678886;rs2678887;rs2678888;rs2678889;rs2678891;rs2678896;rs2678897;rs2678905;rs2678908;rs2678915;rs2683634;rs2717001;rs2717003;rs2717004;rs2717007;rs2717010;rs2717011;rs2717019;rs2717023;rs2717031;rs2717032;rs2717035;rs2717036;rs2717040;rs2717056;rs6732310;rs970941	0.1	500	LAVA UK Biobank reference v1.1	PLACO_ONLY_CANDIDATE_LOCUS	No local-rg, fine-mapping, replication, or functional evidence included
placo_longsleep__scz_chr3_52219816_53219816	longsleep__scz	longsleep	scz	3	52219816	53219816	rs10933	5.38579691791306e-09	1	rs10933	3	rs10933;rs11235;rs9879090	0.1	500	LAVA UK Biobank reference v1.1	PLACO_ONLY_CANDIDATE_LOCUS	No local-rg, fine-mapping, replication, or functional evidence included
placo_longsleep__scz_chr4_169728549_170728549	longsleep__scz	longsleep	scz	4	169728549	170728549	rs4692709	8.10380413218594e-09	1	rs4692709	1	rs4692709	0.1	500	LAVA UK Biobank reference v1.1	PLACO_ONLY_CANDIDATE_LOCUS	No local-rg, fine-mapping, replication, or functional evidence included
placo_longsleep__scz_chr7_104429267_105429267	longsleep__scz	longsleep	scz	7	104429267	105429267	rs6466056	1.22577295441789e-13	1	rs6466056	198	rs1010340;rs10224539;rs10228174;rs10238507;rs10241415;rs10247691;rs10252714;rs10266287;rs10266871;rs10281422;rs10281886;rs10487150;rs10808141;rs10953470;rs10953474;rs10953475;rs111843196;rs1121194;rs112142930;rs112510244;rs112675813;rs113117338;rs113404406;rs1135958;rs113743347;rs113860003;rs1142;rs1144;rs11760317;rs11765899;rs1204056;rs1204058;rs1204060;rs1204066;rs1204077;rs1204080;rs12154942;rs12155184;rs12155351;rs12334245;rs12530690;rs12532134;rs12532188;rs12532201;rs12532268;rs12533264;rs12534381;rs12535338;rs12536794;rs12537196;rs12537307;rs12668097;rs12671047;rs12705304;rs12705306;rs12705308;rs13226540;rs1468359;rs17270450;rs17342493;rs17640472;rs17640599;rs17640644;rs17707878;rs17708070;rs17777642;rs2003506;rs2040914;rs2040915;rs2057884;rs2074753;rs2097942;rs2106500;rs2192932;rs2240463;rs2252074;rs2299298;rs2299304;rs2299305;rs2299308;rs2299319;rs2299327;rs2385557;rs2385559;rs2428162;rs2430484;rs2430486;rs2470938;rs2470940;rs2470941;rs2470942;rs2470943;rs2470945;rs2470946;rs2470947;rs2470948;rs2470949;rs2470950;rs34387062;rs35601145;rs35757884;rs3779210;rs3801278;rs3801281;rs3801282;rs3801285;rs3801999;rs3823752;rs41562;rs41563;rs4266584;rs4282505;rs4406343;rs4496901;rs4580973;rs4727614;rs4727621;rs4730073;rs4730080;rs4730081;rs4730082;rs55671517;rs55712418;rs55949446;rs56251298;rs56281713;rs56338352;rs57423264;rs57599523;rs60358227;rs62484712;rs6466030;rs6466031;rs6466033;rs6466034;rs6466053;rs6466055;rs6466056;rs6466057;rs6466061;rs6466064;rs66469172;rs66482905;rs66599006;rs66912872;rs67154126;rs67162771;rs67421818;rs67780803;rs67909511;rs6943183;rs6945585;rs6948885;rs6949073;rs6949830;rs6950620;rs6954293;rs6954421;rs6954777;rs6954830;rs6954844;rs6955133;rs6955349;rs6958609;rs6963395;rs6963624;rs6963661;rs6965384;rs6967587;rs6967753;rs6974780;rs6974874;rs6974890;rs6978954;rs73186025;rs73186054;rs7776707;rs7780006;rs7782827;rs7790653;rs7792628;rs7794036;rs7796274;rs7797912;rs7797988;rs7800928;rs7801685;rs7801804;rs7802568;rs7805928;rs7806591;rs7808226;rs7809847;rs7811681;rs916705;rs917114;rs9640686;rs9649275	0.1	500	LAVA UK Biobank reference v1.1	PLACO_ONLY_CANDIDATE_LOCUS	No local-rg, fine-mapping, replication, or functional evidence included
placo_longsleep__scz_chr11_112877488_113877488	longsleep__scz	longsleep	scz	11	112877488	113877488	rs7111031	4.74596829644627e-10	1	rs7111031	28	rs11601054;rs17602038;rs2514218;rs34216353;rs35738585;rs4245150;rs4245154;rs4337071;rs4479021;rs4534613;rs4630328;rs4936275;rs4938021;rs4938023;rs61902787;rs61902807;rs61902811;rs6589377;rs6589379;rs6589381;rs7107293;rs7110440;rs7111031;rs7121986;rs7929453;rs7934649;rs7948028;rs7949802	0.1	500	LAVA UK Biobank reference v1.1	PLACO_ONLY_CANDIDATE_LOCUS	No local-rg, fine-mapping, replication, or functional evidence included
placo_longsleep__scz_chr15_84700520_85700520	longsleep__scz	longsleep	scz	15	84700520	85700520	rs1051168	5.71439759196031e-09	1	rs1051168	5	rs1051168;rs12904605;rs12908161;rs35630683;rs56864281	0.1	500	LAVA UK Biobank reference v1.1	PLACO_ONLY_CANDIDATE_LOCUS	No local-rg, fine-mapping, replication, or functional evidence included
placo_longsleep__scz_chr17_43325576_45343136	longsleep__scz	longsleep	scz	17	43325576	45343136	rs62073157	6.18933935859962e-14	3	rs62073157;rs62054437;rs199528	1832	rs10221243;rs10445333;rs10445334;rs10445336;rs10445337;rs10445338;rs10445362;rs10445363;rs10445364;rs10445369;rs10445370;rs10445371;rs10451283;rs10491144;rs10514879;rs10514897;rs10514898;rs10514901;rs10514904;rs1052551;rs1052553;rs1052587;rs1052590;rs1078268;rs1078269;rs1078830;rs11012;rs1105569;rs1105570;rs1107820;rs11079717;rs11079719;rs11079720;rs11079721;rs11079723;rs11079724;rs11079725;rs11079729;rs111259120;rs111273167;rs111295615;rs111324579;rs111327992;rs111364350;rs111370985;rs111372048;rs111374028;rs111415173;rs111423688;rs111424940;rs111447859;rs111497072;rs111519055;rs111520035;rs111541901;rs111652694;rs111676341;rs111678697;rs111724389;rs1117253;rs111739681;rs111853996;rs111913701;rs111952388;rs111970616;rs111976319;rs112058117;rs112074397;rs112102887;rs112116311;rs112137135;rs112155389;rs112169475;rs112197756;rs112206871;rs1122380;rs1122381;rs112275277;rs112333322;rs112385572;rs112415880;rs112431991;rs112454267;rs112538459;rs112570965;rs112572874;rs112578465;rs112583797;rs112596352;rs112647192;rs112746008;rs112813897;rs112893440;rs112915466;rs112950348;rs112995313;rs113120855;rs113134013;rs113277432;rs113327263;rs113347741;rs113395365;rs113414067;rs113434679;rs113520245;rs113537106;rs113575082;rs113589236;rs113638513;rs113661667;rs113728380;rs113756354;rs113788190;rs113793114;rs113834264;rs113856644;rs113857334;rs113871181;rs113909426;rs113934115;rs113952577;rs113991678;rs11575895;rs11575896;rs117365970;rs117368197;rs117646503;rs118087478;rs12149995;rs12150064;rs12150090;rs12150091;rs12150104;rs12150111;rs12150125;rs12150127;rs12150141;rs12150162;rs12150170;rs12150195;rs12150223;rs12150229;rs12150230;rs12150235;rs12150242;rs12150254;rs12150332;rs12150336;rs12150344;rs12150363;rs12150390;rs12150438;rs12150447;rs12150451;rs12150454;rs12150455;rs12150460;rs12150464;rs12150469;rs12150515;rs12150516;rs12150527;rs12150542;rs12150547;rs12150551;rs12150558;rs12150570;rs12150576;rs12150608;rs12150610;rs12150611;rs12150621;rs12150628;rs12150658;rs12150672;rs12150683;rs12185225;rs12185235;rs12185243;rs12185268;rs12373123;rs12373124;rs12373139;rs12373140;rs12373168;rs12452273;rs12939187;rs12940792;rs12942666;rs12942951;rs12943085;rs12946723;rs12946900;rs12947718;rs12948216;rs12949256;rs12952764;rs1378358;rs1396862;rs142167;rs1467962;rs1467963;rs1467966;rs1467968;rs1467969;rs1467970;rs1468241;rs1476127;rs1476554;rs149366495;rs1526125;rs1526126;rs1526128;rs1526129;rs1560310;rs1560311;rs1568949;rs1568950;rs1568951;rs1608955;rs1630095;rs1631850;rs1635288;rs1635291;rs169201;rs16940633;rs16940665;rs16940668;rs16940671;rs16940672;rs16940674;rs16940676;rs16940677;rs16940799;rs16940806;rs16940904;rs16941035;rs16941038;rs1706746;rs1724390;rs1724400;rs1724401;rs1724407;rs1724409;rs17334797;rs17334894;rs17334923;rs17334944;rs17425752;rs17426064;rs17426195;rs17563433;rs17563501;rs17563599;rs17563683;rs17563718;rs17563800;rs17563827;rs17563861;rs17563923;rs17563965;rs17563986;rs17564020;rs17564153;rs17564223;rs17564493;rs17564591;rs17564619;rs17564703;rs17564780;rs17564829;rs17564871;rs17564948;rs17564983;rs17565025;rs17571718;rs17571739;rs17571781;rs17571809;rs17571857;rs17572147;rs17572169;rs17572248;rs17572361;rs17572467;rs17572495;rs17572613;rs17573245;rs17573447;rs17573593;rs17573607;rs17573858;rs17573907;rs17574040;rs17574228;rs17574361;rs17574604;rs17574796;rs17574824;rs17575423;rs17575507;rs17575556;rs17575683;rs17575773;rs17575822;rs17575850;rs17576165;rs17576200;rs17576779;rs17576842;rs17576870;rs17576954;rs17576989;rs17577024;rs17577052;rs17577094;rs17577159;rs17577313;rs17577369;rs17577496;rs17577650;rs17577877;rs17577954;rs17577975;rs17631303;rs17631676;rs17649019;rs17649138;rs17649518;rs17649553;rs17649571;rs17649635;rs17649641;rs17649866;rs17649918;rs17649954;rs17650063;rs17650258;rs17650335;rs17650381;rs17650417;rs17650579;rs17650633;rs17650651;rs17650771;rs17650818;rs17650842;rs17650860;rs17650872;rs17650901;rs17650991;rs17651093;rs17651134;rs17651213;rs17651243;rs17651285;rs17651483;rs17651549;rs17651754;rs17651857;rs17651887;rs17652036;rs17652121;rs17652337;rs17652502;rs17652520;rs17652748;rs17652961;rs17653162;rs17653193;rs17653211;rs17653255;rs17653906;rs17653998;rs17654016;rs17659731;rs17659881;rs17659953;rs17660065;rs17660132;rs17660167;rs17660228;rs17660251;rs17660294;rs17660337;rs17660398;rs17660464;rs17660488;rs17660595;rs17660847;rs17660865;rs17660907;rs17660936;rs17661015;rs17661027;rs17661348;rs17661385;rs17665188;rs17686610;rs17687462;rs17687504;rs17687534;rs17687571;rs17687625;rs17687667;rs17687838;rs17687849;rs17688032;rs17688056;rs17688068;rs17688090;rs17688126;rs17688249;rs17688296;rs17688391;rs17688410;rs17688434;rs17688452;rs17688511;rs17688558;rs17688767;rs17688773;rs17688875;rs17688922;rs17689104;rs17689116;rs17689218;rs17689378;rs17689471;rs17689824;rs17689882;rs17689918;rs17690176;rs17690314;rs17690326;rs17690661;rs17690679;rs17690703;rs17690987;rs17691328;rs17691466;rs17691610;rs17760577;rs17760631;rs17760733;rs17761046;rs17761100;rs17761207;rs17761387;rs17761581;rs17761838;rs17761985;rs17762073;rs17762165;rs17762308;rs17762361;rs17762535;rs17762769;rs17762882;rs17762912;rs17762954;rs17763050;rs17763086;rs17763199;rs17763515;rs17763533;rs17763596;rs17763634;rs17769490;rs17769552;rs17770108;rs17770120;rs17770150;rs17770186;rs17770296;rs17770337;rs17770343;rs1800547;rs183211;rs1864324;rs1864325;rs1876827;rs1876828;rs1876829;rs1876830;rs1876831;rs1879581;rs1879583;rs1879585;rs1880749;rs1880752;rs1912151;rs1918786;rs1918787;rs1966345;rs1981997;rs1981998;rs1984937;rs1991556;rs199436;rs199438;rs199439;rs199441;rs199442;rs199443;rs199444;rs199445;rs199446;rs199447;rs199448;rs199449;rs199451;rs199452;rs199453;rs199454;rs199455;rs199456;rs199457;rs199461;rs199470;rs199501;rs199502;rs199504;rs199505;rs199506;rs199507;rs199509;rs199512;rs199513;rs199514;rs199516;rs199517;rs199518;rs199519;rs199520;rs199523;rs199524;rs199525;rs199527;rs199528;rs199529;rs199530;rs199531;rs199533;rs199534;rs199535;rs199536;rs200403;rs2004260;rs2004673;rs2019816;rs2040844;rs2040846;rs2049515;rs2055794;rs2055795;rs2066899;rs2077606;rs2082068;rs2090847;rs2097760;rs2106784;rs2106785;rs2139890;rs2158072;rs2158257;rs2163129;rs2163130;rs2188888;rs2217394;rs2316763;rs2316764;rs2316765;rs2316769;rs2316771;rs2316772;rs2316773;rs2316774;rs2316782;rs2316784;rs2316953;rs2316955;rs241020;rs241021;rs241022;rs241023;rs241024;rs241026;rs241027;rs241028;rs241029;rs241030;rs241031;rs241032;rs241033;rs241035;rs241036;rs241037;rs241038;rs241041;rs241042;rs241044;rs241045;rs242559;rs242561;rs2435204;rs2532329;rs2532363;rs2668622;rs2668632;rs2668662;rs2668665;rs2668670;rs2668692;rs2668694;rs2684641;rs2696524;rs2696532;rs2696610;rs2732601;rs2732629;rs2732705;rs2732706;rs2732708;rs28364021;rs28364023;rs28364025;rs2838;rs28416808;rs28439143;rs28439278;rs2864087;rs2873268;rs2873269;rs2902661;rs2902662;rs2942166;rs2942167;rs2942168;rs2942170;rs2960000;rs3087534;rs3108317;rs34008514;rs34018943;rs34043286;rs34063617;rs34097347;rs34104358;rs3418;rs34195569;rs34283254;rs34286926;rs34303488;rs34416056;rs34465449;rs34579278;rs34579536;rs34739559;rs34792542;rs35076622;rs35282504;rs35327136;rs35389313;rs35420583;rs35489312;rs35519908;rs35626715;rs35631660;rs35833914;rs35879086;rs35884427;rs36076725;rs36078910;rs36114997;rs365825;rs366858;rs376120;rs3785884;rs383241;rs385691;rs3885074;rs3885075;rs389217;rs389978;rs3912060;rs3912061;rs3912062;rs3912063;rs3919455;rs393152;rs393675;rs3946526;rs396593;rs4074462;rs41280116;rs41280118;rs413519;rs41374248;rs413778;rs41382552;rs413844;rs41384744;rs413917;rs41437445;rs41457044;rs415430;rs417968;rs422112;rs4277389;rs4283261;rs4306559;rs430685;rs4309444;rs4327090;rs4327091;rs4335809;rs4340365;rs4341787;rs434428;rs434598;rs434805;rs434971;rs436667;rs4371195;rs4383188;rs4390635;rs439558;rs439945;rs4401083;rs440778;rs444071;rs4441322;rs4471723;rs4471726;rs4479288;rs4479289;rs4479290;rs4482334;rs4486953;rs448830;rs449501;rs4510068;rs4523962;rs4525537;rs453997;rs4548919;rs455028;rs4566211;rs4566212;rs4569335;rs4581739;rs4606752;rs4608377;rs4609898;rs4609899;rs4617909;rs4627402;rs4630591;rs4792824;rs55638417;rs55643511;rs55645418;rs55646970;rs55648326;rs55652155;rs55653657;rs55653937;rs55653963;rs55657917;rs55660209;rs55662347;rs55663797;rs55668363;rs55669046;rs55669501;rs55671319;rs55672516;rs55673092;rs55673340;rs55682376;rs55685451;rs55686102;rs55690782;rs55692232;rs55703888;rs55707339;rs55709241;rs55711941;rs55718212;rs55719714;rs55721252;rs55726761;rs55736025;rs55746869;rs55747440;rs55751924;rs55760800;rs55767267;rs55768605;rs55779147;rs55780786;rs55780945;rs55781174;rs55787105;rs55787734;rs55788678;rs55793500;rs55794067;rs55801356;rs55810795;rs55823844;rs55831516;rs55838058;rs55849949;rs55849973;rs55864131;rs55865707;rs55874169;rs55876817;rs55877243;rs55881134;rs55886302;rs55888391;rs55893711;rs55894109;rs55895732;rs55896111;rs55900347;rs55905252;rs55907036;rs55909047;rs55915917;rs55925547;rs55927630;rs55929431;rs55933304;rs55937610;rs55938136;rs55942528;rs55943044;rs55943606;rs55943825;rs55944735;rs55946323;rs55947022;rs55947210;rs55960528;rs55962674;rs55972157;rs55972730;rs55973918;rs55974014;rs55975673;rs55978005;rs55980621;rs55989971;rs55991914;rs55996632;rs56002706;rs56005713;rs56006248;rs56013908;rs56020833;rs56023973;rs56036719;rs56040418;rs56042957;rs56043078;rs56046792;rs56062621;rs56070245;rs56080482;rs56082319;rs56099546;rs56100013;rs56100031;rs56101773;rs56109643;rs56110538;rs56113217;rs56119705;rs56127111;rs56127309;rs56136075;rs56146262;rs56150806;rs56160448;rs56166491;rs56167560;rs56168907;rs56168933;rs56178230;rs56180212;rs56189701;rs56192752;rs56194412;rs56194509;rs56197117;rs56200760;rs56212100;rs56214516;rs56220242;rs56226437;rs56233672;rs56234850;rs56236914;rs56249080;rs56249311;rs56249780;rs56254732;rs56257094;rs56268325;rs56269136;rs56280222;rs56280951;rs56283089;rs56288604;rs56289364;rs56290582;rs56294117;rs56295996;rs56298110;rs56299858;rs56301449;rs56301633;rs56303031;rs56303672;rs56312737;rs56317731;rs56318865;rs56319902;rs56323304;rs56323408;rs56323722;rs56323832;rs56328224;rs56329743;rs56343551;rs56347602;rs56354807;rs56357543;rs56364632;rs56365901;rs56378631;rs56380663;rs56384960;rs56385754;rs56387266;rs56387391;rs56391096;rs56397077;rs56398500;rs56400821;rs56971664;rs57222984;rs58879558;rs594591;rs60814418;rs611351;rs61667602;rs62053939;rs62053940;rs62053943;rs62053945;rs62053946;rs62053947;rs62053948;rs62053949;rs62053950;rs62053952;rs62053953;rs62053954;rs62053955;rs62053956;rs62053957;rs62054378;rs62054380;rs62054381;rs62054382;rs62054383;rs62054384;rs62054387;rs62054388;rs62054389;rs62054390;rs62054392;rs62054393;rs62054395;rs62054396;rs62054397;rs62054398;rs62054399;rs62054400;rs62054411;rs62054412;rs62054414;rs62054417;rs62054418;rs62054419;rs62054421;rs62054424;rs62054425;rs62054427;rs62054428;rs62054429;rs62054431;rs62054432;rs62054433;rs62054434;rs62054436;rs62054437;rs62054438;rs62054439;rs62054442;rs62054760;rs62054761;rs62054762;rs62054803;rs62054804;rs62054805;rs62054806;rs62054809;rs62054815;rs62054817;rs62054818;rs62054819;rs62054820;rs62054822;rs62054823;rs62054824;rs62054825;rs62054831;rs62054832;rs62054833;rs62054834;rs62054835;rs62054841;rs62054842;rs62054843;rs62054844;rs62054846;rs62054857;rs62054858;rs62054859;rs62055461;rs62055462;rs62055463;rs62055464;rs62055466;rs62055467;rs62055468;rs62055469;rs62055470;rs62055471;rs62055475;rs62055477;rs62055478;rs62055483;rs62055486;rs62055488;rs62055490;rs62055491;rs62055492;rs62055493;rs62055494;rs62055495;rs62055496;rs62055497;rs62055498;rs62055500;rs62055501;rs62055502;rs62055515;rs62055516;rs62055517;rs62055518;rs62055525;rs62055529;rs62055538;rs62055539;rs62055540;rs62055542;rs62055544;rs62055545;rs62055546;rs62055547;rs62055548;rs62055550;rs62055552;rs62055553;rs62055554;rs62055555;rs62055556;rs62055557;rs62055558;rs62055559;rs62055661;rs62055662;rs62055663;rs62055664;rs62055665;rs62055689;rs62055691;rs62055693;rs62055697;rs62055698;rs62055700;rs62055701;rs62055702;rs62055704;rs62055705;rs62055706;rs62055707;rs62055708;rs62055709;rs62055711;rs62055712;rs62055713;rs62055714;rs62055715;rs62055716;rs62055717;rs62055718;rs62055751;rs62055752;rs62055753;rs62055868;rs62055869;rs62055871;rs62055875;rs62055876;rs62055878;rs62055884;rs62055885;rs62055886;rs62055887;rs62055888;rs62055889;rs62055890;rs62055893;rs62055894;rs62055895;rs62055896;rs62055901;rs62055903;rs62055928;rs62055932;rs62055933;rs62055935;rs62055937;rs62055938;rs62055940;rs62055942;rs62055943;rs62055945;rs62055946;rs62055947;rs62055948;rs62055950;rs62055955;rs62055956;rs62055957;rs62056760;rs62056773;rs62056774;rs62056775;rs62056776;rs62056777;rs62056779;rs62056780;rs62056781;rs62056782;rs62056785;rs62056786;rs62056789;rs62056790;rs62056791;rs62056792;rs62056793;rs62056794;rs62056795;rs62056796;rs62056801;rs62056802;rs62056803;rs62056804;rs62056805;rs62056806;rs62056808;rs62056809;rs62056810;rs62056811;rs62056812;rs62056835;rs62056837;rs62056838;rs62056839;rs62056840;rs62056841;rs62056848;rs62056850;rs62056851;rs62056859;rs62056861;rs62056862;rs62056863;rs62056864;rs62056865;rs62056866;rs62056867;rs62056869;rs62056870;rs62056872;rs62056873;rs62056874;rs62056876;rs62056877;rs62056878;rs62056879;rs62056880;rs62056881;rs62056905;rs62056906;rs62056909;rs62056910;rs62056911;rs62056912;rs62056913;rs62056916;rs62056917;rs62056918;rs62056919;rs62056920;rs62056921;rs62056925;rs62056927;rs62056928;rs62056929;rs62056930;rs62056931;rs62056933;rs62056934;rs62056935;rs62056937;rs62056939;rs62056946;rs62057062;rs62057063;rs62057064;rs62057065;rs62057067;rs62057068;rs62057069;rs62057070;rs62057073;rs62057101;rs62057103;rs62057107;rs62057108;rs62057109;rs62057110;rs62057111;rs62057114;rs62057116;rs62057118;rs62057119;rs62057122;rs62057123;rs62057143;rs62057144;rs62057146;rs62057147;rs62057149;rs62057150;rs62057151;rs62057153;rs62057154;rs62057155;rs62057158;rs62058962;rs62058964;rs62058968;rs62059003;rs62059004;rs62059005;rs62059007;rs62059008;rs62059009;rs62060760;rs62060761;rs62060762;rs62060763;rs62060764;rs62060765;rs62060767;rs62060768;rs62060785;rs62060786;rs62060787;rs62060793;rs62060794;rs62060795;rs62060796;rs62060797;rs62060798;rs62060799;rs62060800;rs62060801;rs62060802;rs62060809;rs62060810;rs62060812;rs62060835;rs62060836;rs62060838;rs62060839;rs62060840;rs62060843;rs62060845;rs62060846;rs62060847;rs62060851;rs62060852;rs62060853;rs62060855;rs62060856;rs62060859;rs62061705;rs62061706;rs62061707;rs62061708;rs62061709;rs62061712;rs62061713;rs62061714;rs62061715;rs62061716;rs62061719;rs62061720;rs62061721;rs62061726;rs62061727;rs62061728;rs62061729;rs62061730;rs62061731;rs62061732;rs62061733;rs62061734;rs62061764;rs62061766;rs62061767;rs62061771;rs62061772;rs62061788;rs62061789;rs62061790;rs62061791;rs62061792;rs62061793;rs62061795;rs62061796;rs62061803;rs62061808;rs62061809;rs62061810;rs62061811;rs62061812;rs62061814;rs62061815;rs62061816;rs62061817;rs62061821;rs62061822;rs62061823;rs62061824;rs62061847;rs62061848;rs62061849;rs62061850;rs62061851;rs62061852;rs62061853;rs62061854;rs62062134;rs62062136;rs62062137;rs62062266;rs62062267;rs62062268;rs62062270;rs62062274;rs62062275;rs62062276;rs62062278;rs62062281;rs62062282;rs62062283;rs62062284;rs62062285;rs62062286;rs62062288;rs62062290;rs62062292;rs62062293;rs62062294;rs62062295;rs62062296;rs62062297;rs62062321;rs62062322;rs62062769;rs62062770;rs62062771;rs62062772;rs62062773;rs62062774;rs62062776;rs62062777;rs62062778;rs62062779;rs62062780;rs62062781;rs62062782;rs62062783;rs62062785;rs62062787;rs62062788;rs62062789;rs62062790;rs62062791;rs62062792;rs62062793;rs62062794;rs62062795;rs62062796;rs62062797;rs62062798;rs62062799;rs62062800;rs62062801;rs62062802;rs62062803;rs62062805;rs62062806;rs62062813;rs62063163;rs62063164;rs62063165;rs62063166;rs62063171;rs62063172;rs62063200;rs62063202;rs62063203;rs62063207;rs62063208;rs62063262;rs62063264;rs62063265;rs62063266;rs62063269;rs62063271;rs62063275;rs62063276;rs62063278;rs62063279;rs62063281;rs62063282;rs62063291;rs62063292;rs62063293;rs62063294;rs62063295;rs62063296;rs62063298;rs62063299;rs62063300;rs62063303;rs62063304;rs62063305;rs62063306;rs62063670;rs62063671;rs62063673;rs62063676;rs62063677;rs62063680;rs62063681;rs62063682;rs62063683;rs62063684;rs62063687;rs62063774;rs62063775;rs62063776;rs62063777;rs62063778;rs62063779;rs62063780;rs62063783;rs62063784;rs62063786;rs62063787;rs62063795;rs62063796;rs62063798;rs62063800;rs62063845;rs62063846;rs62063849;rs62063850;rs62063852;rs62063853;rs62063854;rs62063855;rs62063856;rs62063857;rs62063859;rs62064600;rs62064603;rs62064637;rs62064641;rs62064643;rs62064645;rs62064646;rs62064647;rs62064649;rs62064651;rs62064652;rs62064653;rs62064654;rs62064655;rs62064657;rs62064660;rs62064661;rs62064662;rs62064663;rs62064664;rs62064665;rs62064666;rs62064668;rs62064669;rs62064671;rs62064672;rs62064674;rs62064675;rs62065374;rs62065377;rs62065378;rs62065379;rs62065385;rs62065389;rs62065404;rs62065436;rs62065437;rs62065438;rs62065442;rs62065445;rs62065448;rs62065449;rs62065450;rs62065453;rs62073098;rs62073157;rs62621252;rs62641967;rs63750417;rs647483;rs6503443;rs6503457;rs650927;rs671740;rs681485;rs70600;rs70602;rs71238846;rs71373560;rs71373572;rs71375313;rs7207373;rs7207582;rs7209501;rs7210219;rs7215239;rs7218319;rs7220206;rs7220752;rs7221390;rs7222389;rs7222444;rs7224296;rs7225002;rs727425;rs733966;rs733967;rs733968;rs733969;rs7350923;rs7350928;rs7350980;rs739642;rs739643;rs739645;rs73984391;rs73984689;rs74348235;rs74373419;rs74398257;rs74457229;rs74464991;rs74481389;rs74496580;rs74509629;rs74514268;rs74548327;rs74571696;rs74573628;rs74579538;rs747152;rs74759276;rs74765707;rs74829364;rs74850776;rs74863825;rs74903707;rs74922289;rs74944644;rs74998289;rs75010486;rs7501759;rs7502718;rs7502937;rs75076131;rs75104593;rs75115093;rs75210307;rs75229280;rs75242405;rs75257002;rs75310534;rs753235;rs753236;rs75403953;rs75412750;rs75500942;rs75534191;rs75617973;rs75641221;rs75643244;rs75652502;rs75666751;rs75686108;rs75690239;rs757055;rs75715199;rs757500;rs757501;rs757502;rs757503;rs75839508;rs75916678;rs75944932;rs75945623;rs75975083;rs75986348;rs75990322;rs76007856;rs76090253;rs76171147;rs76294809;rs76307183;rs76311426;rs76324150;rs76329216;rs76333921;rs76344126;rs76357066;rs76380490;rs76421814;rs76453925;rs76500077;rs76618565;rs76627340;rs76640332;rs767056;rs767057;rs767058;rs76717812;rs76723223;rs76728632;rs76761511;rs76761706;rs76830096;rs7687;rs76885724;rs76924476;rs77017444;rs77063768;rs77084869;rs77092481;rs77095128;rs77114624;rs77129180;rs77138434;rs77220413;rs77290642;rs77301847;rs77370070;rs77387379;rs77426526;rs77489223;rs77513497;rs77527347;rs77555455;rs77561671;rs77604208;rs77625338;rs77635460;rs77692262;rs77804065;rs77819001;rs77849344;rs77875796;rs77924366;rs77924424;rs77925835;rs77926909;rs77950913;rs77965652;rs78052495;rs78074121;rs78077519;rs78104015;rs78136862;rs78209533;rs78229689;rs78238042;rs78328427;rs78440279;rs78471340;rs78487840;rs78506181;rs78555354;rs78556223;rs78587102;rs78637438;rs78681971;rs78720789;rs78729125;rs78803763;rs78834738;rs78872653;rs78917479;rs78917495;rs78929339;rs78938131;rs79065019;rs79115768;rs79172804;rs79180862;rs79193046;rs79226879;rs79252344;rs79290980;rs79301522;rs79322350;rs79346219;rs79348289;rs79406732;rs79412431;rs79447161;rs79492906;rs79501144;rs79545140;rs79580365;rs79589869;rs79600142;rs79649865;rs79698033;rs79730878;rs79742625;rs79765413;rs79772576;rs79772780;rs79782347;rs79857651;rs79860128;rs79882507;rs79889833;rs79892630;rs79923630;rs79923708;rs79959255;rs80020809;rs80072429;rs80143279;rs80157557;rs80184151;rs80233201;rs80346216;rs8070723;rs8070942;rs8071011;rs8072451;rs8073146;rs8077487;rs8078495;rs8080583;rs8712;rs872972;rs876944;rs878887;rs878888;rs885639;rs886249;rs916793;rs916888;rs919462;rs919464;rs9303525;rs9468;rs968027;rs968028;rs974292;rs974293;rs9891103;rs9897399;rs9907738;rs9912530;rs9944484	0.1	500	LAVA UK Biobank reference v1.1	PLACO_ONLY_CANDIDATE_LOCUS	No local-rg, fine-mapping, replication, or functional evidence included
