job_id	kind	estimates	receipt_sha256	capture_sha256	command_input_dependency_output_bindings_pass	reused_success_preserved	delete_arrays_200
extension_h2_panukbb_biomarkers__30890__both_sexes__na__irnt	h2	1	087e968b0c2de4081be3545a7771483fcf1a291503a07f8b05a14be537fbd045	baff861445ae0eeaaa6584347b597e065f4ccf301d640216164fd96ab61ce7ab	True	True	2
extension_h2_panukbb_continuous__30060__both_sexes__na__irnt	h2	1	839f39106c0b6bb91357c07b6e0fd25fe1f2046d1d1af941d56e62e7a13ea3b3	d754f7755f497040e4e4abecaa0de846fb39f89d28f5ad3c05ec6ba4de9743d2	True	True	2
extension_h2_panukbb_continuous__30510__both_sexes__na__irnt	h2	1	f62a175486b9e43cf3eb4fef91f8868ac1db79abc0e9740b7678ce3bf6523c9f	7d8b10173931d6ef83448ea632017b038f666954314d910847f82779d5c64d91	True	True	2
extension_h2_panukbb_continuous__30520__both_sexes__na__irnt	h2	1	44eca410f536c9d4d2dcadc928eec53d20b44ceb5cc6b505abf80633dd9693aa	c4253e66a9be7717a74f78f409f349d7fce25c38912ee49dd5c7aac46bbe978c	True	True	2
extension_h2_panukbb_continuous__30530__both_sexes__na__irnt	h2	1	73afe18bd5efe41aad2e6925ec731e60de054f723151f8f9e2109b538fd15cb3	9bbca9c598fab16e295e900c1665cc3988124c94c92f4c3aaa8de24bbf2745f2	True	True	2
extension_h2_panukbb_phecode__594__both_sexes__na__na	h2	1	0a0a94438f68c103e8a2ce829fa836d745464669f4b05529b943658bbe8c2a6f	aa81f57a861de57723cd453ed786cb0e8c2b52a3d398185fd9f2b062f6774c3e	True	True	2
extension_h2_panukbb_icd10__j44__both_sexes__na__na	h2	1	1c136902f79f86e83d292b4acc0c1183fc9028c9def8916ef8f992300f4f57fb	db62033c0e0378defa6e4a6cb914d770c63da8411394d1bf9526afe34b7649b2	True	True	2
extension_h2_panukbb_continuous__3064__both_sexes__na__irnt	h2	1	836de192b2fd38fd21b426dc5df6be381620b8a4029271304ce52fa4745cca03	57c1c2570efc715426c119434ee717334ec28e2e63c4788d1448ced1ebb46c1f	True	True	2
extension_h2_panukbb_categorical__2316__both_sexes__2316__na	h2	1	28c92572967eb33c3ff9347c57dd68f949cb360831e73258c163117c9ca03bdc	a3fb18b9724228824aee93359ba91c39e73867598a4244749450420c9223cc07	True	True	2
extension_h2_panukbb_phecode__496_2__both_sexes__na__na	h2	1	2282a3670f55105b9b8e069a54744727a0cae9be0104b19f6100757e227c0242	4df02167b57e8d9c009d4452334ec2d445e6b22bbe90a76fb51f345e5369fb41	True	True	2
extension_h2_panukbb_icd10__k21__both_sexes__na__na	h2	1	4cdac15acdbb5ec03137f202b5c76fa8be339e91eb420b25aef4baf1d312978d	34d2e9c85a86b719188a0b493839cf56d715b01c12237a7bc1ee2e43e467a786	True	True	2
extension_h2_panukbb_icd10__k80__both_sexes__na__na	h2	1	b3d124cf79468d4dce92362a4efe978009ccfcb34e5741fc0bca492ef0368c01	adf3e479d57a0b3fb746eceb755979047722b498af027b8ef519aa24244b76f0	True	True	2
extension_h2_panukbb_phecode__550_2__both_sexes__na__na	h2	1	9b2343f79b30e24a7cf860e5cbf91d2fce2b61461ea9d189a1b9857a9c5d5aab	9c1621b51978bd41ea695a2c4c5d1c25460728448ac4fe7e4a6e74427e65e1d0	True	True	2
extension_h2_panukbb_phecode__550_4__both_sexes__na__na	h2	1	0dc6eee9d30ddb79f97a66da2aa0854c2e00fd4e913b7e7bfaf7ab02be97e523	cf20b39b34f5c52a7c0a0957e5999181c4c29b15b056dcb57276771678de0fb5	True	True	2
extension_h2_panukbb_phecode__558__both_sexes__na__na	h2	1	8665e56edae37cd72372a2a701bb18405bc338ce7c7d0ac711ffc5166ffb4db8	90cd130c38b0bf052edcb06934484712b51f8cf62f71490221d228cba98d0f68	True	True	2
extension_h2_panukbb_phecode__785__both_sexes__na__na	h2	1	1c674b9ef81a15e15810e6677e91c7f00d602ba3ed4d36568a39a30a1d9316a1	7ba4833940f84b8f1daef5519c3fc9c463cf63573db1b055f9e26384fb7aa40c	True	True	2
extension_h2_panukbb_categorical__41200__both_sexes__j183__na	h2	1	8b47d5278200fe3468f378c597f460ee008ec99507f94fc185516ff7799abcac	4d579381fe41a8169d61180e7ae69cbbd23005abbb533da50e533fe32a821810	True	True	2
extension_h2_panukbb_categorical__20004__both_sexes__1483__na	h2	1	21eaeed8c4932beb5bb8020040840c45c4a37728f762347a4bf22f07fac7b6cf	ed43c5bb20775a841bbeccb990284500a6afdba5cc7d448a5d3019fa259a9a68	True	True	2
extension_h2_panukbb_continuous__5116__both_sexes__na__irnt	h2	1	1bde831051d3222adc276de40729718dadb46d1b02d1712d9d81dd802dc89013	6d36b79e45940a9b7cc009481140fa71182485917a30bbe8996fd6e6ce88cbcf	True	True	2
extension_h2_panukbb_continuous__5096__both_sexes__na__irnt	h2	1	c8ecc14f8fa3229cdcef87a11ed477cb10cd60c97eb64c691ebbb8bb409c482c	275421b4baa574ba406c7954f182144ad2499551c20de20864fd94097a13098c	True	True	2
extension_h2_panukbb_continuous__5257__both_sexes__na__irnt	h2	1	a9f351591835ec0c5b220cd334b097deb042b5eacb3bb24fcacfc9a7bc526adf	d648521a7cfbefaa61c70b7a32d98d94aedb71c91e8beb38e2be174dc6bc3da5	True	True	2
extension_h2_panukbb_continuous__2217__both_sexes__na__irnt	h2	1	9331896dbef4fadf67b6e80f96f41bbdf7ac0e358ecef7f260ee44365bddf175	61feb55c28e6d71e2d69dc841325667a1eb1dc3a18d88d00b02ad2fef662e57c	True	True	2
extension_h2_panukbb_categorical__2207__both_sexes__2207__na	h2	1	be23fb68f842645cb71dcf1555b2bfbe08398658aba103769db57f49de38f9f4	5cf7610bcab725d0509b3dc49585d7669e0552b38f549c4cae1841fc8132d983	True	True	2
extension_h2_panukbb_categorical__3393__both_sexes__3393__na	h2	1	dd5744de25ac236a2a9ae159346cdf4d9f2edd9bbecabcb71a1f3773c9d50111	6ac07568c4dca15202fccf1e874ba35f0231e476f2506aa73f5721e080e85772	True	True	2
extension_h2_panukbb_categorical__2257__both_sexes__2257__na	h2	1	6f054d90c8f80a8b6e47f6ad01a1bc86d59cff51dbc26b7065a30a0468e47fca	45cf52ff79d980247e75a39d3a74de3c571bb8406bc86b3ca6aec7e01030c458	True	True	2
extension_h2_panukbb_prescriptions__latanoprost__both_sexes__na__na	h2	1	ed864a06dcd95f29b1f9d788a3dcb8aff2e5c922d4947d3143781c3610c3802b	962dc1d2485b57cba893233de687d35e7b60507f408f8242a86d33fa04c83862	True	True	2
extension_h2_panukbb_icd10__m16__both_sexes__na__na	h2	1	9e59131a4ff1a0defc560e350adc18c3332bd8e5d5891552365e1c14ed5a573b	5efe1b0b133feca98d5d8d964f89947c968cc0fd303124659b43ff99764da811	True	True	2
extension_h2_panukbb_icd10__m17__both_sexes__na__na	h2	1	6da2f849afd7e288b2fc105ff7bc8826332f2f41e7a65fbcf7246d556eacb750	030bb3d1b0ea039741e77eed783b8ef6a5bda938f22238eb5f64e6e3a6e1620b	True	True	2
extension_h2_panukbb_icd10__m51__both_sexes__na__na	h2	1	6cd7cb922e081b85263068a9d9d8f74fa77721f9ebf62e77258a6d4d3069c176	17d97f985193517c90d656ed61b04c4e89e5252d80d79e8b746a04f0f05559f0	True	True	2
extension_h2_panukbb_continuous__4105__both_sexes__na__irnt	h2	1	070b1b401df1e9fee226697c0fe9215f4849ca3adab19561104018cd7b9f6094	d8e7aa60c3e747ccc8263baac0fadafbf6eb6cb4c54f9e7e6b8e28f4e7a52251	True	True	2
extension_h2_panukbb_categorical__6151__both_sexes__7__na	h2	1	1319cb5512d2d026e64d56d48ebe00dd9bd0cd6f54e9d3eb4d7771fb98a147b3	be690c6b6cfc88ef48454bde3ff4c2603f467ec988db3eead69e60ef6d536101	True	True	2
extension_h2_panukbb_categorical__3571__both_sexes__3571__na	h2	1	e8c48f284bc04ff0767b4501cbcca89e0a711a4ccaa663665994ca522fe68e58	911730bd5c25b04633d0dc135cea3ecb23a03d91f4ded7c91e1beb81f7af7110	True	True	2
extension_h2_panukbb_categorical__6159__both_sexes__7__na	h2	1	b6e1235bdc77afee5fffe7e1ee68a77020d72a73dbd4b01e855d20ed67c8ad31	2827eeaecdfe6eedaa26fe5062a6487a34c32aedfa7bba2138faa0cfc53aae6d	True	True	2
extension_h2_panukbb_categorical__6159__both_sexes__8__na	h2	1	d4fcfda6cd1c426808f19406adeb7ea5a97af0d09541cc800aa0c9a143508ef5	6e7035a39838f62816e38b16f37daa45e8d19fc8a7adad4a5afe3fd784791f98	True	True	2
extension_h2_panukbb_phecode__740__both_sexes__na__na	h2	1	0526f7eb9bc2453083aa7fab1997f83ae9ed97af27dc43b510d006f2571ddcbe	2317c3f56165f4a3b153b50bde4be259deb80d8b8b6a225f466abdd06fc0b8c7	True	True	2
extension_h2_panukbb_phecode__835__both_sexes__na__na	h2	1	197585f3e60dd14340e80a1415e9184b508ab5bcb82b965404b23e4bd425ce64	5fc26851e38b29dde340111aae57074f8cdbe7fa2aeab875b1a5ab4715eadb28	True	True	2
extension_h2_panukbb_icd10__z88__both_sexes__na__na	h2	1	7967c112bc0c2f5bc997372e22b71b50c64a96c254bdb2e4c14ddda6915cc693	c4ac87086eedaae1f43f18eb0bf1ecf5ce22b45271f4462aae16fcb3715965b2	True	True	2
extension_h2_panukbb_phecode__960_2__both_sexes__na__na	h2	1	109505a4b8d6de877f93b0886e27720d8b9c9282019fb1a95cfe6a54e8bb7f2e	d5c910436dbd0360013cac0a28fe21f83c9dfe9fe387c02b8dbecc9a4f5e7436	True	True	2
extension_h2_panukbb_phecode__960__both_sexes__na__na	h2	1	0b5e8268600fbaf431c633f7ae130698e414eb6db994196e2d4bfd4259d150fa	674f98f3879d5924ea2433e4ac3dc0102f02df4780fdec575d819e20c92389bf	True	True	2
extension_h2_panukbb_prescriptions__amoxicillin_clavulanic_acid__both_sexes__na__na	h2	1	8f0464c08a7d934b76bc4db37e90b2a8bdff23bdffa765df99ca40322cfbb220	ab3aa4c4651ece6d43f2af7b8b463347bdc39e9cb6ba71cdfee07b680e16aa22	True	True	2
extension_h2_panukbb_prescriptions__clarithromycin__both_sexes__na__na	h2	1	ebfd2be6bd98d0c7208a648171f9ad6b254979ddb4775be586bc9194502d2340	330190a7644612864aee7caf308d8a2cedeba10039a09d83168214c73dcaa1aa	True	True	2
extension_h2_panukbb_categorical__20004__both_sexes__1478__na	h2	1	51b1bd86a7a4849416d7e5a22bf18c8965086b8523888c1526a71cff14d98b31	9bf8d5b442fa8a6efa820046569979a0888b3439a1a010c4640d1099ed3e6379	True	True	2
extension_h2_panukbb_prescriptions__gabapentin__both_sexes__na__na	h2	1	e672470aeedb2a7030e47c1d74c5e70ab703034a7cb4b99bbe453a620726c005	2e41575f5b25a83a8d09f60e5069e84f40f4017b4a9f14e8ebaa3332485a3a6a	True	True	2
extension_h2_panukbb_prescriptions__paracetamol__both_sexes__na__na	h2	1	c8e76646a215f8b0da46e70eb84d637b4928c358493aa27bbb1849406f39d1be	e688c693a0766094c57376e9f001fbccda83de64fb4c1966fc2366b48f3bfa60	True	True	2
extension_h2_panukbb_prescriptions__mebeverine__both_sexes__na__na	h2	1	9a85ac4df17fb14131d6649d2328e0394aaf3d465724f739080990fa0724dd06	d45fa26ac6759fee9001dc730378629aad734431fc6ad997eebc07a8690e25ec	True	True	2
extension_h2_panukbb_prescriptions__amlodipine__both_sexes__na__na	h2	1	eaef46f3774309e0504cd6101c99c7ac11ff14135f45fa0283ce32b0aa1595c9	de8feadecb8b32c9e73a99a0c768db0361d1c2d4e52f6e759a80b6413589ff03	True	True	2
extension_h2_panukbb_prescriptions__orlistat__both_sexes__na__na	h2	1	c8e7a1ef94422f60c68a02f2a95f45d5a890c9f1632027e380803774937b7645	6c35ed1c7011943e17a2fcab9bda2da386b7d6b6332b33c5e840dfb59f0c5ef4	True	True	2
extension_h2_panukbb_prescriptions__tramadol__both_sexes__na__na	h2	1	9f112e3884b74be8340eb2bf8d1786019ce13234ac44e9ec8d3110acc04d40c8	344c2b92d8e2d0226b6a913e04c56485e6d813aa59f26c20319d41b55e0e1d8e	True	True	2
extension_h2_panukbb_prescriptions__citalopram__both_sexes__na__na	h2	1	42ba61dcd4c9e5f1253d43fd39938c89043b79fd48bc55eba8d1497ce4002668	6bb3e7dd4539868e18247da78f2d14298cd1918f33f6e1e66e125ed8a55f792f	True	True	2
extension_h2_panukbb_prescriptions__bendroflumethiazide__both_sexes__na__na	h2	1	1f10741be3c4df1d2181cc64679e5caa9a0230b9f0f9479acdc54be4ce4eb2a5	af19f033a5d36cd2379dbd428cb26fc160545fcae5224f2384ce7431bed18dfd	True	True	2
extension_h2_panukbb_categorical__20003__both_sexes__1140874420__na	h2	1	53432e00157b52da67437639b3962c9893a5530b5f9e6eefe3dbc02456abc620	37213d8f34e6823ff857abd17ac548310e6a34a7eef24cfb3909398fcb807120	True	True	2
extension_h2_panukbb_categorical__20003__both_sexes__1140881856__na	h2	1	bea9452406c11d66a7aa08693eab0e677ccb8d762574de746e06ea1bca7caa4e	fd1f6830cdbddf9d4ebfd533961732fc93107a1c6700c1b832fe5c4a06ca7f85	True	True	2
extension_h2_panukbb_categorical__6149__both_sexes__3__na	h2	1	397d0a233d0212d3dbe398809f752ed30270203959932cfd18c0b60a7cd768b9	6bef6146b692a9857eed3946f89bde4b75b7f63002b9ff76db33c48e377e2817	True	True	2
extension_h2_panukbb_categorical__6149__both_sexes__4__na	h2	1	fc0c07c58e77a0da6355e3addd97ee5526497e1f51a20b5982ac3f7d9250cda1	262e38c434a92ad08d5ca8bf646f0545a364a392652d2e1e1120305c1e7957be	True	True	2
extension_h2_panukbb_categorical__6149__both_sexes__6__na	h2	1	3dd22ffe9c16c34e94a46482c23e48feed791faf29b7703d8e35dc76b6cfda9c	a05c924cbb6c5ee04c6504fc1e8e505b0936709279afa3101be62a3437f88ac7	True	True	2
extension_h2_panukbb_categorical__20004__both_sexes__1480__na	h2	1	bac737d4a824e936711bea11f0820860cf2a5ab87d5993ccbddc9944e1d3e851	2e99dfb6ceea4614d6b24d15bae1716ad2990eaf27906fabb6d58b2f70cb3b56	True	True	2
extension_h2_panukbb_continuous__398__both_sexes__na__na	h2	1	50a5212f0ea3214b916e1c30ce5da90809311c8b4550fea30ec63462865fdea6	14d7389e55cd4cbc0ee850e4e60e09240f27ee47e3c5da9a468b0abac3b4e436	True	True	2
extension_h2_panukbb_continuous__400__both_sexes__na__irnt	h2	1	4a0fe7af0b6952a3ea453cc34bb8b7bd371ffc90580d6e78068508a45df617bd	bbcd8b8932fec9e2304c4d1ca600558727b6aeee8a372170063dddecd6f38ff0	True	True	2
extension_h2_panukbb_categorical__4294__both_sexes__0__na	h2	1	6b1984fe9e4b89c7bd7a8453b8f0f581bc84850f6c219688c7c9c7ac607e280c	c698e130df766bd8ee42a33a76a6e21fdd005ef90d6ae478bad4932eaf14428e	True	True	2
extension_h2_panukbb_continuous__20023__both_sexes__na__irnt	h2	1	095e9c2abe4d98f9057e929586f0b081340f0453d18c539d420aca80a0da246c	56a35c33726d37e5708fddd0006581423143c457151028212509fa8ed76f3fbf	True	True	2
extension_h2_panukbb_categorical__5001__both_sexes__5001__na	h2	1	e1571f5d24237c94c715ea5d463f6d5535392abbe5c782ec6746eba814f12a96	a594edb0833e0b528f7fa72dcf2e08ee9cc1ca599cf454fb484d7750288b304f	True	True	2
extension_h2_panukbb_continuous__20409__both_sexes__na__na	h2	1	ce694715ae94dec8e43b09b62410f1e40701c45ca02fb27ee82b6742a725901f	278c3b634fa01b436a4f3b255c424eacff1e8ecf59c4aea590d24b752a00085c	True	True	2
extension_h2_panukbb_continuous__20515__both_sexes__na__na	h2	1	4571605f46dcb2bbcebcc510df9ac5411ae7128e19969aa3ef58e315809ae51c	2c0e655bb28cb4397a8a62f31711b5baac800abad008553800ad0d2a55b2a9da	True	True	2
extension_h2_panukbb_continuous__20520__both_sexes__na__na	h2	1	fbde1fc2278f67fdc953c8f6901930cb8233978186d410dfd16621959a5da85a	5ebe7a59ec9bbea33b81b91df36ed19a1ccca8cbb53cae43c6534287b40cea85	True	True	2
extension_h2_panukbb_continuous__20485__both_sexes__na__na	h2	1	3e2b0698bb645cf34f2a26cf44c4a555fdad2d77c8729aab1e9979b6c7f56985	0f37df06907b41a6769221fa06fe2648365e2eb7880bd0268167746225cd2d6a	True	True	2
extension_h2_panukbb_continuous__20498__both_sexes__na__na	h2	1	247633bd1f0362e0aef04aa427e8d9198ee146cf335902e100a887348da08279	a43118362596b859c138a5f9bdc2d7ae8202d9bf715471da1c8c57b60042af79	True	True	2
extension_h2_panukbb_categorical__6145__both_sexes__6__na	h2	1	fd7e954316a1405ebf622f2a53bc8222b608109e26e25e7ffa565fab22911781	8cc4d8f89991c16253d5dc4e3616f16beb52bd2729c501c546d111f4816f0edc	True	True	2
extension_h2_panukbb_categorical__2020__both_sexes__2020__na	h2	1	011984810793e4ba0e59af8e511fd8aac322a5b33ff8bc35c0bb86b273f4f8b2	f439dabd1fb2df3d0cb0a2636e63597fdcea6b5a36bd0587bc19c8cd51b54ffa	True	True	2
extension_h2_panukbb_categorical__2040__both_sexes__2040__na	h2	1	bf6946c0fa4d1e516b7a05335c5d75dbab2007e19e4f66fad629bad610ec8c63	8f5c9fc68dd7cd93c9381a2a3d829e5917f4506a3368a96f071618f1279436eb	True	True	2
extension_h2_panukbb_categorical__1677__both_sexes__1677__na	h2	1	f19362b7d46ee4e35717a801f8da40e2420de379adc3877b9a32b6e5715479c1	a32654934b76a304361bc9ed962aeac31b41867506ad2781b93abc590833dc18	True	True	2
extension_h2_panukbb_categorical__1707__both_sexes__2__na	h2	1	f3bb6e996e053b8833946e9193bb8173d2cd12dbad2661489b95472fdfaf5711	6f0c84098c43f83c337d86c72b6f62fe69041d2088ea3a52b0dd96c95ab112ef	True	True	2
extension_h2_panukbb_continuous__20022__both_sexes__na__irnt	h2	1	0b98daf894ecd09cbbe92cabed1935d5ae81bed7ecacfeb266caea24acbc3a95	9e127ad21e60c42c64c6778b493fb85b6ccde451657f3c8b045218e139b77226	True	True	2
extension_h2_panukbb_categorical__1538__both_sexes__1__na	h2	1	d631b5f6928a06cffff5d092e97f0bc1a62ec6c659b0ec9208d93c4943ca81be	d0d46e81804c046590754ce358e058e8661517a5905239187904e9743047b0d4	True	True	2
extension_h2_panukbb_categorical__1418__both_sexes__1__na	h2	1	41a096df64f22635f6e7824abef3777298df755c81dbf0e137116c8c7ea06fdb	8b0e1ac9c1a55f0dcd7008ab806d33277c85ccb516ddd504d945d4394e170f26	True	True	2
extension_h2_panukbb_continuous__1548__both_sexes__na__na	h2	1	af5c7eca0a359732deeec8a05a5e8d3bf52bb1646599d2517f6178e8e520dfe2	74d2c3ce1508286e7b4dcbae2388255a973e56fb37d0e50c3a0b2c12d53d662a	True	True	2
extension_h2_panukbb_continuous__1349__both_sexes__na__na	h2	1	b525c3380e5353b5353f95c9bf4719615c61c0d6634b50f2e213791076c99a8e	27827b9a46912766b5ebf7ef171821fb4104ad9f56ec5d1a026cdd9bb893425d	True	True	2
extension_h2_panukbb_categorical__1468__both_sexes__4__na	h2	1	7f2417377d42b1236fde4ce8281445aabaf13ec139b569285626311cefa33e8a	d03b3160e04bd1522c82c2031c489914a77a77e1a0e26ff094fe4161ba4375d4	True	True	2
extension_h2_panukbb_continuous__1140__both_sexes__na__na	h2	1	02e762220d07dac8bb12297b60ae95d466fccd8444a38afa53caee4de9817ea1	181dc95b9575db07f395def2e6762f1cd016aa37940fee4189c57a36436cc734	True	True	2
extension_h2_panukbb_continuous__2237__both_sexes__na__na	h2	1	3f33866236d2b073f5d5bc2f9062ab307281aa2bccf4e64b9fc5c6b68db571c3	7e5e9cfe559d502e4d2154b971c603848c135d047d856ebff03bdafebb7add41	True	True	2
extension_h2_panukbb_continuous__1757__both_sexes__na__na	h2	1	df80c5f5bc458703b81eb9f38e7c9118a801f9a129fd43330f0e384e357f1daf	92ae52618678c79b41b6ad9c6678bcf674b506d9f8f3be79c4c8182468f31baa	True	True	2
extension_h2_panukbb_continuous__2267__both_sexes__na__na	h2	1	58dda73aa2e96f73cbbe32c822f24acf5ccf8771a76b8a6509b7a93ed53bba48	752361a21480993271f502c26de2b9c1ccd86e4dd205a30452691d897515b9e6	True	True	2
extension_h2_panukbb_continuous__874__both_sexes__na__irnt	h2	1	7fe83139aee9b07abfbc69dac5605fc9a919a27ba9a405ac5caa2dc0cd6798a8	28e64be1952afb2bffad56c1993b1a8dff1304f2ea035fc795eed5411a3e8e22	True	True	2
extension_h2_panukbb_continuous__943__both_sexes__na__na	h2	1	aae879d99c1e37e5e8416a635f10c8b2f568ac25e6ca6d3e3308c077b42d72c6	07471c8943b08aa360046118a944d0cafc743343697651c8fc4c90b9442bd768	True	True	2
extension_h2_panukbb_continuous__904__both_sexes__na__na	h2	1	1e8e770a4a48d080a36e1dc5a206477fd0cfd80851bc933a82f32be958949a52	cf16ef94a2b9c18bf62aa2511ee2c10f67051951fe06c1a348744907f5044531	True	True	2
extension_h2_panukbb_categorical__6164__both_sexes__5__na	h2	1	cf7793a8e1a638d8b869e7079902906c3847fc6ae0bf7f7ae218478d2fb6ded6	38182e3a8d3220f07621a3b46f508384e4e4c4b773db2d8f4f5f5bcfcbb17068	True	True	2
extension_h2_panukbb_continuous__924__both_sexes__na__na	h2	1	40f3bd689213d0d4d5675db59b416d1dd6d78cf73e31c2f6c2f690c927f60e58	fefa1cf78ee556953b003e3a5b633350788bd6d19b67615a4a4345358c7effcc	True	True	2
extension_h2_panukbb_categorical__6138__both_sexes__5__na	h2	1	2612993a557907c53299dc96ba195f10652c8ebe746e84ee24bfc576e5f86768	bf53ff6af4b0c5fd405f07110cc546d8cd98a8d6c05f1dd5993f022cb2defccc	True	True	2
extension_h2_panukbb_categorical__6142__both_sexes__6__na	h2	1	0ffd09f73749b710dde181243149dd453696400d3f331d250944b9db4ad66300	45cd072554da63beb32a51f17ba3fd8309e443a2e543c90663c0df0099758e62	True	True	2
extension_h2_panukbb_continuous__816__both_sexes__na__na	h2	1	e07f9c2399f11c73413ffe5f49d4ced2bcedce85be93ce082c08ce8c84260fc3	2fda26005fac7bbb21106cfaa1f3acfc78aa6c0f52bc16e5357098195011f951	True	True	2
extension_h2_panukbb_continuous__728__both_sexes__na__na	h2	1	bdb99eaf6783f45cc5b0b19022744a17345b352b43a5396701bcfb470754b792	3d4c5c503b546f4a2df6e66ce6e646f20e6e95cab09aba25d65820416ece1b05	True	True	2
extension_h2_panukbb_continuous__699__both_sexes__na__irnt	h2	1	83023c735d4eebf42335cc3c5c19f020febf5835fa507a17645e18d8b8c9d2e2	f538a9eb752ef2ff907ce7ca5fa6ef1ad27be2a5055b2b7097e749a947cf6084	True	True	2
extension_h2_panukbb_icd10__i83__both_sexes__na__na	h2	1	7c479e57239fb55b25969600af6af2fed69c1c297f6d0c7c11fb5ba67eebc7b5	a6e1928d1f3904f8e82d6a2cc6fa5ad5b037ae2fb900eeadf64e9b505a7ab5aa	True	True	2
extension_h2_panukbb_icd10__z95__both_sexes__na__na	h2	1	5de797410d47c2997124d064df9519b5a9b892593f1547b8ead8b996aacdac8e	4b05a4b547e4bfbe0b2fc8bb785958a9265613c1ddd5f2cf0057d94f095b6240	True	True	2
extension_h2_panukbb_categorical__20002__both_sexes__1226__na	h2	1	92a9a4e95e338ddead9c20f645253a972e9c57fd6290f52ce6052048214dbf34	4cb0397093a5c01f9d4f25bca25da53fc0787a2d613c923acfa6bacecaaf4e39	True	True	2
extension_h2_panukbb_continuous__135__both_sexes__na__na	h2	1	f2c5400910d8d1d3c217de0e024aa80c3cfd0f4582016063009f0624eb88f46c	db0ae06b399729832e2fdc0644475e4a246bd6dcefe5303a5cf57389506f9191	True	True	2
extension_h2_panukbb_continuous__4195__both_sexes__na__irnt	h2	1	90bbe5b35de47c591d6a301cd5490b58a2feae0ff7edc68c693a37e9c5f62225	87603081d1d459289261bc9cf50c89babb9d95a572ac3d9de51d9e60bb1cb726	True	True	2
extension_h2_panukbb_categorical__20117__both_sexes__2__na	h2	1	29b022d55c5e0bcebb474aef85979fade500e5ef4a5e3ba8e9d63d797d466bec	e287ac5a7c750ae01ae13a683ae5765ef6c967b2ded4ec6b3f05a0e1d08e0357	True	True	2
extension_h2_panukbb_continuous__1588__both_sexes__na__na	h2	1	71a3199d285049be126dd4f4fc64b935e21f1a1a393109a87b83ae5d923d6961	d8cc1ad29e2594018a63523592f54b998b76ecdb5314e869b515ca86edeaab86	True	True	2
extension_h2_panukbb_continuous__1259__both_sexes__na__na	h2	1	906764b3390d84c71a57f5b64f65a9bf61bba1221bade574155c62cf84399e04	cb14cf18a224d976710ba7a93b9706b5db10b766af9c385247f8ecc7262dd785	True	True	2
extension_h2_panukbb_phecode__318__both_sexes__na__na	h2	1	dc0a11b6376edcdbd44fcd98c25771d0f79626c3ec141a0f715890355560bd98	e4b18c34989fc7d67ea0eb6d82c055afa7834e9ed89e1b32126e20e88f6b634c	True	True	2
extension_rg_insomnia	rg	100	19f7182ba676cfc978d34ff85f8a842d39a33f796c7fdca95e196c514c04cce4	d489b52374e65cfd33fb94e76d7c6abeb3f26fbe5f726076da0816a089f948d0	True	True	300
extension_rg_sleepdur	rg	100	85bdadc7969d1b00bb9d0cb5c684834152ce67e166fba72c42894768e6b82529	bdeb997ac845ddf573a98e99c5de39010a799b475f4f229ed6ac6bd39b731767	True	True	300
extension_rg_shortsleep	rg	100	d0c51c2aa0c8f3bd14b998d33b15e9dfdbd26a7fa482c0d4d7befd58a2d58b0a	e4e1e798c48a12258ef5546f30fece89c656c7aa1cd35ccdec57c87d44560bdb	True	True	300
extension_rg_longsleep	rg	100	041417ce178e670e76d9930fd72a2b10e53f4b577c3719568916a69b608e3682	44198c0964c44c022fc0ded2a077d2ce805b9729a9b5725d00fca366466ae68c	True	True	300
extension_rg_chronotype	rg	100	8fc0c9b82c4bca6d9adba8aab5627a9b6838e84fecfed36497bbad97c1dab16a	1e3d82aff7309c2fe981a42862f705c12941645170e5739174330085b02bb8f6	True	True	300
extension_rg_sleepiness	rg	100	3912e639358d0b34442bf0147755f024608218b39767e61730152f04d9a49081	24eeff435fb63c2d31993d4eb08e76ce22e5181a164a160ced33c33e31b96f79	True	True	300
extension_rg_napping	rg	100	0740a192eea46ecd89b8d33824509822aa1b21fa3c51a58a993816df305d4e92	1334a0d48496122b95aad0b21baed1b20ea15b231e26cd5d3391e1eb5e91bdd1	True	True	300
extension_rg_snoring	rg	100	4f2bb193a08d0d3560d9e9b370c116c974130ef6ecd6a67d294d5c32992397c4	c15386e70b65291537dd35ba3070c9cfed547e636f74d1ada63082f510587596	True	False	300
extension_rg_sleep_apnea	rg	100	303c399dfbee4e201be272b5d8c98c33444b738b2af1a1090e18e43b1278bb73	cac8284c2137e3910f23a8734cacda381014018fd0250047fe5fae3279954b3f	True	False	300
extension_rg_sleep_efficiency	rg	100	87e5259265305161228b159beb64c5fd1309ae766ff81b39808309a97869ac9e	21b46861caad90dc506619d8bccf3e8d5d220b4a4a65d05049cc086c98279e90	True	False	300
extension_rg_accel_sleep_duration	rg	100	9816a1bae581c33abd512cb18b922a0c969986674191482a71dd2666e3695b2c	2864decacbdbb3c90fe88edb9ab0b15269f7b237a77151f005cdf077e1977840	True	False	300
extension_rg_sleep_timing	rg	100	d039ae773ad534a3c78de3e3098d3b696db5560761564b226ee28dde946fac74	c92795314253798c35f10366a37b9a5742aebe7dbc535994493d31fa00ff11c3	True	False	300
