package	path	sha256	status
sleep_unified_research_v1	.gitattributes	8ee03a6f680a35a3793c0e2b3850e187a0edc47258e70e6f4dafeeecbc3abf9f	UNCHANGED
sleep_unified_research_v1	ADVERSARIAL_REVIEW.md	931d0123f52cc9c6889cea4aabdc43b0a26bf7aae13bbf07dba1304bc3e98f63	UNCHANGED
sleep_unified_research_v1	CORE_NATIVE_REPRODUCTION.md	a20a5c6dbe912f6985c85f8673dd27a65065a21c77fbe1b5f48a0608b7ecc496	UNCHANGED
sleep_unified_research_v1	EXTENSION_NATIVE_REPRODUCTION.md	ad088395a8db4567de6c090428da0bfa4323820f6cb9dcf3eeec3a82eef11f9e	UNCHANGED
sleep_unified_research_v1	FINAL_EVIDENCE_HANDOFF.md	1a867479b7e58b42a34605d4c664e90ec64a41ca1e1a660526bcf5bc7d47ba49	UNCHANGED
sleep_unified_research_v1	FROZEN_NEW_ANALYSIS_PROTOCOL.md	6e25d05b85bdc2a4baee4aa861fc33364cf86dd6768365f71b331a92a4aad05e	UNCHANGED
sleep_unified_research_v1	FROZEN_NEW_ANALYSIS_PROTOCOL_v2.md	da0aaaa0ea1f75450371ca377b09a620528a23a4a420989286fa6f95b97a4987	UNCHANGED
sleep_unified_research_v1	HUMAN_SCIENTIFIC_REVIEW_REQUESTS.md	e7ce3da16961598ff8aa14c27fb9500faab8d39b1c70353608a0c9d39b6b34a9	UNCHANGED
sleep_unified_research_v1	HYPOTHESIS_FEASIBILITY_MATRIX.tsv	f1b9e58016e7cd3b0f9ae630331efd3f06a1478619bf2d11951c8184f5b97cf4	UNCHANGED
sleep_unified_research_v1	INDEPENDENT_VALIDATION.tsv	38853b1923f0a87aa4791ce5551f2db38bb384072b145fff4802e4358d521056	UNCHANGED
sleep_unified_research_v1	LOCAL_AND_MOLECULAR_RESULTS.tsv	44d3a53106f1d2d5e661ad64eb6169eb610b26a2c4844a38ae65fbcacef3be0f	UNCHANGED
sleep_unified_research_v1	NEGATIVE_RESULTS.md	0c60fb8b93fce230adaca3c622d2f27f5fb887ad49dd6448a68b0f45a9d54e7a	UNCHANGED
sleep_unified_research_v1	NEW_SCIENTIFIC_RESULTS.tsv	16ece94a66d122d0b19b8cd218db7f4a50a92482ea04cda5df85bd1b7aa9430b	UNCHANGED
sleep_unified_research_v1	NOVELTY_AND_PRIOR_ART.md	c2f3f4c5a1d3a0a6efd4b5d86ddfb8b5934e9cb946bd61364108a18d32b41a2a	UNCHANGED
sleep_unified_research_v1	ORIGINAL_CORE_RECOVERY.tsv	9bd98b30435f0db7d6f8f8e750f965d4dfe48c9ba47cb22a9bd10a9d8ece635a	UNCHANGED
sleep_unified_research_v1	README.md	335b8e1058fc2da42d45a2e9715f77f7f76cfce1efad0ffb4e5ec327914b69f7	UNCHANGED
sleep_unified_research_v1	REPLICATION_RESULTS.tsv	2b920792e70b322b8b798a401a09ada259fdcf8a343e144b27552acb3084ae67	UNCHANGED
sleep_unified_research_v1	REPLICATION_SOURCE_LEDGER.tsv	ea1a679afe85cdfc99c1c197b26d2350eeb0ce846e2e1a05a641f70506742c5a	UNCHANGED
sleep_unified_research_v1	REPRODUCE.md	e96f7bc68d64b94284cb508260b8ec66ae7d7490c9617bf032827456c983c36d	UNCHANGED
sleep_unified_research_v1	SHARED_ESTIMATOR_COVARIANCE.md	ec5ed9c09faf74f34ec8a4492f5480762ad4b29601914268aa6e04c4fd032c57	UNCHANGED
sleep_unified_research_v1	SLEEP_READINESS.md	c81fb75c5d7a84399acdcbd1bcc4d10b5147d54c8d3add6dfa81bccf30481ff3	UNCHANGED
sleep_unified_research_v1	SSD_INPUT_MANIFEST.tsv	4a5fc52c729aa33dd5b230ceb906565f80e9fd2ca11cf5ada4664fc641d2bba2	UNCHANGED
sleep_unified_research_v1	figures/01_unified_study_design.pdf	d668373959405405ca7632082285954b8bc3d9c55f8be6edf2849d8689ca963a	UNCHANGED
sleep_unified_research_v1	figures/01_unified_study_design.png	59535aa7c024b3895a41bac331570b88399d31aba44520d8e31ebf880c1aa20f	UNCHANGED
sleep_unified_research_v1	figures/01_unified_study_design.svg	fe6534cd946db9ff661d8c82feebe284d20ada859faf1a9e7d278b488ee4757b	UNCHANGED
sleep_unified_research_v1	figures/02_global_core_atlas.pdf	adb81f2db1ed43fd5c8eb08bedad631f94d857f997c639c3cd780b1134bbe745	UNCHANGED
sleep_unified_research_v1	figures/02_global_core_atlas.png	c68f4542e35f30e9a2dfd717c54ae7905cb6a3dddebf38df1436cf9a33f41ed2	UNCHANGED
sleep_unified_research_v1	figures/02_global_core_atlas.svg	c6218ef6c49b08cbbfa479c0ec54dce3ae5653bc419ec16670651c49267e13ba	UNCHANGED
sleep_unified_research_v1	figures/03_global_extension_atlas.pdf	a78347320990b58d8c6a029725d5a4826518b3efffb3bd934ac982a07949dd28	UNCHANGED
sleep_unified_research_v1	figures/03_global_extension_atlas.png	1293af67f561ace0393def95f741fddb538ee28ededd6f91a6276962b518b4a2	UNCHANGED
sleep_unified_research_v1	figures/03_global_extension_atlas.svg	8e02b7247741469f2efdb96bdc927093058f67807cf1e244c0ce2862b6e26f28	UNCHANGED
sleep_unified_research_v1	figures/04_validation_evidence.pdf	f350e1df4a83b2f4bcef968e3149caf66d24eba172d7cbb54584fa3bad2af956	UNCHANGED
sleep_unified_research_v1	figures/04_validation_evidence.png	be60ec792abab93bfa8cf787eea0b47232aa632cd6c4a49b74cf405de71d003a	UNCHANGED
sleep_unified_research_v1	figures/04_validation_evidence.svg	3dc3ed115dc3c41c76791094dba4c68fd0c6fd6099f8c4df9be0e0873efc7f96	UNCHANGED
sleep_unified_research_v1	figures/05_question_admission_audit.pdf	1ab02fc2a3e6607c28a40d9b3465ded056e4c6b323547111f2979755862d7389	UNCHANGED
sleep_unified_research_v1	figures/05_question_admission_audit.png	4d91b35a8626390ac201bc8fc3b7424a2d513604a66c260212595128bd0a0f49	UNCHANGED
sleep_unified_research_v1	figures/05_question_admission_audit.svg	2599c64af5316cb487cf997b8eb05bebf5f443bb3bed7875b46b31ac003d6759	UNCHANGED
sleep_unified_research_v1	figures/06_covariance_heterogeneity_diagnostic.pdf	2c82dbff159a9088abf57ecce860f224b0adf4395ae796ac7c14933d7415d405	UNCHANGED
sleep_unified_research_v1	figures/06_covariance_heterogeneity_diagnostic.png	455ad7ba7981b4896dc3f6532d6ac4789164684c7595f38871fd9d95e7c42509	UNCHANGED
sleep_unified_research_v1	figures/06_covariance_heterogeneity_diagnostic.svg	6e84df1207d886688a052b6efda1c2ea640bc019bf3305812307d0fdd7155d7f	UNCHANGED
sleep_unified_research_v1	figures/07_core_QC_intercept_diagnostic.pdf	baa5c7b5643d63bbee59f342dc63da19557c09d2bfa7dd78c47c49f92fa7d7c7	UNCHANGED
sleep_unified_research_v1	figures/07_core_QC_intercept_diagnostic.png	1583eadd26f9049e46d14c24bdaa61fa5306f3bd7d9f9f8244d5d4832f44240a	UNCHANGED
sleep_unified_research_v1	figures/07_core_QC_intercept_diagnostic.svg	3f0382d13a08fc9b53447214450e22ed48a9fec48fe59fd21a6a80fcde0931e6	UNCHANGED
sleep_unified_research_v1	logs/archived_extension_recovery_receipt_v1.json	42d19befd6d14acdfc4dff927391dd813c719dc89cace096b2f9c3a48ea3ab1c	UNCHANGED
sleep_unified_research_v1	logs/archived_extension_recovery_v1.log	b7d9f74bd400540640df73b414a73eaa39455f55fff3915502bb05c4c9f397be	UNCHANGED
sleep_unified_research_v1	logs/artifact_check_receipt_v1.json	af1ce97a167728ba54f128974107dec8e16239203834ada6a0c746537cd2b5a0	UNCHANGED
sleep_unified_research_v1	logs/branch_publication_preflight_v1.json	56b5229dca5e33afba1edf70d695ca3ddd1b42c1fd30909e49ce4ccf26c00121	UNCHANGED
sleep_unified_research_v1	logs/clean_checkout_validation_v1.json	468e6a72c8111fe7fa513c7148a09be77472db179134ebc4adca3f33cd797144	UNCHANGED
sleep_unified_research_v1	logs/core_native_pilot_v1.stdout.log	0ae4f0c5a4b4b98ea42ff49e6e0ce671cf04c791ec76d8fc2ae33570e06bfa23	UNCHANGED
sleep_unified_research_v1	logs/evidence_integrity_tests_v1.log	9318687c5e00bf3dd183baa41f3a6d59aff4ebc667111eb27b8c45fc06235864	UNCHANGED
sleep_unified_research_v1	logs/evidence_integrity_tests_v1_final.log	2b9d89d41429fcbe62e3b42e852bdc6951d446deb7001070f818faab869825d6	UNCHANGED
sleep_unified_research_v1	logs/evidence_integrity_tests_v1_final2.log	c4f2d330fe7f0fd08406ffbdde16c08bc960dd788034227ed6520261d4f2e3a4	UNCHANGED
sleep_unified_research_v1	logs/extension_processed_source_count_receipt_v1.json	1a15e6ee0fe5b60b13b10fc331fc2cce5c7ff3700bfe1ddb71c34ce8c02132ba	UNCHANGED
sleep_unified_research_v1	logs/extension_processed_source_counts_v1.log	ecfa6e67f6b645f1a9e22b706c2747a74f33c80b2259f80e4eb0e60db729701a	UNCHANGED
sleep_unified_research_v1	logs/extension_processed_source_counts_v1_attempt2.log	7a3ba432df623eae7577352e3e20fc6b6e050c0d8e461d125d1c1aa772295d69	UNCHANGED
sleep_unified_research_v1	logs/figure_generation_v1.log	d2a6b579a3afea4c84afbba1b87ab6d5081cefc2e63a92b6e26d8f2f48ecb596	UNCHANGED
sleep_unified_research_v1	logs/figure_generation_v1_attempt2.log	0bff57040ab000c2846aea29824f25aeebf13906c72dfe8ff9b7a88b5ea01f7d	UNCHANGED
sleep_unified_research_v1	logs/figure_runtime_auxiliary_cleanup_v1.json	00946589e19319504862a7c26531f57bdf5df96f6bbead84d01df68a877c0cda	UNCHANGED
sleep_unified_research_v1	logs/figure_runtime_install_v1.log	dae0d719ab014ebb12530bf48bed9600826e325254a353fca844e30089cc68db	UNCHANGED
sleep_unified_research_v1	logs/historical_novelty_copy_receipt_v1.json	8d2d90807d40efbcdc17869a4c278b22a04024964bd6d2a1bbb18e56a9024b6b	UNCHANGED
sleep_unified_research_v1	logs/inventory_errors.json	a8249ea80bdf7b7cc875c8660b2937219d15f6aebe9b1caf4bc4bcf8566a55e1	UNCHANGED
sleep_unified_research_v1	logs/live_recovery_preflight.json	90d9421a2e5faab852c4a7133de4faa4b2e3d98c326918c7ee7c9288c719f704	UNCHANGED
sleep_unified_research_v1	logs/mvp_insomnia_acquisition_receipt_v1.json	22732e4c97c45197b8d636288a73d9058af5f07063d51519aae714b6f7943d93	UNCHANGED
sleep_unified_research_v1	logs/mvp_insomnia_acquisition_v1.log	22732e4c97c45197b8d636288a73d9058af5f07063d51519aae714b6f7943d93	UNCHANGED
sleep_unified_research_v1	logs/mvp_insomnia_source_schema_v1.json	cfd82623793d01ea82313ea7058d5cf7929562c3c3c4fc7814cf0a860ff6511f	UNCHANGED
sleep_unified_research_v1	logs/mvp_insomnia_source_schema_v1.log	dd469b5e9680cdf2de7ac622430a38a9d0cba83cef7aa562eaf245618d696879	UNCHANGED
sleep_unified_research_v1	logs/native_full_family_final_preflight_v1.log	ae8d713d9a1a0da42e0eb9bbef17008204c2be658c985fba7472d4692cee615e	UNCHANGED
sleep_unified_research_v1	logs/native_full_family_plan_v1.log	ac9c60f5566b23263eb34ece961c1fd979c8f26e69b2d4fa192fa40a94220180	UNCHANGED
sleep_unified_research_v1	logs/native_input_hashing.log	1cc2047785e8986c8e0382cb11b67d291e6eb842cb9dd700057f0b9b50971f22	UNCHANGED
sleep_unified_research_v1	logs/native_input_hashing_v2.log	36238d3fe1bcec6b5c22147ca298facf5cb1a6a109fc01976b2a5c0f534cabb4	UNCHANGED
sleep_unified_research_v1	logs/native_input_verification_receipt_v1.json	32d0f5c586fe10e2a9aeed18a620647c09a1e81599cbb117b7b50e278fcb5956	UNCHANGED
sleep_unified_research_v1	logs/native_resource_preflight_20261009T042146Z.json	af76ad63b85ad806f967bdd22a3c343190cf05d7f3e39dad2b5a183184676cb2	UNCHANGED
sleep_unified_research_v1	logs/native_resource_preflight_20261009T045116Z.json	d079707fa0a09af890568ffe9ec8f740cd81a7d901e81e745a856512897cb123	UNCHANGED
sleep_unified_research_v1	logs/progress_evidence_build_v1.log	e9d2898b161e1c45afc90dd07cc31f93e7fa76dd02ed1f8a3a3b2545ba69ee99	UNCHANGED
sleep_unified_research_v1	logs/progress_evidence_build_v1_attempt2.log	91b5ee353e778db2ea9606b2e1cd4412e2ea6ac961c3c7194ea86f50958f9ddf	UNCHANGED
sleep_unified_research_v1	logs/progress_evidence_build_v1_attempt3.log	497b8c8341889e40257d8189c8652c2c3656440cdd0ea3020be1d9214810da13	UNCHANGED
sleep_unified_research_v1	logs/progress_evidence_receipt_v1.json	497b8c8341889e40257d8189c8652c2c3656440cdd0ea3020be1d9214810da13	UNCHANGED
sleep_unified_research_v1	logs/recovery_receipt_v1.json	8f4ec76a53aaa2e7e0fadfdf2e6c7cf05c07fc2cd3f416760b03697983052af7	UNCHANGED
sleep_unified_research_v1	logs/sleep_archive_listing.stderr.log	e3b0c44298fc1c149afbf4c8996fb92427ae41e4649b934ca495991b7852b855	UNCHANGED
sleep_unified_research_v1	logs/sleep_archive_native_assets.txt	c97abaa73d4cec48536f69a206a33d4d8336d24d7dbd88dbe35c3c014a08373d	UNCHANGED
sleep_unified_research_v1	logs/unified_inventory_receipt_v1.json	3524be0914489ffbed64e07a8f58f3729f0e0433a68335364610cecc4751049f	UNCHANGED
sleep_unified_research_v1	manifests/archive_extraction_plan_v1.json	cbce61397bd71af2eb11d3064b8773f2433d46f236b83430ed31a346b19db7bc	UNCHANGED
sleep_unified_research_v1	manifests/environment_order_audit_v1.json	36af06f41ace0c31e1b922f93550f6dc5936da98dc2464bf86789e99401efb8c	UNCHANGED
sleep_unified_research_v1	manifests/figure_manifest_v1.json	925ebe8c1a278c99ae9ffbd9dff685f1de6be549ff27af1d4e7d40c5b5ff056d	UNCHANGED
sleep_unified_research_v1	manifests/figure_runtime_plan_v1.json	98e1d0d9a1b0b87ba26548bf5d0337a74b91b142051d0f5f842777f81a5a79fa	UNCHANGED
sleep_unified_research_v1	manifests/figure_runtime_versions_v1.json	4f167525676b1429d67d5a0dab467503547bc7c8dfe929f2bb8de74afa2cc9d3	UNCHANGED
sleep_unified_research_v1	manifests/ldsc_native_code_comparison_v1.json	686ba0953c36b83b6773402298e7590ca582d4efe5a2cff46b6d6e0d6e054c6e	UNCHANGED
sleep_unified_research_v1	manifests/native_reproduction_jobs_v1.json	be053017e85ce30b3ae6f6a4f4ead174b7d658c947bdb81a0d542a72190819b9	UNCHANGED
sleep_unified_research_v1	manifests/protocol_amendment_v2_receipt.json	6fb85be2936405d89ad17069ab600bcd2e001868a4bf76fbdaf164e7f7fc49c6	UNCHANGED
sleep_unified_research_v1	manifests/ssd_inventory_initial_v1.tsv	90266d2887ea0128c3c09f8b08fb0b73963a2e50e50d0f95d895b7ad66216f45	UNCHANGED
sleep_unified_research_v1	native/core_pilot_v1/rg_insomnia__bmi.full_precision.json	a893a5638d0e650fdd99217a9ce2f1a4a72c9043dde021daf55d7e97cbe5134f	UNCHANGED
sleep_unified_research_v1	native/core_pilot_v1/rg_insomnia__bmi.log	077da31f6d03e2238949f845d7865f5c2f9efbb984eae69cb82a4b129320dd4d	UNCHANGED
sleep_unified_research_v1	native/core_pilot_v1/rg_insomnia__bmiinsomnia.sumstats.gz_bmi.sumstats.gz.gencov.delete	161cbdb399362bf6b092639bbdf804f53f5b08bfd79e3bfc3fca1ac9ec82d184	UNCHANGED
sleep_unified_research_v1	native/core_pilot_v1/rg_insomnia__bmiinsomnia.sumstats.gz_bmi.sumstats.gz.hsq1.delete	edcb326eff214189a96a47178d1e8ee98a5d94b05f9be36470b1ea0c981705dc	UNCHANGED
sleep_unified_research_v1	native/core_pilot_v1/rg_insomnia__bmiinsomnia.sumstats.gz_bmi.sumstats.gz.hsq2.delete	8c81c2cf9944bc1bad345ef08594eb6bd91c18bbdb9986135fc41af76108d7f1	UNCHANGED
sleep_unified_research_v1	reviews/biological_interpretation_v1.json	5275db41478bbd1ffe3f334aa66875e52f82297d71f0906d2ee19dc0f30bf5b7	UNCHANGED
sleep_unified_research_v1	reviews/biological_interpretation_v1.md	13132ef63eb0a7a82a4f4ea8ee82e38ea64ed773881578e8a423ff0fa1181035	UNCHANGED
sleep_unified_research_v1	reviews/biological_interpretation_v1.py	e971c0c293100f8ed72c941bab33eacfa71156a978a4815ff4e2afa20849293d	UNCHANGED
sleep_unified_research_v1	reviews/biological_interpretation_v1.tsv	51707bbd874d42f9e7632682ccc4c0675808f5dd0fd3be91ea2f3e407af2b85e	UNCHANGED
sleep_unified_research_v1	reviews/cohort_independence_v1.json	aa023d7ec821f40cf3c2c35c5a6ac90f23564dd61fd0fe5d4b7c507f30aebe4b	UNCHANGED
sleep_unified_research_v1	reviews/cohort_independence_v1.md	5f47118f0cde6f8ade983f9e6c88e0e6e8fb9ca81e440c903a8b3784e6943e11	UNCHANGED
sleep_unified_research_v1	reviews/cohort_independence_v1.tsv	bf962443ce3465170017087293c541e510a253c537cb6ee431d294ebd99b2478	UNCHANGED
sleep_unified_research_v1	reviews/extension_log_concordance_v1.json	478c54df973706a695ca840a0b61228d94d4f525ed7e52f4236e1c23fcbc54b8	UNCHANGED
sleep_unified_research_v1	reviews/extension_log_concordance_v1.md	ad5d0d15a65aa8d04a3d8d8f5ceb3a97568a9162cae894488d984590b1602e80	UNCHANGED
sleep_unified_research_v1	reviews/extension_log_concordance_v1.py	90cf659e36138b1e126c3e368deeca0398002bc5d721f7813b6a0663e9585cd7	UNCHANGED
sleep_unified_research_v1	reviews/extension_log_concordance_v1.tsv	45a7f114d8b7c75c7c248f696eaa749ea43b41b0c5dbabb75b9b60481c1f4f1b	UNCHANGED
sleep_unified_research_v1	reviews/independent_numerical_v1.json	6d09815af636bda8a2ae9ee292f3c4a165f9d89ef52ce2a3d42397f11dd31720	UNCHANGED
sleep_unified_research_v1	reviews/independent_numerical_v1.md	83de18554db75b0b254a58030d85e5713c52b322f448111a4eb50dca2a8b23ba	UNCHANGED
sleep_unified_research_v1	reviews/independent_numerical_v1.py	617401fbbaec2b121135b15568b98549d5aa5cb0f064531a15e7aa5471b2e198	UNCHANGED
sleep_unified_research_v1	reviews/independent_numerical_v1.sha256	4673a5c24b4c2c20d4b405d7a36fa3c5f56c2d7622606a3eaaaf9714201ecdab	UNCHANGED
sleep_unified_research_v1	reviews/independent_numerical_v1.tsv	0856fe8ea372c397dc697aa1572c8f9e29bcad05f9a8253a00aa8d89cf1115c3	UNCHANGED
sleep_unified_research_v1	reviews/novelty_v1_feasibility_matrix.tsv	f1b9e58016e7cd3b0f9ae630331efd3f06a1478619bf2d11951c8184f5b97cf4	UNCHANGED
sleep_unified_research_v1	reviews/novelty_v1_prior_numeric_examples.tsv	e66ce6203af71e6a52c0eadba9f3e2b727ab08ee1cf8e578e01d29028c7c42bd	UNCHANGED
sleep_unified_research_v1	reviews/novelty_v1_receipt.json	4c61128b34e6c32dd9b3f696e70f412bb66b8350612449d76ddc0fbca5f3ee14	UNCHANGED
sleep_unified_research_v1	reviews/novelty_v1_report.md	f3fda878ad15cc21881437451b61e4d896b112b105f92cf3b344da46485198de	UNCHANGED
sleep_unified_research_v1	reviews/novelty_v1_sources.tsv	1bc9c08bbe00fd441b34e692bbf99529eea939ecd9246d9c8184722318b302b1	UNCHANGED
sleep_unified_research_v1	reviews/novelty_v1_supplement_inspection.tsv	6368a9669a8b7387a7a1747f6f13aa433a06ad574cc5dabd7a88c646adc78aaa	UNCHANGED
sleep_unified_research_v1	reviews/numerical_reproduction_v1.json	2f9970b734336c6d862d39f828574b71b6c8ffb1a79e590331fc913a5ae3f238	UNCHANGED
sleep_unified_research_v1	reviews/numerical_reproduction_v1.md	ead022528164057efb12996f0b17777d4ed971624519b76432838f6027dcdcee	UNCHANGED
sleep_unified_research_v1	reviews/numerical_reproduction_v1.py	5f513dc21f37a92f9929eee300a2bd6e94084135ee57d6cf43b07d74e1f9567e	UNCHANGED
sleep_unified_research_v1	reviews/numerical_reproduction_v1.tsv	e76a78d7a4a9884da83b0f3bb7f0dd72e7f63cb7358c54af096138c423918dba	UNCHANGED
sleep_unified_research_v1	reviews/provenance_v1_SHA256SUMS	a6689b56b67914bd482590ba42fc9884013b5f4e59fa2037371584af14d25752	UNCHANGED
sleep_unified_research_v1	reviews/provenance_v1_access_evidence.json	1c50fe212ec23c1f8fa5c0161eeff858f07b36cdac01df1c197de308c532549e	UNCHANGED
sleep_unified_research_v1	reviews/provenance_v1_additional_access.json	d4de1c59c53019dfb69274f3f0b2a0087e00a586ae94c46184680dfaa5b2ac24	UNCHANGED
sleep_unified_research_v1	reviews/provenance_v1_adversarial_review.md	9418a19cf90a0d2076d2e89783097e50d73830874724214da84cfa8efd96b8a4	UNCHANGED
sleep_unified_research_v1	reviews/provenance_v1_catalog_queries.json	38a02a75c1732068d5e7d3c375eb987e6b1bf895e4e744e8377f9bc8235057bf	UNCHANGED
sleep_unified_research_v1	reviews/provenance_v1_core_sleep_metadata.tsv	4ba2a7dafcb0dac378a47161185fcb2ed78660cfc1b5f0f65e83475dc4797955	UNCHANGED
sleep_unified_research_v1	reviews/provenance_v1_gera_phenotype_supplement.json	ac6738cd83961670a561884e16a6f7579a72056ba38cc8ba938990b0e967f542	UNCHANGED
sleep_unified_research_v1	reviews/provenance_v1_header_evidence.json	ec8dbe6a946b8cb451933773fc94b7bbe1b0a33f03b022071e6089b6d4cf5337	UNCHANGED
sleep_unified_research_v1	reviews/provenance_v1_live_source_search.json	e115bc853c001d76de2687a929de537a8a2dfe151352903955709e72441a1dcf	UNCHANGED
sleep_unified_research_v1	reviews/provenance_v1_live_source_search_v2.json	4525b5aed1534ae944cf59c6e7eb282490a67eb3daf0c2d74e6d57453cf58bbe	UNCHANGED
sleep_unified_research_v1	reviews/provenance_v1_mvp_insomnia_217_admission.tsv	fd19063bd91114386a6b910aa355181f3a1c840e0af4246f9faede9587d9807a	UNCHANGED
sleep_unified_research_v1	reviews/provenance_v1_mvp_insomnia_priority.md	c04d5b9f78b674d831e931b5079b11032f9ca4f18edded83d24f5a7a8fe2e19d	UNCHANGED
sleep_unified_research_v1	reviews/provenance_v1_mvp_insomnia_source_contract.json	2b83011eae4db96a3346ab42178493e8fe5f422b25dd536a8076f7db358a3d34	UNCHANGED
sleep_unified_research_v1	reviews/provenance_v1_primary_definitions.json	c2cd48ea6714ca2ef124d35e50fb36fe36e71fe23bd7707926deb0cc86657353	UNCHANGED
sleep_unified_research_v1	reviews/provenance_v1_review_receipt.json	1b1a66a5a03090bac8c14ef7b9c9a502b603d301b1f6b73a2484ae05eab59430	UNCHANGED
sleep_unified_research_v1	reviews/provenance_v1_source_admissibility.tsv	f581b0d97bc30c615ecd15c52be43c73ea940468fdf5192e09454d16100fc55d	UNCHANGED
sleep_unified_research_v1	reviews/provenance_v1_source_identity_evidence.json	c72bf0896fd7e472c8afdae42ea8255063277fb3dc5b526a6446a3fd2a1dd105	UNCHANGED
sleep_unified_research_v1	reviews/provenance_v1_supplement_metadata_inventory.json	781c1ec0cc91d8c082ae88067b57455109b826a2922b42fa206fcb7f0687f428	UNCHANGED
sleep_unified_research_v1	reviews/separate_sleep_phenotyping_v1.md	05a194521e1d8bf89064051c971eec2a50f1f027dc5967040db377835644560a	UNCHANGED
sleep_unified_research_v1	reviews/separate_sleep_phenotyping_v1_evidence.tsv	1af8c859666f7ac36d201baa36c0051bf3902bb9a923f50db0d59d0bfad8f44a	UNCHANGED
sleep_unified_research_v1	reviews/separate_sleep_phenotyping_v1_receipt.json	4403c620d61e5da16612ff4f77b136bd98cd2e07548bb062ea5f738dc2475bc9	UNCHANGED
sleep_unified_research_v1	reviews/sleep_phenotyping_v1.md	8478b4b57e185d83b324b45e5238751c054f73b92e28a7662c98a219fbf90e68	UNCHANGED
sleep_unified_research_v1	reviews/sleep_phenotyping_v1_core.tsv	08f9af58db36698377a00a156d88088b5d0ba370f2050aef4b0b9a8cc7e3818c	UNCHANGED
sleep_unified_research_v1	reviews/sleep_phenotyping_v1_receipt.json	98138967c60d796cd3da76a4f77b6dd95808c0a7ab353374e19f4293df28874b	UNCHANGED
sleep_unified_research_v1	reviews/sleep_phenotyping_v1_sources.tsv	4dba3615c62f8a91a4b9f6f23e5b962bcf06e03386ac587422702a2fb8035617	UNCHANGED
sleep_unified_research_v1	reviews/sleep_phenotyping_v1_validation.tsv	ae5a1be3b865bc3f07f2bdb74963747674d0d5fc13b31c0c1c7b223332da7efd	UNCHANGED
sleep_unified_research_v1	reviews/statistical_validity_v1.json	f5e4e3a52d3d109bfbb33b8df766b8f1ff69aa0dcc2f27bc0b6e8b4478f86ead	UNCHANGED
sleep_unified_research_v1	reviews/statistical_validity_v1.md	f2b08bf4758c112cc6f0d6f95a5cb1979657c6a7432e6a9c702a11c9a8f1ee45	UNCHANGED
sleep_unified_research_v1	reviews/statistical_validity_v1.py	2ea03ba219fd275923f3ba5118afad45e39b90f46809370a20a595b47fd390f7	UNCHANGED
sleep_unified_research_v1	reviews/statistical_validity_v1.tsv	adf235e7d6421c878276bdd2481e39f85c32813e94a6992481bceb1302ff5629	UNCHANGED
sleep_unified_research_v1	scripts/00_recover_inventory.py	8c9091e9f32d66ded0210711059df4b366276d0a45cb4211fd92999d23dd43a9	UNCHANGED
sleep_unified_research_v1	scripts/01_verify_native_inputs.py	14ef31cb61999f25ae55038d981c1290686dce9d7306bf5fb9a4e63fa8f0ba7d	UNCHANGED
sleep_unified_research_v1	scripts/02_recover_archived_extension.py	bf44fb0e6a510e00caf7bdfde90cfdd1e18edb827237e3b4a4e494134e200416	UNCHANGED
sleep_unified_research_v1	scripts/03_acquire_admitted_mvp_source.py	6eda27213fa05a265269a01893f8b2994354c3f38feedf0a398246041f0d1441	UNCHANGED
sleep_unified_research_v1	scripts/04_native_reproduction_runner.py	fa5ca8528caa1037cca55d5234e7e7721582abce479c95949bb81255e3428fa9	UNCHANGED
sleep_unified_research_v1	scripts/05_build_progress_evidence.py	96c9ef4b5979e8ae864f767c7cfc8f31753d7fe5740d139de4f68edcff5a13d3	UNCHANGED
sleep_unified_research_v1	scripts/06_audit_mvp_schema.py	1026737c5f0085b6b2cad1945f5756026625821b348ffe4451a58437fc9afc5c	UNCHANGED
sleep_unified_research_v1	scripts/07_consolidate_inventory.py	4f631a5bca3be352886b4d757682f04c962f7bf8b5bf21f69427fcf9d48b7c0f	UNCHANGED
sleep_unified_research_v1	scripts/08_make_evidence_figures.py	7ff4de9ef180c0e991b01897bd1fbd9be1672d4fbf32663ef222754588aa995a	UNCHANGED
sleep_unified_research_v1	scripts/09_audit_processed_source_counts.py	e29a2fd92bcac41e5f18df0172d2e69435ab63bab99f38ec957ad2a934a8d561	UNCHANGED
sleep_unified_research_v1	scripts/10_seal_package.py	d2c4b18b96d5e691b0265daf740a320a46fbb3a400bb08da501efac37f60e3d3	UNCHANGED
sleep_unified_research_v1	scripts/native_ldsc_capture.py	bd1b87e403fca2bad4c30b6a662a64f7c3d1a47f6aa9884f5157e370cb95707d	UNCHANGED
sleep_unified_research_v1	sources/recovered/config/analysis_panel.lock.json	4be67d7255235742d236e949c27e6e3b9eee6e6f5195c0b9d001be26c50d710c	UNCHANGED
sleep_unified_research_v1	sources/recovered/config/analysis_panel.tsv	38d3d430507880e8623fc2b5dd3f4dcf963dcc346d99b14bb6c185a64e361a80	UNCHANGED
sleep_unified_research_v1	sources/recovered/config/gwas_schemas.tsv	df2e56799a8cb07be849c96940d553710210725563e29e63baf62cc5a59dd51c	UNCHANGED
sleep_unified_research_v1	sources/recovered/config/liftover_plans.tsv	dda87cffebe55fc3792ab75d08abbc61b5ff49d138a7410ad0480d36682b90e3	UNCHANGED
sleep_unified_research_v1	sources/recovered/config/public_gwas_sources.tsv	4b194d25641c2308a84428a7d127969e2eeec0b1884626ab0b8f5a49e1b7cc93	UNCHANGED
sleep_unified_research_v1	sources/recovered/config/variant_mapping_plans.tsv	78f4d89b82c1a0f9db571a3c240e162f354c8961cd5eda17e7556e6dcd1dcee1	UNCHANGED
sleep_unified_research_v1	sources/recovered/environment/tool_versions.tsv	f718e813510722e06e05c1d755cd53a6f9ebed4981af4e3bcf8c6339b74d51c3	UNCHANGED
sleep_unified_research_v1	sources/recovered/results/figures/fig2_rg_heatmap.png	9428f60a2eec814e47e105d4210b4f96585143791a034c8a0fbab4a0ac5a7bb3	UNCHANGED
sleep_unified_research_v1	sources/recovered/results/tables/analysis_panel_provenance.tsv	d5801a6c4ce658f94720751364fd49d7eb311afdae43f00754801da7905fca9c	UNCHANGED
sleep_unified_research_v1	sources/recovered/results/tables/h2_summary.tsv	1c5c2a2e0b1716fba8c907f7e57492db1cf24b1f0d0d052c2d4518fd3482be67	UNCHANGED
sleep_unified_research_v1	sources/recovered/results/tables/phase0_readiness.tsv	a928f61cdeb40bbbf6f925ee4db9e3c5d8d01d371cc5b2454f21203e766d9099	UNCHANGED
sleep_unified_research_v1	sources/recovered/results/tables/phase1_inclusion.tsv	0e4c27de6fd6afb8bd7f160f84ef3a97da9172f42439f86c1dc9e92370ef1cbb	UNCHANGED
sleep_unified_research_v1	sources/recovered/results/tables/phase1_summary_report.md	b027c4e9443e796e68bb7f0bcfbf67a58c5770649ff385eb679ac72512984252	UNCHANGED
sleep_unified_research_v1	sources/recovered/results/tables/rg_matrix.tsv	161756ac61775ad3393572cf5fbdf51690eb47ff010b8a50dbcc5fabf79bc077	UNCHANGED
sleep_unified_research_v1	sources/recovered/results/tables/rg_primary_phase1.tsv	9beb16a412df19f4c152d4562a0ea1a99698122a23b30b356ea34c3bec66f821	UNCHANGED
sleep_unified_research_v1	sources/recovered/results/tables/rg_qc_failed_sensitivity.tsv	33b8aebbb919fa9c4fb93a53bd298e37ea1900122af577155dc528100e6dcc1d	UNCHANGED
sleep_unified_research_v1	sources/recovered/results/tables/source_readiness.tsv	7c12e824de311260eb27352c5291356ddc7f221e7bb0cdb39c4f79bb2c009352	UNCHANGED
sleep_unified_research_v1	sources/recovered/results/tables/trait_readiness.tsv	935bfb7d67ae10683a9f2d35acc7d0f8d60e1ddbf5888d779b058dc2e22ea470	UNCHANGED
sleep_unified_research_v1	tables/archived_extension_recovery.tsv	2ecf386b1accf8a756a9ef6679b99a82fafce23ca87e0804ba1d21992f3956c4	UNCHANGED
sleep_unified_research_v1	tables/core_candidate_hash_audit.tsv	9491ff070bf5ad2a2b471bd23b105f0fa635e414ef6c6596169f3619c710f050	UNCHANGED
sleep_unified_research_v1	tables/core_intercept_stage_diagnostic.tsv	70bf63c102a3ec391faec2b97bcac26e28fb5fc22b5eddde6f5ad79ed11ecaca	UNCHANGED
sleep_unified_research_v1	tables/extension_processed_source_counts_v1.tsv	d0ad648e77507bcd3e89140efec6b640e8b31030dd25f57c2cd2f0bd3084094f	UNCHANGED
sleep_unified_research_v1	tables/historical_novelty_crosswalk.tsv	49540923bd7dcb3bd29f0911707d76a1de5957241afa8ddf51fbb79320f97a18	UNCHANGED
sleep_unified_research_v1	tables/historical_novelty_master_1200.tsv	eb4e6556a07a1ea7c4c79909388445ada0bb6594d2ce0469fc0438759db32f0f	UNCHANGED
sleep_unified_research_v1	tables/native_input_hash_checks.tsv	7ce784dc1453f31b143eaae0b65bd64da5803201cf7f74080d2610380d8172b6	UNCHANGED
sleep_unified_research_v1	tables/original_core_396.tsv	161756ac61775ad3393572cf5fbdf51690eb47ff010b8a50dbcc5fabf79bc077	UNCHANGED
sleep_unified_research_v1	tables/original_extension_1200.tsv	5089bfff7b607f356104f90aba017ff35e1841f66056242b765f05c6e7ba1166	UNCHANGED
sleep_unified_research_v1	tables/original_extension_h2_100.tsv	95b22a7da9924945643f43660080b9773496421d4ca7c184eac03a03961a626c	UNCHANGED
sleep_unified_research_v1	tables/original_vs_native_pilot.tsv	3aa724ddface960eebaf1daae75096c774fb2cbcb185bb9d650b0213d3a94d20	UNCHANGED
sleep_unified_research_v1	tables/phenotype_and_source_metadata.tsv	1357715207a7a3779a4fdd8f5f700e42ce39239d8c1d449e99eef647f4173499	UNCHANGED
sleep_unified_research_v1	tables/study_design_counts.tsv	5d7485b6a8b58d58b050c15d6b3e550910ab66b04f4097f2154fcebbda593609	UNCHANGED
sleep_unified_research_v1	tests/test_evidence_integrity.py	acfecb0e897324f63f44e2559d7216293329e8ce25e6ace01984ae2d4800ad6f	UNCHANGED
sleep_unified_research_v2	.gitattributes	e7ef1e92cdfcdb357dc38eaaea4bdf248dc89983bad121f99ba59ad3db4bafe4	UNCHANGED
sleep_unified_research_v2	FINAL_EVIDENCE_HANDOFF_V2.md	733198941941664456e9dc5c80b3ce86a2313fd3f3eecd32644765ab3cba2620	UNCHANGED
sleep_unified_research_v2	FROZEN_NEW_ANALYSIS_PROTOCOL_v3.md	22c458ead71f7a214c9ab36526784b090da84b36fd53a22be8ebdedf54c76cb0	UNCHANGED
sleep_unified_research_v2	README.md	5edfc03b07e6db4a64a51f6a592dd375fccd462fe149112888730e8ae68d120c	UNCHANGED
sleep_unified_research_v2	REPRODUCE.md	57e30e10668693bbcbe121fa7514990bb70185aabad5fa5f205f370a95335ad7	UNCHANGED
sleep_unified_research_v2	SCIENTIFIC_COMPLETION_V2.md	cec7edb892c113d1a56ef9f9e115b7fa671bf92c9b5da8abaaa30fca7d9167af	UNCHANGED
sleep_unified_research_v2	logs/additional_ssd_sources_verification_v2.json	6ba12dc3bb53c966721533a98e8c217e4603ae3a48dc5a873b431a799bf4461c	UNCHANGED
sleep_unified_research_v2	logs/colorectal_cancer_direct_source_restoration_v2.json	7bf3f89a09b19756162d03837e253984aa8b9fdcdef245d1752726ff14de6992	UNCHANGED
sleep_unified_research_v2	logs/consolidation_initial_failure_v2.json	f084d4357b243292f37e4c3c6f723355e4e827d835ff5ea16f812f21b1f288aa	UNCHANGED
sleep_unified_research_v2	logs/direct_tsv_source_recovery_receipt_v2.json	3c7e5f17e1cdacf2d2efae870553ed737c31f951e7b92e93c5cf68e96a9b995a	UNCHANGED
sleep_unified_research_v2	logs/exact_lipid_ranged_acquisition_receipt_v2.json	84dc2c73a798dd20064b5a30605083d5752e99ec9512cb42f630ef6f155a725a	UNCHANGED
sleep_unified_research_v2	logs/exact_lipid_upstream_head_v2.json	a8f4a11447ff408af4c70ff326df959012a1ec1d09ce1d57a845fda2d618bd48	UNCHANGED
sleep_unified_research_v2	logs/hdl_download_headers_v2.txt	008622fcd477bd93bf23e914a3146c759e3c8ee0de80e1fce7de7aa12af03efb	UNCHANGED
sleep_unified_research_v2	logs/hdl_native_prefilter_receipt_v2.json	9011b6e5b3ea9ac5e6ec451ce84f9c0de5ebc7cf449b0f3340b62e86754705ab	UNCHANGED
sleep_unified_research_v2	logs/hdl_native_prefilter_v2.log	9720e33351eaa025afbd58277f5019eb2240148ef7bff6806c6eb4b137a1ba85	UNCHANGED
sleep_unified_research_v2	logs/hdl_ranged_acquisition_receipt_v2.json	4a2e7f7a11d5120b09a145965fe024d5ca1be8dc528cde27be1f6ee13c66d73d	UNCHANGED
sleep_unified_research_v2	logs/hdl_source_acquisition_receipt_v2.json	d876c44faa584006f13bfd0e193bf6c955508879051f790512c01f6ada1808c0	UNCHANGED
sleep_unified_research_v2	logs/hdl_upstream_head_v2.txt	43bc029cc98d17a06869efe625e136ba51e40a67802e472db59d12b8b7faaefb	UNCHANGED
sleep_unified_research_v2	logs/ldl_native_prefilter_receipt_v2.json	ef9cf52680e547bb72bb708dec4cd31cc1ffb7aea71ab66d6c8c01683a60123f	UNCHANGED
sleep_unified_research_v2	logs/ldl_native_prefilter_v2.log	0de67be7575e6152e47aa442c8f26a6a42564fab04612c9a3c7ac29c538d0afa	UNCHANGED
sleep_unified_research_v2	logs/ldl_ranged_acquisition_receipt_v2.json	802121f6ee3ecf6afe8b0da26e5d51a7d946b56d0b78d07314b351e90e682b03	UNCHANGED
sleep_unified_research_v2	logs/ldl_upstream_head_v2.txt	df643bd1e4a8ca79e52e621a6e96a2b09408ba15c9579d2042ca4c239ea37e34	UNCHANGED
sleep_unified_research_v2	logs/lipid_range_probe_headers_v2.txt	43943ddf781b68bd4b6d421821499de4567de3605949196bf8102e835c289faf	UNCHANGED
sleep_unified_research_v2	logs/lung_cancer_direct_source_restoration_v2.json	367dd4d25bdb2a4702fb5e6a4a620cba1df4db0ae4a7c745110c48d113297ad9	UNCHANGED
sleep_unified_research_v2	logs/missing_core_archive_search_receipt_v2.json	729b01a228feebe9a4687c51abc4c381862ae9c2b1d24a89a89c36de83a356ae	UNCHANGED
sleep_unified_research_v2	logs/missing_core_ssd_filename_search_v2.json	0f17c214bb255e191fcf8fcd8b2fe724f7b2edcacd44f90762a6541da38c4f7a	UNCHANGED
sleep_unified_research_v2	logs/native_resource_preflight_v2.json	5ad0260bf4d3532be349e344864681a292434dbd2e8a9363f01adaac9c02129f	UNCHANGED
sleep_unified_research_v2	logs/portable_validation_receipt_v2.json	6a99ccac65bc3fbe33465baf8ea0f0cf623dd782ce0c23c02b6709ae19779b9d	UNCHANGED
sleep_unified_research_v2	logs/recovery_consolidation_receipt_v2.json	2f54253699a698073b050406781468e22a096df1aadc2e0f77e4c76809f07e40	UNCHANGED
sleep_unified_research_v2	logs/recovery_consolidation_stdout_v2.log	e3b0c44298fc1c149afbf4c8996fb92427ae41e4649b934ca495991b7852b855	UNCHANGED
sleep_unified_research_v2	logs/recovery_consolidation_success_stdout_v2.log	679e99a34122e7c1b9371b4d950650299e6f4db33173c23064adb7a09446b409	UNCHANGED
sleep_unified_research_v2	logs/task_created_bytecode_cleanup_receipt_v2.json	8483162b408ac358d4ab4e352508364defc3dbd039e7a7acdc4e43e00507f680	UNCHANGED
sleep_unified_research_v2	logs/triglycerides_native_prefilter_receipt_v2.json	1e9fe8706b35653aa842b928b2a5cbea180673a63dc373357fe6c5c91e45622a	UNCHANGED
sleep_unified_research_v2	logs/triglycerides_native_prefilter_v2.log	70c8664120af25427216d9a3cf2dd7fd7bdd02130d42a447bae198c1db7c543e	UNCHANGED
sleep_unified_research_v2	logs/triglycerides_ranged_acquisition_receipt_v2.json	8438c45939454b8293c0f226c9274c59789b0c021544a60dfce07c4e3e8ac6a4	UNCHANGED
sleep_unified_research_v2	logs/triglycerides_upstream_head_v2.txt	65aba66c85db283c584d93743f7d7fdb9ded44848225d8ef1d052624d32a2470	UNCHANGED
sleep_unified_research_v2	manifests/direct_tsv_source_recovery_plan_v2.json	f37e1c9c39149b543721c41290e5cb329f8cf2d64c98389d34982a567f23c713	UNCHANGED
sleep_unified_research_v2	manifests/exact_lipid_download_resource_plan_v2.json	554a6a740cdbf553c1a101ab3dd9f75c63c548250be54f2ac672c340521d3a7a	UNCHANGED
sleep_unified_research_v2	manifests/exact_lipid_ranged_resource_plan_v2.json	cec636526e997e4dea84a89d054095431ad26fdd1ec29265ef650781920435cb	UNCHANGED
sleep_unified_research_v2	manifests/git_publication_preflight_v2.json	ab6fdfe156c1cb40162b628c96a6652e00b292072afd1c6db2a5d8dbebd991a6	UNCHANGED
sleep_unified_research_v2	manifests/hdl_prefilter_execution_plan_v2.json	aed79be6b5ec2e2adf53cd4d3d8ab64acfd024daa8041d62db2c364d5683987f	UNCHANGED
sleep_unified_research_v2	manifests/ldl_prefilter_execution_plan_v2.json	04b5c3fbdb85cf0ad8b960f15778981e65ab4be29135885c5622de05fb3eaae1	UNCHANGED
sleep_unified_research_v2	manifests/missing_core_archive_search_plan_v2.json	b7b15b9dd5e5970408435b36d55a36d36136ead8ce7aaac46f111f67e2a1c521	UNCHANGED
sleep_unified_research_v2	manifests/protocol_amendment_v3_receipt.json	c90999cee41a54e9964396864d4dbe0eb2b954a58e7db8c34847ad4323baedf8	UNCHANGED
sleep_unified_research_v2	manifests/triglycerides_prefilter_execution_plan_v2.json	9b2ae510f2064d292f4f4958f42823981a4f67562d6d4619e5356f9b9033c431	UNCHANGED
sleep_unified_research_v2	reviews/exact_lipid_ranged_review_v2.json	443821e97d6e3ebb64877d3afb00d1c55b81a68521a7cbf00747db8a042b2254	UNCHANGED
sleep_unified_research_v2	reviews/exact_lipid_ranged_review_v2.md	349323ae04dac615a0823f1d2f7d8d338741916a21bafc32a8463e6c912746d8	UNCHANGED
sleep_unified_research_v2	reviews/exact_lipid_ranged_review_v2.py	695d3c432847a7c58518eab0a88a9e53905870768f7b7dc8bc6811e486a1e172	UNCHANGED
sleep_unified_research_v2	reviews/exact_lipid_ranged_review_v2.sha256	7fec0b01b0261bbc7abadb5f2481ca2b9c19415e8ea4821c227d3ae0966dc246	UNCHANGED
sleep_unified_research_v2	reviews/exact_lipid_source_recovery_review_v2.json	173f516109fca91b466287742ec599170e0f45253415ed17c0c80c7e69367dae	UNCHANGED
sleep_unified_research_v2	reviews/exact_lipid_source_recovery_review_v2.md	f44ae46e682ff863c9827eb2242481f252c134a644b50cbf47a725dcc91a3d8d	UNCHANGED
sleep_unified_research_v2	reviews/exact_lipid_source_recovery_review_v2.py	f1994a64b6260b6a93f112d6f81eb5197dd64d8e6d0316a79ceb7776b58a1fc3	UNCHANGED
sleep_unified_research_v2	reviews/exact_lipid_source_recovery_review_v2.sha256	e2d5e8be09ce3e95aa75f4b61c1af67ad59cc94ad7e9e24a776afec27a0fc6ca	UNCHANGED
sleep_unified_research_v2	reviews/final_independent_lipid_handoff_v2.json	d9613276929d4050d34638cf0d214d275203f33b6b60f2740d5a9e90b0339caf	UNCHANGED
sleep_unified_research_v2	reviews/final_independent_lipid_handoff_v2.md	5a7151ea357cf2fa3b5702e68ee083622b153d15b7dd7c7e44ec71a78ba80d2e	UNCHANGED
sleep_unified_research_v2	reviews/final_independent_lipid_handoff_v2.sha256	e702974633b61ea1decdc3819427ea7def37a86b8a1814e42b1966a09dd6d214	UNCHANGED
sleep_unified_research_v2	reviews/native_lipid_prefilter_review_v2.json	676780ba70ded5848f4f9553f6a21db835235c0c4ffae33b032a526f6df994e4	UNCHANGED
sleep_unified_research_v2	reviews/native_lipid_prefilter_review_v2.md	f81c782c2e6e7a8274eddefcb819a7a8874e6e636f081a6162987b5f50ac6f27	UNCHANGED
sleep_unified_research_v2	reviews/native_lipid_prefilter_review_v2.py	c99148769b57cde1e4c7ed0ac08190ef59040012190ecf6b1cba9b1f10386d2a	UNCHANGED
sleep_unified_research_v2	reviews/native_lipid_prefilter_review_v2.sha256	e75428c63a5a3f87c9658c8cbec3d3bef4c4b4577121d7209f8c4d5fe0b093ce	UNCHANGED
sleep_unified_research_v2	scripts/11_search_missing_core_sources.py	b63705bc5459169dba8b6413cf14f8bfcf1608acfcb81682638bf30bd1e0d3dc	UNCHANGED
sleep_unified_research_v2	scripts/12_recover_exact_lipid_sources.py	8e627294ee22fdf5931c8b9ea8a78c0fb49999ebc534ef1dc4bae01e28c1bf8a	UNCHANGED
sleep_unified_research_v2	scripts/13_verify_additional_ssd_sources.py	6363d67095905d63ff0b39dd01c7bcec900eba5f916c069314deffbcc1e51d32	UNCHANGED
sleep_unified_research_v2	scripts/14_acquire_exact_lipids_by_range.py	9e6eadd08d7a1ece5a6ad7cf6cf27dfd2ebacf1da4001c739043b81a2f23263a	UNCHANGED
sleep_unified_research_v2	scripts/15_restore_direct_tsv_source_bytes.py	ebfb8edaefa5d388f49e80cd72769eaf62e4857a7f4acc1299ac6c98594dd498	UNCHANGED
sleep_unified_research_v2	scripts/16_reproduce_lipid_hm3_prefilter.py	3962ba4fc9b932cf83048ee9b06fe5dbca0886636659b4ecffeb37ad9fd7569d	UNCHANGED
sleep_unified_research_v2	scripts/17_consolidate_recovery_addendum.py	6fb42cf9a376a80d426098a9a8e4a38bb77c114f73ced9e0ff030abbcf07bab6	UNCHANGED
sleep_unified_research_v2	scripts/18_seal_addendum.py	cd35b4d6bb6f77c08c0f89155629a7823fb93bdc9b5d01d5309e95c17cae5105	UNCHANGED
sleep_unified_research_v2	source_definition_review/build_provenance_v2_artifacts.py	bf4126a8de653dc0266c6356533cdde35598252f5cc9ba4ff9cbbdc9f4e5f56d	UNCHANGED
sleep_unified_research_v2	source_definition_review/provenance_v2_SHA256SUMS	ecc0f56bfacf3ae1f4d06f71f1e454b00015c75871821d08f2bdd379d53144ef	UNCHANGED
sleep_unified_research_v2	source_definition_review/provenance_v2_definition_contract.json	67bed6399079f7153a13530e036c2d3d7705f929d7baa22e826d2d73a91f3db1	UNCHANGED
sleep_unified_research_v2	source_definition_review/provenance_v2_definition_evidence.tsv	3688d9b3ed9a99c75ec5085a072ebb5b399676b4309ec3de28a51c5747be7846	UNCHANGED
sleep_unified_research_v2	source_definition_review/provenance_v2_mvp_insomnia_icd_mapping.tsv	e37a879052389201b70dbda0b5755450079e3748393b9c125eae84bfdd2aa50d	UNCHANGED
sleep_unified_research_v2	source_definition_review/provenance_v2_source_access_receipt.json	6a593c0c7c892d1b1cc7c6212093f4c09f1ec284ef1f7b644d4a24c9ca99ef38	UNCHANGED
sleep_unified_research_v2	source_definition_review/provenance_v2_source_definition_addendum.md	cd194adcb6a30bf70833e93f181cf9d734e89e1ec060a98b2d6f22336e043522	UNCHANGED
sleep_unified_research_v2	tables/CURRENT_CORE_SOURCE_STATUS.tsv	1380e493699742fd3b5c2c885038c1a82c6ccebb718aec41612aa3ec86963561	UNCHANGED
sleep_unified_research_v2	tables/CURRENT_EVIDENCE_STATUS_V2.json	679e99a34122e7c1b9371b4d950650299e6f4db33173c23064adb7a09446b409	UNCHANGED
sleep_unified_research_v2	tables/NATIVE_LIPID_PREFILTER_COMPARISON.tsv	379e56534e7e9360c40e2dec0c55668fd2406c4a084eba238d87c8a48654edab	UNCHANGED
sleep_unified_research_v2	tables/PHASE_COMPLETION_V2.tsv	e1c43504fed0759048c6d5cfd760399606e15329f9560f61020fe09c0069a8d7	UNCHANGED
sleep_unified_research_v2	tables/SOURCE_RECOVERY_UPDATES.tsv	ef7ade237d5a245fbecd1ca664c6211ac3cdbf692b6b10a8aaec9ad3867de693	UNCHANGED
sleep_unified_research_v2	tables/additional_ssd_source_recovery_v2.tsv	adfb2b3329b1d81dc1362d3dcb450d28321f59bc6ceefb793dc82d5a937dea70	UNCHANGED
sleep_unified_research_v2	tables/missing_core_archive_candidates_v2.tsv	0ac44ffe37d6451b2e87d79beed739b0603b97dfa2746feb369fddfec1a7656b	UNCHANGED
sleep_unified_research_v2	tests/test_recovery_evidence.py	01d7a6f791b0272c7b7e82ca781ea5b304eb9b84b321912407a3bf30d1c42975	UNCHANGED
