sleep_trait	disease_trait	rg	se	z	p_value	h2_obs	h2_obs_se	h2_int	h2_int_se	gcov_int	gcov_int_se	input_log	q_value	analysis_family	family_denominator	cohort_overlap_status	interpretation_status	claim_limit
insomnia	frailty_general	0.6658	0.0256	26.03	2.061e-149	0.0225	0.0009	1.027	0.0183	0.3414	0.0116	/Users/swethasunilkumar/Documents/Codex/2026-09-19/can/work/sleep-gwas-atlas-v03/frailty_paper/results/frailty_v1/logs_rg_latent_factors/rg_insomnia.log	1.731e-147	secondary_sleep_x_latent_frailty	84	EXPECTED_OR_POSSIBLE; exact overlap UNKNOWN	SENSITIVITY_ONLY	global genetic correlation; not independent replication or causality
shortsleep	frailty_general	0.5278	0.0319	16.56	1.373e-61	0.0225	0.0009	1.027	0.0184	0.1845	0.0105	/Users/swethasunilkumar/Documents/Codex/2026-09-19/can/work/sleep-gwas-atlas-v03/frailty_paper/results/frailty_v1/logs_rg_latent_factors/rg_shortsleep.log	5.764e-60	secondary_sleep_x_latent_frailty	84	EXPECTED_OR_POSSIBLE; exact overlap UNKNOWN	SENSITIVITY_ONLY	global genetic correlation; not independent replication or causality
sleepiness	frailty_general	0.3442	0.0289	11.89	1.306e-32	0.0225	0.0009	1.027	0.0184	0.1872	0.0108	/Users/swethasunilkumar/Documents/Codex/2026-09-19/can/work/sleep-gwas-atlas-v03/frailty_paper/results/frailty_v1/logs_rg_latent_factors/rg_sleepiness.log	3.656e-31	secondary_sleep_x_latent_frailty	84	EXPECTED_OR_POSSIBLE; exact overlap UNKNOWN	SENSITIVITY_ONLY	global genetic correlation; not independent replication or causality
sleep_apnea	frailty_general	0.4272	0.0375	11.4	4.059e-30	0.0224	0.0009	1.03	0.0183	0.0079	0.0111	/Users/swethasunilkumar/Documents/Codex/2026-09-19/can/work/sleep-gwas-atlas-v03/frailty_paper/results/frailty_v1/logs_rg_latent_factors/rg_sleep_apnea.log	8.525e-29	secondary_sleep_x_latent_frailty	84	EXPECTED_OR_POSSIBLE; exact overlap UNKNOWN	SENSITIVITY_ONLY	global genetic correlation; not independent replication or causality
longsleep	frailty_factor_5	0.3688	0.0339	10.87	1.601e-27	0.1037	0.0045	1.099	0.0136	0.0269	0.0076	/Users/swethasunilkumar/Documents/Codex/2026-09-19/can/work/sleep-gwas-atlas-v03/frailty_paper/results/frailty_v1/logs_rg_latent_factors/rg_longsleep.log	2.69e-26	secondary_sleep_x_latent_frailty	84	EXPECTED_OR_POSSIBLE; exact overlap UNKNOWN	SENSITIVITY_ONLY	global genetic correlation; not independent replication or causality
napping	frailty_general	0.2726	0.0253	10.78	4.48e-27	0.0225	0.0009	1.027	0.0183	0.179	0.0115	/Users/swethasunilkumar/Documents/Codex/2026-09-19/can/work/sleep-gwas-atlas-v03/frailty_paper/results/frailty_v1/logs_rg_latent_factors/rg_napping.log	6.272e-26	secondary_sleep_x_latent_frailty	84	EXPECTED_OR_POSSIBLE; exact overlap UNKNOWN	SENSITIVITY_ONLY	global genetic correlation; not independent replication or causality
sleep_apnea	frailty_factor_4	0.4276	0.0419	10.21	1.825e-24	0.1687	0.008	1.132	0.0265	-0.0198	0.0135	/Users/swethasunilkumar/Documents/Codex/2026-09-19/can/work/sleep-gwas-atlas-v03/frailty_paper/results/frailty_v1/logs_rg_latent_factors/rg_sleep_apnea.log	2.19e-23	secondary_sleep_x_latent_frailty	84	EXPECTED_OR_POSSIBLE; exact overlap UNKNOWN	SENSITIVITY_ONLY	global genetic correlation; not independent replication or causality
snoring	frailty_factor_4	0.324	0.0349	9.274	1.787e-20	0.1696	0.0079	1.125	0.0249	0.1518	0.0144	/Users/swethasunilkumar/Documents/Codex/2026-09-19/can/work/sleep-gwas-atlas-v03/frailty_paper/results/frailty_v1/logs_rg_latent_factors/rg_snoring.log	1.876e-19	secondary_sleep_x_latent_frailty	84	EXPECTED_OR_POSSIBLE; exact overlap UNKNOWN	SENSITIVITY_ONLY	global genetic correlation; not independent replication or causality
sleep_apnea	frailty_factor_3	0.2333	0.0255	9.146	5.896e-20	0.069	0.0028	1.173	0.0184	-0.0058	0.0084	/Users/swethasunilkumar/Documents/Codex/2026-09-19/can/work/sleep-gwas-atlas-v03/frailty_paper/results/frailty_v1/logs_rg_latent_factors/rg_sleep_apnea.log	5.503e-19	secondary_sleep_x_latent_frailty	84	EXPECTED_OR_POSSIBLE; exact overlap UNKNOWN	SENSITIVITY_ONLY	global genetic correlation; not independent replication or causality
sleepdur	frailty_general	-0.2587	0.0284	-9.114	7.923e-20	0.0225	0.0009	1.027	0.0184	-0.1032	0.0104	/Users/swethasunilkumar/Documents/Codex/2026-09-19/can/work/sleep-gwas-atlas-v03/frailty_paper/results/frailty_v1/logs_rg_latent_factors/rg_sleepdur.log	6.655e-19	secondary_sleep_x_latent_frailty	84	EXPECTED_OR_POSSIBLE; exact overlap UNKNOWN	SENSITIVITY_ONLY	global genetic correlation; not independent replication or causality
sleep_apnea	frailty_factor_6	0.3301	0.0371	8.908	5.183e-19	0.0363	0.0021	1.067	0.0104	-0.0021	0.0068	/Users/swethasunilkumar/Documents/Codex/2026-09-19/can/work/sleep-gwas-atlas-v03/frailty_paper/results/frailty_v1/logs_rg_latent_factors/rg_sleep_apnea.log	3.958e-18	secondary_sleep_x_latent_frailty	84	EXPECTED_OR_POSSIBLE; exact overlap UNKNOWN	SENSITIVITY_ONLY	global genetic correlation; not independent replication or causality
longsleep	frailty_general	0.3189	0.0417	7.645	2.087e-14	0.0225	0.0009	1.027	0.0183	0.0965	0.0099	/Users/swethasunilkumar/Documents/Codex/2026-09-19/can/work/sleep-gwas-atlas-v03/frailty_paper/results/frailty_v1/logs_rg_latent_factors/rg_longsleep.log	1.461e-13	secondary_sleep_x_latent_frailty	84	EXPECTED_OR_POSSIBLE; exact overlap UNKNOWN	SENSITIVITY_ONLY	global genetic correlation; not independent replication or causality
snoring	frailty_general	0.209	0.0298	7.012	2.349e-12	0.0225	0.0009	1.027	0.0183	0.0825	0.01	/Users/swethasunilkumar/Documents/Codex/2026-09-19/can/work/sleep-gwas-atlas-v03/frailty_paper/results/frailty_v1/logs_rg_latent_factors/rg_snoring.log	1.518e-11	secondary_sleep_x_latent_frailty	84	EXPECTED_OR_POSSIBLE; exact overlap UNKNOWN	SENSITIVITY_ONLY	global genetic correlation; not independent replication or causality
snoring	frailty_factor_3	0.1723	0.0247	6.969	3.186e-12	0.0687	0.0028	1.174	0.0177	0.0673	0.0088	/Users/swethasunilkumar/Documents/Codex/2026-09-19/can/work/sleep-gwas-atlas-v03/frailty_paper/results/frailty_v1/logs_rg_latent_factors/rg_snoring.log	1.911e-11	secondary_sleep_x_latent_frailty	84	EXPECTED_OR_POSSIBLE; exact overlap UNKNOWN	SENSITIVITY_ONLY	global genetic correlation; not independent replication or causality
longsleep	frailty_factor_2	0.2833	0.0445	6.367	1.933e-10	0.0181	0.001	0.9911	0.0094	0.0086	0.0059	/Users/swethasunilkumar/Documents/Codex/2026-09-19/can/work/sleep-gwas-atlas-v03/frailty_paper/results/frailty_v1/logs_rg_latent_factors/rg_longsleep.log	1.083e-09	secondary_sleep_x_latent_frailty	84	EXPECTED_OR_POSSIBLE; exact overlap UNKNOWN	SENSITIVITY_ONLY	global genetic correlation; not independent replication or causality
snoring	frailty_factor_2	0.1895	0.0311	6.091	1.124e-09	0.0181	0.001	0.9911	0.0095	0.0015	0.0069	/Users/swethasunilkumar/Documents/Codex/2026-09-19/can/work/sleep-gwas-atlas-v03/frailty_paper/results/frailty_v1/logs_rg_latent_factors/rg_snoring.log	5.903e-09	secondary_sleep_x_latent_frailty	84	EXPECTED_OR_POSSIBLE; exact overlap UNKNOWN	SENSITIVITY_ONLY	global genetic correlation; not independent replication or causality
shortsleep	frailty_factor_6	0.2091	0.0344	6.075	1.238e-09	0.036	0.0021	1.068	0.01	0.0087	0.0068	/Users/swethasunilkumar/Documents/Codex/2026-09-19/can/work/sleep-gwas-atlas-v03/frailty_paper/results/frailty_v1/logs_rg_latent_factors/rg_shortsleep.log	6.119e-09	secondary_sleep_x_latent_frailty	84	EXPECTED_OR_POSSIBLE; exact overlap UNKNOWN	SENSITIVITY_ONLY	global genetic correlation; not independent replication or causality
sleepdur	frailty_factor_6	-0.1837	0.0316	-5.811	6.199e-09	0.036	0.0021	1.068	0.01	0.0253	0.0071	/Users/swethasunilkumar/Documents/Codex/2026-09-19/can/work/sleep-gwas-atlas-v03/frailty_paper/results/frailty_v1/logs_rg_latent_factors/rg_sleepdur.log	2.893e-08	secondary_sleep_x_latent_frailty	84	EXPECTED_OR_POSSIBLE; exact overlap UNKNOWN	SENSITIVITY_ONLY	global genetic correlation; not independent replication or causality
insomnia	frailty_factor_6	0.2101	0.0364	5.773	7.805e-09	0.036	0.0021	1.068	0.0099	-0.0101	0.0062	/Users/swethasunilkumar/Documents/Codex/2026-09-19/can/work/sleep-gwas-atlas-v03/frailty_paper/results/frailty_v1/logs_rg_latent_factors/rg_insomnia.log	3.451e-08	secondary_sleep_x_latent_frailty	84	EXPECTED_OR_POSSIBLE; exact overlap UNKNOWN	SENSITIVITY_ONLY	global genetic correlation; not independent replication or causality
snoring	frailty_factor_5	0.1275	0.0234	5.441	5.308e-08	0.1037	0.0045	1.098	0.0136	-0.0139	0.0079	/Users/swethasunilkumar/Documents/Codex/2026-09-19/can/work/sleep-gwas-atlas-v03/frailty_paper/results/frailty_v1/logs_rg_latent_factors/rg_snoring.log	2.229e-07	secondary_sleep_x_latent_frailty	84	EXPECTED_OR_POSSIBLE; exact overlap UNKNOWN	SENSITIVITY_ONLY	global genetic correlation; not independent replication or causality
napping	frailty_factor_2	0.1484	0.0275	5.401	6.627e-08	0.0181	0.001	0.9912	0.0095	0.0105	0.0064	/Users/swethasunilkumar/Documents/Codex/2026-09-19/can/work/sleep-gwas-atlas-v03/frailty_paper/results/frailty_v1/logs_rg_latent_factors/rg_napping.log	2.651e-07	secondary_sleep_x_latent_frailty	84	EXPECTED_OR_POSSIBLE; exact overlap UNKNOWN	SENSITIVITY_ONLY	global genetic correlation; not independent replication or causality
shortsleep	frailty_factor_2	0.1841	0.0345	5.336	9.484e-08	0.0181	0.001	0.9913	0.0095	-0.0056	0.0071	/Users/swethasunilkumar/Documents/Codex/2026-09-19/can/work/sleep-gwas-atlas-v03/frailty_paper/results/frailty_v1/logs_rg_latent_factors/rg_shortsleep.log	3.621e-07	secondary_sleep_x_latent_frailty	84	EXPECTED_OR_POSSIBLE; exact overlap UNKNOWN	SENSITIVITY_ONLY	global genetic correlation; not independent replication or causality
snoring	frailty_factor_6	0.1756	0.0331	5.3	1.16e-07	0.036	0.0021	1.068	0.01	0.0263	0.0066	/Users/swethasunilkumar/Documents/Codex/2026-09-19/can/work/sleep-gwas-atlas-v03/frailty_paper/results/frailty_v1/logs_rg_latent_factors/rg_snoring.log	4.238e-07	secondary_sleep_x_latent_frailty	84	EXPECTED_OR_POSSIBLE; exact overlap UNKNOWN	SENSITIVITY_ONLY	global genetic correlation; not independent replication or causality
sleep_apnea	frailty_factor_2	0.1966	0.0404	4.866	1.14e-06	0.0181	0.001	0.9907	0.0097	-0.004	0.0074	/Users/swethasunilkumar/Documents/Codex/2026-09-19/can/work/sleep-gwas-atlas-v03/frailty_paper/results/frailty_v1/logs_rg_latent_factors/rg_sleep_apnea.log	3.989e-06	secondary_sleep_x_latent_frailty	84	EXPECTED_OR_POSSIBLE; exact overlap UNKNOWN	SENSITIVITY_ONLY	global genetic correlation; not independent replication or causality
shortsleep	frailty_factor_3	0.1257	0.0262	4.804	1.558e-06	0.0687	0.0028	1.174	0.0177	-0.0207	0.0087	/Users/swethasunilkumar/Documents/Codex/2026-09-19/can/work/sleep-gwas-atlas-v03/frailty_paper/results/frailty_v1/logs_rg_latent_factors/rg_shortsleep.log	5.237e-06	secondary_sleep_x_latent_frailty	84	EXPECTED_OR_POSSIBLE; exact overlap UNKNOWN	SENSITIVITY_ONLY	global genetic correlation; not independent replication or causality
accel_sleep_duration	frailty_factor_5	0.1591	0.0336	4.737	2.169e-06	0.1037	0.0045	1.098	0.0136	-0.0034	0.0078	/Users/swethasunilkumar/Documents/Codex/2026-09-19/can/work/sleep-gwas-atlas-v03/frailty_paper/results/frailty_v1/logs_rg_latent_factors/rg_accel_sleep_duration.log	7.007e-06	secondary_sleep_x_latent_frailty	84	EXPECTED_OR_POSSIBLE; exact overlap UNKNOWN	SENSITIVITY_ONLY	global genetic correlation; not independent replication or causality
insomnia	frailty_factor_3	0.1276	0.0279	4.576	4.74e-06	0.0686	0.0028	1.174	0.0177	-0.0457	0.0088	/Users/swethasunilkumar/Documents/Codex/2026-09-19/can/work/sleep-gwas-atlas-v03/frailty_paper/results/frailty_v1/logs_rg_latent_factors/rg_insomnia.log	1.475e-05	secondary_sleep_x_latent_frailty	84	EXPECTED_OR_POSSIBLE; exact overlap UNKNOWN	SENSITIVITY_ONLY	global genetic correlation; not independent replication or causality
napping	frailty_factor_3	0.0937	0.0212	4.421	9.823e-06	0.0687	0.0028	1.174	0.0177	0.0232	0.0087	/Users/swethasunilkumar/Documents/Codex/2026-09-19/can/work/sleep-gwas-atlas-v03/frailty_paper/results/frailty_v1/logs_rg_latent_factors/rg_napping.log	2.947e-05	secondary_sleep_x_latent_frailty	84	EXPECTED_OR_POSSIBLE; exact overlap UNKNOWN	SENSITIVITY_ONLY	global genetic correlation; not independent replication or causality
insomnia	frailty_factor_2	0.1326	0.0306	4.33	1.491e-05	0.0181	0.001	0.9909	0.0095	-0.0552	0.0062	/Users/swethasunilkumar/Documents/Codex/2026-09-19/can/work/sleep-gwas-atlas-v03/frailty_paper/results/frailty_v1/logs_rg_latent_factors/rg_insomnia.log	4.318e-05	secondary_sleep_x_latent_frailty	84	EXPECTED_OR_POSSIBLE; exact overlap UNKNOWN	SENSITIVITY_ONLY	global genetic correlation; not independent replication or causality
sleepdur	frailty_factor_5	0.1088	0.0279	3.902	9.533e-05	0.1036	0.0045	1.099	0.0136	0.0073	0.0093	/Users/swethasunilkumar/Documents/Codex/2026-09-19/can/work/sleep-gwas-atlas-v03/frailty_paper/results/frailty_v1/logs_rg_latent_factors/rg_sleepdur.log	0.0002669	secondary_sleep_x_latent_frailty	84	EXPECTED_OR_POSSIBLE; exact overlap UNKNOWN	SENSITIVITY_ONLY	global genetic correlation; not independent replication or causality
chronotype	frailty_general	-0.1012	0.0265	-3.816	0.0001	0.0225	0.0009	1.028	0.0184	-0.0916	0.0118	/Users/swethasunilkumar/Documents/Codex/2026-09-19/can/work/sleep-gwas-atlas-v03/frailty_paper/results/frailty_v1/logs_rg_latent_factors/rg_chronotype.log	0.000271	secondary_sleep_x_latent_frailty	84	EXPECTED_OR_POSSIBLE; exact overlap UNKNOWN	SENSITIVITY_ONLY	global genetic correlation; not independent replication or causality
sleep_timing	frailty_factor_5	-0.1829	0.049	-3.73	0.0002	0.1037	0.0045	1.098	0.0136	-0.001	0.0077	/Users/swethasunilkumar/Documents/Codex/2026-09-19/can/work/sleep-gwas-atlas-v03/frailty_paper/results/frailty_v1/logs_rg_latent_factors/rg_sleep_timing.log	0.0004941	secondary_sleep_x_latent_frailty	84	EXPECTED_OR_POSSIBLE; exact overlap UNKNOWN	SENSITIVITY_ONLY	global genetic correlation; not independent replication or causality
longsleep	frailty_factor_3	0.1192	0.0315	3.78	0.0002	0.0687	0.0028	1.174	0.0177	0.0227	0.0077	/Users/swethasunilkumar/Documents/Codex/2026-09-19/can/work/sleep-gwas-atlas-v03/frailty_paper/results/frailty_v1/logs_rg_latent_factors/rg_longsleep.log	0.0004941	secondary_sleep_x_latent_frailty	84	EXPECTED_OR_POSSIBLE; exact overlap UNKNOWN	SENSITIVITY_ONLY	global genetic correlation; not independent replication or causality
shortsleep	frailty_factor_5	0.1004	0.0272	3.687	0.0002	0.1037	0.0045	1.098	0.0136	0.0229	0.0073	/Users/swethasunilkumar/Documents/Codex/2026-09-19/can/work/sleep-gwas-atlas-v03/frailty_paper/results/frailty_v1/logs_rg_latent_factors/rg_shortsleep.log	0.0004941	secondary_sleep_x_latent_frailty	84	EXPECTED_OR_POSSIBLE; exact overlap UNKNOWN	SENSITIVITY_ONLY	global genetic correlation; not independent replication or causality
snoring	frailty_factor_1	-0.1192	0.0328	-3.636	0.0003	0.0256	0.0016	1.043	0.0106	-0.0719	0.0064	/Users/swethasunilkumar/Documents/Codex/2026-09-19/can/work/sleep-gwas-atlas-v03/frailty_paper/results/frailty_v1/logs_rg_latent_factors/rg_snoring.log	0.0007	secondary_sleep_x_latent_frailty	84	EXPECTED_OR_POSSIBLE; exact overlap UNKNOWN	SENSITIVITY_ONLY	global genetic correlation; not independent replication or causality
napping	frailty_factor_4	0.1107	0.0303	3.65	0.0003	0.1695	0.0079	1.126	0.025	0.0399	0.0142	/Users/swethasunilkumar/Documents/Codex/2026-09-19/can/work/sleep-gwas-atlas-v03/frailty_paper/results/frailty_v1/logs_rg_latent_factors/rg_napping.log	0.0007	secondary_sleep_x_latent_frailty	84	EXPECTED_OR_POSSIBLE; exact overlap UNKNOWN	SENSITIVITY_ONLY	global genetic correlation; not independent replication or causality
sleep_efficiency	frailty_general	-0.1668	0.0479	-3.48	0.0005	0.0225	0.0009	1.027	0.0183	-0.04	0.0094	/Users/swethasunilkumar/Documents/Codex/2026-09-19/can/work/sleep-gwas-atlas-v03/frailty_paper/results/frailty_v1/logs_rg_latent_factors/rg_sleep_efficiency.log	0.001135	secondary_sleep_x_latent_frailty	84	EXPECTED_OR_POSSIBLE; exact overlap UNKNOWN	SENSITIVITY_ONLY	global genetic correlation; not independent replication or causality
longsleep	frailty_factor_4	0.1408	0.0435	3.236	0.0012	0.1696	0.0079	1.125	0.0249	0.0205	0.0125	/Users/swethasunilkumar/Documents/Codex/2026-09-19/can/work/sleep-gwas-atlas-v03/frailty_paper/results/frailty_v1/logs_rg_latent_factors/rg_longsleep.log	0.002653	secondary_sleep_x_latent_frailty	84	EXPECTED_OR_POSSIBLE; exact overlap UNKNOWN	SENSITIVITY_ONLY	global genetic correlation; not independent replication or causality
chronotype	frailty_factor_5	0.0722	0.0225	3.213	0.0013	0.1037	0.0045	1.098	0.0136	-0.0154	0.0085	/Users/swethasunilkumar/Documents/Codex/2026-09-19/can/work/sleep-gwas-atlas-v03/frailty_paper/results/frailty_v1/logs_rg_latent_factors/rg_chronotype.log	0.0028	secondary_sleep_x_latent_frailty	84	EXPECTED_OR_POSSIBLE; exact overlap UNKNOWN	SENSITIVITY_ONLY	global genetic correlation; not independent replication or causality
sleep_apnea	frailty_factor_1	-0.1183	0.038	-3.108	0.0019	0.0254	0.0016	1.046	0.0104	0.0097	0.0075	/Users/swethasunilkumar/Documents/Codex/2026-09-19/can/work/sleep-gwas-atlas-v03/frailty_paper/results/frailty_v1/logs_rg_latent_factors/rg_sleep_apnea.log	0.00399	secondary_sleep_x_latent_frailty	84	EXPECTED_OR_POSSIBLE; exact overlap UNKNOWN	SENSITIVITY_ONLY	global genetic correlation; not independent replication or causality
accel_sleep_duration	frailty_factor_3	0.0886	0.0295	3.004	0.0027	0.0686	0.0028	1.174	0.0177	-0.0107	0.0078	/Users/swethasunilkumar/Documents/Codex/2026-09-19/can/work/sleep-gwas-atlas-v03/frailty_paper/results/frailty_v1/logs_rg_latent_factors/rg_accel_sleep_duration.log	0.005532	secondary_sleep_x_latent_frailty	84	EXPECTED_OR_POSSIBLE; exact overlap UNKNOWN	SENSITIVITY_ONLY	global genetic correlation; not independent replication or causality
chronotype	frailty_factor_1	-0.0883	0.0297	-2.969	0.003	0.0255	0.0016	1.043	0.0106	-0.0276	0.008	/Users/swethasunilkumar/Documents/Codex/2026-09-19/can/work/sleep-gwas-atlas-v03/frailty_paper/results/frailty_v1/logs_rg_latent_factors/rg_chronotype.log	0.006	secondary_sleep_x_latent_frailty	84	EXPECTED_OR_POSSIBLE; exact overlap UNKNOWN	SENSITIVITY_ONLY	global genetic correlation; not independent replication or causality
shortsleep	frailty_factor_1	0.1026	0.0348	2.95	0.0032	0.0255	0.0016	1.043	0.0105	0.0632	0.0072	/Users/swethasunilkumar/Documents/Codex/2026-09-19/can/work/sleep-gwas-atlas-v03/frailty_paper/results/frailty_v1/logs_rg_latent_factors/rg_shortsleep.log	0.006251	secondary_sleep_x_latent_frailty	84	EXPECTED_OR_POSSIBLE; exact overlap UNKNOWN	SENSITIVITY_ONLY	global genetic correlation; not independent replication or causality
napping	frailty_factor_5	0.0706	0.0248	2.844	0.0045	0.1036	0.0045	1.099	0.0136	0.0331	0.0093	/Users/swethasunilkumar/Documents/Codex/2026-09-19/can/work/sleep-gwas-atlas-v03/frailty_paper/results/frailty_v1/logs_rg_latent_factors/rg_napping.log	0.008591	secondary_sleep_x_latent_frailty	84	EXPECTED_OR_POSSIBLE; exact overlap UNKNOWN	SENSITIVITY_ONLY	global genetic correlation; not independent replication or causality
insomnia	frailty_factor_5	0.0728	0.0275	2.645	0.0082	0.1037	0.0045	1.098	0.0136	-0.0223	0.0074	/Users/swethasunilkumar/Documents/Codex/2026-09-19/can/work/sleep-gwas-atlas-v03/frailty_paper/results/frailty_v1/logs_rg_latent_factors/rg_insomnia.log	0.01531	secondary_sleep_x_latent_frailty	84	EXPECTED_OR_POSSIBLE; exact overlap UNKNOWN	SENSITIVITY_ONLY	global genetic correlation; not independent replication or causality
chronotype	frailty_factor_4	0.0659	0.025	2.636	0.0084	0.1695	0.0079	1.126	0.025	-0.0207	0.0135	/Users/swethasunilkumar/Documents/Codex/2026-09-19/can/work/sleep-gwas-atlas-v03/frailty_paper/results/frailty_v1/logs_rg_latent_factors/rg_chronotype.log	0.01534	secondary_sleep_x_latent_frailty	84	EXPECTED_OR_POSSIBLE; exact overlap UNKNOWN	SENSITIVITY_ONLY	global genetic correlation; not independent replication or causality
napping	frailty_factor_6	0.0754	0.0312	2.416	0.0157	0.036	0.0021	1.068	0.01	0.0521	0.0068	/Users/swethasunilkumar/Documents/Codex/2026-09-19/can/work/sleep-gwas-atlas-v03/frailty_paper/results/frailty_v1/logs_rg_latent_factors/rg_napping.log	0.02806	secondary_sleep_x_latent_frailty	84	EXPECTED_OR_POSSIBLE; exact overlap UNKNOWN	SENSITIVITY_ONLY	global genetic correlation; not independent replication or causality
longsleep	frailty_factor_1	0.0989	0.0417	2.372	0.0177	0.0255	0.0016	1.043	0.0106	0.0044	0.0062	/Users/swethasunilkumar/Documents/Codex/2026-09-19/can/work/sleep-gwas-atlas-v03/frailty_paper/results/frailty_v1/logs_rg_latent_factors/rg_longsleep.log	0.03098	secondary_sleep_x_latent_frailty	84	EXPECTED_OR_POSSIBLE; exact overlap UNKNOWN	SENSITIVITY_ONLY	global genetic correlation; not independent replication or causality
sleep_efficiency	frailty_factor_1	-0.1036	0.0486	-2.133	0.0329	0.0255	0.0016	1.043	0.0106	-0.0287	0.0066	/Users/swethasunilkumar/Documents/Codex/2026-09-19/can/work/sleep-gwas-atlas-v03/frailty_paper/results/frailty_v1/logs_rg_latent_factors/rg_sleep_efficiency.log	0.0564	secondary_sleep_x_latent_frailty	84	EXPECTED_OR_POSSIBLE; exact overlap UNKNOWN	SENSITIVITY_ONLY	global genetic correlation; not independent replication or causality
accel_sleep_duration	frailty_factor_4	0.0914	0.0454	2.014	0.044	0.1693	0.0079	1.127	0.025	-0.0263	0.0119	/Users/swethasunilkumar/Documents/Codex/2026-09-19/can/work/sleep-gwas-atlas-v03/frailty_paper/results/frailty_v1/logs_rg_latent_factors/rg_accel_sleep_duration.log	0.07392	secondary_sleep_x_latent_frailty	84	EXPECTED_OR_POSSIBLE; exact overlap UNKNOWN	SENSITIVITY_ONLY	global genetic correlation; not independent replication or causality
sleep_efficiency	frailty_factor_4	-0.0926	0.052	-1.783	0.0747	0.1693	0.0079	1.127	0.025	-0.0256	0.0129	/Users/swethasunilkumar/Documents/Codex/2026-09-19/can/work/sleep-gwas-atlas-v03/frailty_paper/results/frailty_v1/logs_rg_latent_factors/rg_sleep_efficiency.log	0.123	secondary_sleep_x_latent_frailty	84	EXPECTED_OR_POSSIBLE; exact overlap UNKNOWN	SENSITIVITY_ONLY	global genetic correlation; not independent replication or causality
sleepiness	frailty_factor_2	0.0546	0.0317	1.722	0.0852	0.0181	0.001	0.9912	0.0095	-0.0262	0.0061	/Users/swethasunilkumar/Documents/Codex/2026-09-19/can/work/sleep-gwas-atlas-v03/frailty_paper/results/frailty_v1/logs_rg_latent_factors/rg_sleepiness.log	0.1376	secondary_sleep_x_latent_frailty	84	EXPECTED_OR_POSSIBLE; exact overlap UNKNOWN	SENSITIVITY_ONLY	global genetic correlation; not independent replication or causality
sleep_efficiency	frailty_factor_6	-0.077	0.0459	-1.677	0.0935	0.036	0.0021	1.068	0.0099	-0.0157	0.006	/Users/swethasunilkumar/Documents/Codex/2026-09-19/can/work/sleep-gwas-atlas-v03/frailty_paper/results/frailty_v1/logs_rg_latent_factors/rg_sleep_efficiency.log	0.1482	secondary_sleep_x_latent_frailty	84	EXPECTED_OR_POSSIBLE; exact overlap UNKNOWN	SENSITIVITY_ONLY	global genetic correlation; not independent replication or causality
insomnia	frailty_factor_1	0.0644	0.0389	1.655	0.0978	0.0256	0.0016	1.043	0.0106	-0.0056	0.0073	/Users/swethasunilkumar/Documents/Codex/2026-09-19/can/work/sleep-gwas-atlas-v03/frailty_paper/results/frailty_v1/logs_rg_latent_factors/rg_insomnia.log	0.1503	secondary_sleep_x_latent_frailty	84	EXPECTED_OR_POSSIBLE; exact overlap UNKNOWN	SENSITIVITY_ONLY	global genetic correlation; not independent replication or causality
sleep_efficiency	frailty_factor_2	-0.072	0.0435	-1.653	0.0984	0.0181	0.001	0.9911	0.0095	0.0046	0.0062	/Users/swethasunilkumar/Documents/Codex/2026-09-19/can/work/sleep-gwas-atlas-v03/frailty_paper/results/frailty_v1/logs_rg_latent_factors/rg_sleep_efficiency.log	0.1503	secondary_sleep_x_latent_frailty	84	EXPECTED_OR_POSSIBLE; exact overlap UNKNOWN	SENSITIVITY_ONLY	global genetic correlation; not independent replication or causality
sleep_efficiency	frailty_factor_3	-0.0541	0.0345	-1.567	0.117	0.0686	0.0028	1.174	0.0177	-0.0078	0.008	/Users/swethasunilkumar/Documents/Codex/2026-09-19/can/work/sleep-gwas-atlas-v03/frailty_paper/results/frailty_v1/logs_rg_latent_factors/rg_sleep_efficiency.log	0.1745	secondary_sleep_x_latent_frailty	84	EXPECTED_OR_POSSIBLE; exact overlap UNKNOWN	SENSITIVITY_ONLY	global genetic correlation; not independent replication or causality
chronotype	frailty_factor_2	0.0476	0.0305	1.562	0.1184	0.0181	0.001	0.9913	0.0095	-0.0126	0.0073	/Users/swethasunilkumar/Documents/Codex/2026-09-19/can/work/sleep-gwas-atlas-v03/frailty_paper/results/frailty_v1/logs_rg_latent_factors/rg_chronotype.log	0.1745	secondary_sleep_x_latent_frailty	84	EXPECTED_OR_POSSIBLE; exact overlap UNKNOWN	SENSITIVITY_ONLY	global genetic correlation; not independent replication or causality
sleep_apnea	frailty_factor_5	0.052	0.0335	1.551	0.121	0.1039	0.0045	1.098	0.0138	-0.0099	0.0083	/Users/swethasunilkumar/Documents/Codex/2026-09-19/can/work/sleep-gwas-atlas-v03/frailty_paper/results/frailty_v1/logs_rg_latent_factors/rg_sleep_apnea.log	0.1752	secondary_sleep_x_latent_frailty	84	EXPECTED_OR_POSSIBLE; exact overlap UNKNOWN	SENSITIVITY_ONLY	global genetic correlation; not independent replication or causality
sleepdur	frailty_factor_3	-0.0349	0.0234	-1.494	0.1351	0.0687	0.0028	1.174	0.0177	0.0368	0.0091	/Users/swethasunilkumar/Documents/Codex/2026-09-19/can/work/sleep-gwas-atlas-v03/frailty_paper/results/frailty_v1/logs_rg_latent_factors/rg_sleepdur.log	0.1923	secondary_sleep_x_latent_frailty	84	EXPECTED_OR_POSSIBLE; exact overlap UNKNOWN	SENSITIVITY_ONLY	global genetic correlation; not independent replication or causality
shortsleep	frailty_factor_4	0.055	0.0384	1.43	0.1526	0.1695	0.0079	1.126	0.0251	-0.0216	0.0134	/Users/swethasunilkumar/Documents/Codex/2026-09-19/can/work/sleep-gwas-atlas-v03/frailty_paper/results/frailty_v1/logs_rg_latent_factors/rg_shortsleep.log	0.2136	secondary_sleep_x_latent_frailty	84	EXPECTED_OR_POSSIBLE; exact overlap UNKNOWN	SENSITIVITY_ONLY	global genetic correlation; not independent replication or causality
sleepdur	frailty_factor_4	0.0429	0.0323	1.326	0.1849	0.1695	0.0079	1.126	0.0251	0.0345	0.0137	/Users/swethasunilkumar/Documents/Codex/2026-09-19/can/work/sleep-gwas-atlas-v03/frailty_paper/results/frailty_v1/logs_rg_latent_factors/rg_sleepdur.log	0.2546	secondary_sleep_x_latent_frailty	84	EXPECTED_OR_POSSIBLE; exact overlap UNKNOWN	SENSITIVITY_ONLY	global genetic correlation; not independent replication or causality
accel_sleep_duration	frailty_factor_1	-0.0512	0.0422	-1.215	0.2245	0.0255	0.0016	1.043	0.0106	-0.0119	0.007	/Users/swethasunilkumar/Documents/Codex/2026-09-19/can/work/sleep-gwas-atlas-v03/frailty_paper/results/frailty_v1/logs_rg_latent_factors/rg_accel_sleep_duration.log	0.3037	secondary_sleep_x_latent_frailty	84	EXPECTED_OR_POSSIBLE; exact overlap UNKNOWN	SENSITIVITY_ONLY	global genetic correlation; not independent replication or causality
accel_sleep_duration	frailty_general	-0.0527	0.0437	-1.206	0.2278	0.0225	0.0009	1.027	0.0182	-0.0026	0.0094	/Users/swethasunilkumar/Documents/Codex/2026-09-19/can/work/sleep-gwas-atlas-v03/frailty_paper/results/frailty_v1/logs_rg_latent_factors/rg_accel_sleep_duration.log	0.3037	secondary_sleep_x_latent_frailty	84	EXPECTED_OR_POSSIBLE; exact overlap UNKNOWN	SENSITIVITY_ONLY	global genetic correlation; not independent replication or causality
sleepiness	frailty_factor_4	0.0398	0.0337	1.183	0.2369	0.1695	0.0079	1.126	0.025	-0.0124	0.0124	/Users/swethasunilkumar/Documents/Codex/2026-09-19/can/work/sleep-gwas-atlas-v03/frailty_paper/results/frailty_v1/logs_rg_latent_factors/rg_sleepiness.log	0.3109	secondary_sleep_x_latent_frailty	84	EXPECTED_OR_POSSIBLE; exact overlap UNKNOWN	SENSITIVITY_ONLY	global genetic correlation; not independent replication or causality
chronotype	frailty_factor_3	0.0238	0.0219	1.09	0.2759	0.0687	0.0028	1.174	0.0177	0.0174	0.0102	/Users/swethasunilkumar/Documents/Codex/2026-09-19/can/work/sleep-gwas-atlas-v03/frailty_paper/results/frailty_v1/logs_rg_latent_factors/rg_chronotype.log	0.3565	secondary_sleep_x_latent_frailty	84	EXPECTED_OR_POSSIBLE; exact overlap UNKNOWN	SENSITIVITY_ONLY	global genetic correlation; not independent replication or causality
sleepiness	frailty_factor_5	0.029	0.028	1.034	0.3009	0.1036	0.0045	1.099	0.0136	0.0121	0.0075	/Users/swethasunilkumar/Documents/Codex/2026-09-19/can/work/sleep-gwas-atlas-v03/frailty_paper/results/frailty_v1/logs_rg_latent_factors/rg_sleepiness.log	0.383	secondary_sleep_x_latent_frailty	84	EXPECTED_OR_POSSIBLE; exact overlap UNKNOWN	SENSITIVITY_ONLY	global genetic correlation; not independent replication or causality
sleep_timing	frailty_general	0.0503	0.0509	0.9879	0.3232	0.0225	0.0009	1.027	0.0183	0.018	0.0088	/Users/swethasunilkumar/Documents/Codex/2026-09-19/can/work/sleep-gwas-atlas-v03/frailty_paper/results/frailty_v1/logs_rg_latent_factors/rg_sleep_timing.log	0.4052	secondary_sleep_x_latent_frailty	84	EXPECTED_OR_POSSIBLE; exact overlap UNKNOWN	SENSITIVITY_ONLY	global genetic correlation; not independent replication or causality
sleepdur	frailty_factor_1	-0.0313	0.0329	-0.952	0.3411	0.0255	0.0016	1.043	0.0105	-0.055	0.0073	/Users/swethasunilkumar/Documents/Codex/2026-09-19/can/work/sleep-gwas-atlas-v03/frailty_paper/results/frailty_v1/logs_rg_latent_factors/rg_sleepdur.log	0.4214	secondary_sleep_x_latent_frailty	84	EXPECTED_OR_POSSIBLE; exact overlap UNKNOWN	SENSITIVITY_ONLY	global genetic correlation; not independent replication or causality
sleep_efficiency	frailty_factor_5	0.0302	0.0364	0.831	0.406	0.1037	0.0045	1.098	0.0136	0.0094	0.0073	/Users/swethasunilkumar/Documents/Codex/2026-09-19/can/work/sleep-gwas-atlas-v03/frailty_paper/results/frailty_v1/logs_rg_latent_factors/rg_sleep_efficiency.log	0.4943	secondary_sleep_x_latent_frailty	84	EXPECTED_OR_POSSIBLE; exact overlap UNKNOWN	SENSITIVITY_ONLY	global genetic correlation; not independent replication or causality
insomnia	frailty_factor_4	0.0331	0.0412	0.8033	0.4218	0.1697	0.0079	1.125	0.0247	-0.0634	0.0138	/Users/swethasunilkumar/Documents/Codex/2026-09-19/can/work/sleep-gwas-atlas-v03/frailty_paper/results/frailty_v1/logs_rg_latent_factors/rg_insomnia.log	0.5062	secondary_sleep_x_latent_frailty	84	EXPECTED_OR_POSSIBLE; exact overlap UNKNOWN	SENSITIVITY_ONLY	global genetic correlation; not independent replication or causality
sleepiness	frailty_factor_6	0.0247	0.0326	0.7579	0.4485	0.036	0.0021	1.068	0.01	0.03	0.0061	/Users/swethasunilkumar/Documents/Codex/2026-09-19/can/work/sleep-gwas-atlas-v03/frailty_paper/results/frailty_v1/logs_rg_latent_factors/rg_sleepiness.log	0.5306	secondary_sleep_x_latent_frailty	84	EXPECTED_OR_POSSIBLE; exact overlap UNKNOWN	SENSITIVITY_ONLY	global genetic correlation; not independent replication or causality
sleep_timing	frailty_factor_2	-0.0415	0.0556	-0.7468	0.4552	0.0181	0.001	0.9911	0.0095	-0.0043	0.0061	/Users/swethasunilkumar/Documents/Codex/2026-09-19/can/work/sleep-gwas-atlas-v03/frailty_paper/results/frailty_v1/logs_rg_latent_factors/rg_sleep_timing.log	0.5311	secondary_sleep_x_latent_frailty	84	EXPECTED_OR_POSSIBLE; exact overlap UNKNOWN	SENSITIVITY_ONLY	global genetic correlation; not independent replication or causality
accel_sleep_duration	frailty_factor_6	0.0296	0.0412	0.7189	0.4722	0.036	0.0021	1.068	0.0099	-0.0017	0.0061	/Users/swethasunilkumar/Documents/Codex/2026-09-19/can/work/sleep-gwas-atlas-v03/frailty_paper/results/frailty_v1/logs_rg_latent_factors/rg_accel_sleep_duration.log	0.5434	secondary_sleep_x_latent_frailty	84	EXPECTED_OR_POSSIBLE; exact overlap UNKNOWN	SENSITIVITY_ONLY	global genetic correlation; not independent replication or causality
sleep_timing	frailty_factor_1	-0.0372	0.0531	-0.7003	0.4837	0.0255	0.0016	1.043	0.0106	0.0115	0.0054	/Users/swethasunilkumar/Documents/Codex/2026-09-19/can/work/sleep-gwas-atlas-v03/frailty_paper/results/frailty_v1/logs_rg_latent_factors/rg_sleep_timing.log	0.5491	secondary_sleep_x_latent_frailty	84	EXPECTED_OR_POSSIBLE; exact overlap UNKNOWN	SENSITIVITY_ONLY	global genetic correlation; not independent replication or causality
sleep_timing	frailty_factor_3	-0.0284	0.0439	-0.6456	0.5185	0.0686	0.0028	1.174	0.0177	-0.0083	0.0079	/Users/swethasunilkumar/Documents/Codex/2026-09-19/can/work/sleep-gwas-atlas-v03/frailty_paper/results/frailty_v1/logs_rg_latent_factors/rg_sleep_timing.log	0.5807	secondary_sleep_x_latent_frailty	84	EXPECTED_OR_POSSIBLE; exact overlap UNKNOWN	SENSITIVITY_ONLY	global genetic correlation; not independent replication or causality
sleepiness	frailty_factor_3	0.015	0.0249	0.6005	0.5482	0.0687	0.0028	1.174	0.0177	-0.0317	0.0081	/Users/swethasunilkumar/Documents/Codex/2026-09-19/can/work/sleep-gwas-atlas-v03/frailty_paper/results/frailty_v1/logs_rg_latent_factors/rg_sleepiness.log	0.6059	secondary_sleep_x_latent_frailty	84	EXPECTED_OR_POSSIBLE; exact overlap UNKNOWN	SENSITIVITY_ONLY	global genetic correlation; not independent replication or causality
sleep_timing	frailty_factor_4	0.0258	0.0493	0.5236	0.6005	0.1693	0.0079	1.127	0.025	0.0001	0.0113	/Users/swethasunilkumar/Documents/Codex/2026-09-19/can/work/sleep-gwas-atlas-v03/frailty_paper/results/frailty_v1/logs_rg_latent_factors/rg_sleep_timing.log	0.6551	secondary_sleep_x_latent_frailty	84	EXPECTED_OR_POSSIBLE; exact overlap UNKNOWN	SENSITIVITY_ONLY	global genetic correlation; not independent replication or causality
napping	frailty_factor_1	0.0155	0.0306	0.5079	0.6116	0.0255	0.0016	1.043	0.0106	0.0015	0.0075	/Users/swethasunilkumar/Documents/Codex/2026-09-19/can/work/sleep-gwas-atlas-v03/frailty_paper/results/frailty_v1/logs_rg_latent_factors/rg_napping.log	0.6586	secondary_sleep_x_latent_frailty	84	EXPECTED_OR_POSSIBLE; exact overlap UNKNOWN	SENSITIVITY_ONLY	global genetic correlation; not independent replication or causality
longsleep	frailty_factor_6	-0.0168	0.0396	-0.424	0.6716	0.036	0.0021	1.068	0.01	0.0473	0.0057	/Users/swethasunilkumar/Documents/Codex/2026-09-19/can/work/sleep-gwas-atlas-v03/frailty_paper/results/frailty_v1/logs_rg_latent_factors/rg_longsleep.log	0.7141	secondary_sleep_x_latent_frailty	84	EXPECTED_OR_POSSIBLE; exact overlap UNKNOWN	SENSITIVITY_ONLY	global genetic correlation; not independent replication or causality
sleepdur	frailty_factor_2	-0.0125	0.0327	-0.3805	0.7035	0.0181	0.001	0.9912	0.0095	0.0145	0.0073	/Users/swethasunilkumar/Documents/Codex/2026-09-19/can/work/sleep-gwas-atlas-v03/frailty_paper/results/frailty_v1/logs_rg_latent_factors/rg_sleepdur.log	0.7387	secondary_sleep_x_latent_frailty	84	EXPECTED_OR_POSSIBLE; exact overlap UNKNOWN	SENSITIVITY_ONLY	global genetic correlation; not independent replication or causality
sleepiness	frailty_factor_1	0.012	0.0377	0.317	0.7512	0.0255	0.0016	1.043	0.0105	0.0112	0.0067	/Users/swethasunilkumar/Documents/Codex/2026-09-19/can/work/sleep-gwas-atlas-v03/frailty_paper/results/frailty_v1/logs_rg_latent_factors/rg_sleepiness.log	0.779	secondary_sleep_x_latent_frailty	84	EXPECTED_OR_POSSIBLE; exact overlap UNKNOWN	SENSITIVITY_ONLY	global genetic correlation; not independent replication or causality
sleep_timing	frailty_factor_6	-0.0126	0.0649	-0.1944	0.8459	0.036	0.0021	1.068	0.0099	0.012	0.0073	/Users/swethasunilkumar/Documents/Codex/2026-09-19/can/work/sleep-gwas-atlas-v03/frailty_paper/results/frailty_v1/logs_rg_latent_factors/rg_sleep_timing.log	0.8665	secondary_sleep_x_latent_frailty	84	EXPECTED_OR_POSSIBLE; exact overlap UNKNOWN	SENSITIVITY_ONLY	global genetic correlation; not independent replication or causality
accel_sleep_duration	frailty_factor_2	-0.0064	0.0384	-0.1664	0.8678	0.0181	0.001	0.9912	0.0095	0.0008	0.0062	/Users/swethasunilkumar/Documents/Codex/2026-09-19/can/work/sleep-gwas-atlas-v03/frailty_paper/results/frailty_v1/logs_rg_latent_factors/rg_accel_sleep_duration.log	0.8772	secondary_sleep_x_latent_frailty	84	EXPECTED_OR_POSSIBLE; exact overlap UNKNOWN	SENSITIVITY_ONLY	global genetic correlation; not independent replication or causality
chronotype	frailty_factor_6	-0.0045	0.0293	-0.1545	0.8772	0.036	0.0021	1.068	0.0099	-0.0243	0.0077	/Users/swethasunilkumar/Documents/Codex/2026-09-19/can/work/sleep-gwas-atlas-v03/frailty_paper/results/frailty_v1/logs_rg_latent_factors/rg_chronotype.log	0.8772	secondary_sleep_x_latent_frailty	84	EXPECTED_OR_POSSIBLE; exact overlap UNKNOWN	SENSITIVITY_ONLY	global genetic correlation; not independent replication or causality
