model	p12	n_snps	native_H4	explicit_configuration_H4	all_hypotheses_sum	max_configuration_error	max_prior_reweighting_error	conditional_H4_H3H4_ratio_error	local_BF_sha256	classification	independent_replication
PRIMARY_L10_MEDIAN_NEFF	1.0000000000000001e-05	2185	0.99156822945634704	0.99156822945634693	1.0000000000000009	1.1102230246251565e-16	8.8817841970012523e-16	1.1102230246251565e-16	8defe394b22da39d9df43a83cf136e7cd7d8624fea5406578030a5496def85c3	POST_RESULT_SAME_SOURCE_NUMERICAL_REVIEW	False
PRIMARY_L10_MEDIAN_NEFF	9.9999999999999995e-07	2185	0.92162951229125301	0.92162951229124956	1.0000000000000013	3.4416913763379853e-15	1.4432899320127035e-15	0	8defe394b22da39d9df43a83cf136e7cd7d8624fea5406578030a5496def85c3	POST_RESULT_SAME_SOURCE_NUMERICAL_REVIEW	False
PRIMARY_L10_MEDIAN_NEFF	5.0000000000000002e-05	2185	0.99830219347926197	0.99830219347926163	1.0000000000000009	3.3306690738754696e-16	9.9920072216264089e-16	1.1102230246251565e-16	8defe394b22da39d9df43a83cf136e7cd7d8624fea5406578030a5496def85c3	POST_RESULT_SAME_SOURCE_NUMERICAL_REVIEW	False
SENSITIVITY_L1_MEDIAN_NEFF	1.0000000000000001e-05	2185	0.99132018821282397	0.99132018821282353	0.99999999999999956	4.4408920985006262e-16	4.4408920985006262e-16	2.2204460492503131e-16	2484164ea9502d1fe74f67b4c9d213cb230a066d1721997dfa75f19fd5a09dd4	POST_RESULT_SAME_SOURCE_NUMERICAL_REVIEW	False
SENSITIVITY_L1_MEDIAN_NEFF	9.9999999999999995e-07	2185	0.91949110094699804	0.9194911009469976	0.999999999999999	5.6898930012039273e-16	1.3322676295501878e-15	1.1102230246251565e-16	2484164ea9502d1fe74f67b4c9d213cb230a066d1721997dfa75f19fd5a09dd4	POST_RESULT_SAME_SOURCE_NUMERICAL_REVIEW	False
SENSITIVITY_L1_MEDIAN_NEFF	5.0000000000000002e-05	2185	0.99825189909307799	0.99825189909307777	0.99999999999999867	2.2204460492503131e-16	1.3322676295501878e-15	0	2484164ea9502d1fe74f67b4c9d213cb230a066d1721997dfa75f19fd5a09dd4	POST_RESULT_SAME_SOURCE_NUMERICAL_REVIEW	False
SENSITIVITY_L5_MEDIAN_NEFF	1.0000000000000001e-05	2185	0.99153515219020405	0.99153515219020449	0.99999999999999911	4.4408920985006262e-16	8.8817841970012523e-16	1.1102230246251565e-16	8ed742eaf5d8aeeced021549953cb095c5cfe60871c739d01cf7b38355246355	POST_RESULT_SAME_SOURCE_NUMERICAL_REVIEW	False
SENSITIVITY_L5_MEDIAN_NEFF	9.9999999999999995e-07	2185	0.92134383416026799	0.92134383416026755	1.0000000000000007	5.134781488891349e-16	4.5796699765787707e-16	2.2204460492503131e-16	8ed742eaf5d8aeeced021549953cb095c5cfe60871c739d01cf7b38355246355	POST_RESULT_SAME_SOURCE_NUMERICAL_REVIEW	False
SENSITIVITY_L5_MEDIAN_NEFF	5.0000000000000002e-05	2185	0.99829548768819298	0.99829548768819298	0.99999999999999944	8.8470897274817162e-17	5.5511151231257827e-16	3.3306690738754696e-16	8ed742eaf5d8aeeced021549953cb095c5cfe60871c739d01cf7b38355246355	POST_RESULT_SAME_SOURCE_NUMERICAL_REVIEW	False
SENSITIVITY_L10_N_INFINITY	1.0000000000000001e-05	2185	0.99157358809027496	0.99157358809027485	0.99999999999999933	1.1102230246251565e-16	6.6613381477509392e-16	0	6eacb354b05a5193576787013c650b5ed45fd9fe2a336beb6d47f46dc2bc4363	POST_RESULT_SAME_SOURCE_NUMERICAL_REVIEW	False
SENSITIVITY_L10_N_INFINITY	9.9999999999999995e-07	2185	0.92167580803843696	0.92167580803843663	1.0000000000000009	3.3306690738754696e-16	6.6613381477509392e-16	4.4408920985006262e-16	6eacb354b05a5193576787013c650b5ed45fd9fe2a336beb6d47f46dc2bc4363	POST_RESULT_SAME_SOURCE_NUMERICAL_REVIEW	False
SENSITIVITY_L10_N_INFINITY	5.0000000000000002e-05	2185	0.99830327980746303	0.99830327980746347	0.99999999999999811	4.4408920985006262e-16	1.8873791418627661e-15	1.1102230246251565e-16	6eacb354b05a5193576787013c650b5ed45fd9fe2a336beb6d47f46dc2bc4363	POST_RESULT_SAME_SOURCE_NUMERICAL_REVIEW	False
