input_path	sdY_scale	p12	reference_R_sdY	reference_R_H4	max_posterior_absolute_error	classification
brain6/results/brain6_exploratory_functional_v1/coloc_inputs/adhd_QTD000171_chr5_87185500_88185500_ENSG00000271904.tsv.gz	0.5	1e-06	0.786072882637646	0.000381842921354218	8.13151629364128e-18	REFERENCE_R_FUNCTION_NUMERICAL_EXECUTION_NOT_FULL_PACKAGE
brain6/results/brain6_exploratory_functional_v1/coloc_inputs/adhd_QTD000171_chr5_87185500_88185500_ENSG00000271904.tsv.gz	0.5	5e-06	0.786072882637646	0.00190630297358541	1.11022302462516e-16	REFERENCE_R_FUNCTION_NUMERICAL_EXECUTION_NOT_FULL_PACKAGE
brain6/results/brain6_exploratory_functional_v1/coloc_inputs/adhd_QTD000171_chr5_87185500_88185500_ENSG00000271904.tsv.gz	0.5	1e-05	0.786072882637646	0.00380535179373088	8.10983225019157e-17	REFERENCE_R_FUNCTION_NUMERICAL_EXECUTION_NOT_FULL_PACKAGE
brain6/results/brain6_exploratory_functional_v1/coloc_inputs/adhd_QTD000171_chr5_87185500_88185500_ENSG00000271904.tsv.gz	0.5	5e-05	0.786072882637646	0.0187414871615056	3.98986399474666e-16	REFERENCE_R_FUNCTION_NUMERICAL_EXECUTION_NOT_FULL_PACKAGE
brain6/results/brain6_exploratory_functional_v1/coloc_inputs/adhd_QTD000171_chr5_87185500_88185500_ENSG00000271904.tsv.gz	0.5	1e-04	0.786072882637646	0.0367934110815975	7.84095011141517e-16	REFERENCE_R_FUNCTION_NUMERICAL_EXECUTION_NOT_FULL_PACKAGE
brain6/results/brain6_exploratory_functional_v1/coloc_inputs/adhd_QTD000171_chr5_87185500_88185500_ENSG00000271904.tsv.gz	1	1e-06	0.786072882637646	2.17855763683007e-07	3.09696421339854e-21	REFERENCE_R_FUNCTION_NUMERICAL_EXECUTION_NOT_FULL_PACKAGE
brain6/results/brain6_exploratory_functional_v1/coloc_inputs/adhd_QTD000171_chr5_87185500_88185500_ENSG00000271904.tsv.gz	1	5e-06	0.786072882637646	1.08927786919319e-06	1.5458351287391e-20	REFERENCE_R_FUNCTION_NUMERICAL_EXECUTION_NOT_FULL_PACKAGE
brain6/results/brain6_exploratory_functional_v1/coloc_inputs/adhd_QTD000171_chr5_87185500_88185500_ENSG00000271904.tsv.gz	1	1e-05	0.786072882637646	2.17855336533641e-06	3.0916702574782e-20	REFERENCE_R_FUNCTION_NUMERICAL_EXECUTION_NOT_FULL_PACKAGE
brain6/results/brain6_exploratory_functional_v1/coloc_inputs/adhd_QTD000171_chr5_87185500_88185500_ENSG00000271904.tsv.gz	1	5e-05	0.786072882637646	1.08926719056139e-05	1.11022302462516e-16	REFERENCE_R_FUNCTION_NUMERICAL_EXECUTION_NOT_FULL_PACKAGE
brain6/results/brain6_exploratory_functional_v1/coloc_inputs/adhd_QTD000171_chr5_87185500_88185500_ENSG00000271904.tsv.gz	1	1e-04	0.786072882637646	2.17851065132102e-05	1.11022302462516e-16	REFERENCE_R_FUNCTION_NUMERICAL_EXECUTION_NOT_FULL_PACKAGE
brain6/results/brain6_exploratory_functional_v1/coloc_inputs/adhd_QTD000171_chr5_87185500_88185500_ENSG00000271904.tsv.gz	2	1e-06	0.786072882637646	7.56971980796915e-08	1.61465655570351e-21	REFERENCE_R_FUNCTION_NUMERICAL_EXECUTION_NOT_FULL_PACKAGE
brain6/results/brain6_exploratory_functional_v1/coloc_inputs/adhd_QTD000171_chr5_87185500_88185500_ENSG00000271904.tsv.gz	2	5e-06	0.786072882637646	3.78485875797176e-07	1.07467305182889e-20	REFERENCE_R_FUNCTION_NUMERICAL_EXECUTION_NOT_FULL_PACKAGE
brain6/results/brain6_exploratory_functional_v1/coloc_inputs/adhd_QTD000171_chr5_87185500_88185500_ENSG00000271904.tsv.gz	2	1e-05	0.786072882637646	7.56971465091343e-07	1.11022302462516e-16	REFERENCE_R_FUNCTION_NUMERICAL_EXECUTION_NOT_FULL_PACKAGE
brain6/results/brain6_exploratory_functional_v1/coloc_inputs/adhd_QTD000171_chr5_87185500_88185500_ENSG00000271904.tsv.gz	2	5e-05	0.786072882637646	3.78484586537544e-06	1.11022302462516e-16	REFERENCE_R_FUNCTION_NUMERICAL_EXECUTION_NOT_FULL_PACKAGE
brain6/results/brain6_exploratory_functional_v1/coloc_inputs/adhd_QTD000171_chr5_87185500_88185500_ENSG00000271904.tsv.gz	2	1e-04	0.786072882637646	7.56966308074288e-06	1.11022302462516e-16	REFERENCE_R_FUNCTION_NUMERICAL_EXECUTION_NOT_FULL_PACKAGE
brain6/results/brain6_exploratory_functional_v1/coloc_inputs/adhd_QTD000175_chr5_87185500_88185500_5_88270585_88436273_clu_38358_+.tsv.gz	0.5	1e-06	0.846706485117198	3.05883912481942e-09	1.11022302462516e-16	REFERENCE_R_FUNCTION_NUMERICAL_EXECUTION_NOT_FULL_PACKAGE
brain6/results/brain6_exploratory_functional_v1/coloc_inputs/adhd_QTD000175_chr5_87185500_88185500_5_88270585_88436273_clu_38358_+.tsv.gz	0.5	5e-06	0.846706485117198	1.52941954369672e-08	1.11022302462516e-16	REFERENCE_R_FUNCTION_NUMERICAL_EXECUTION_NOT_FULL_PACKAGE
brain6/results/brain6_exploratory_functional_v1/coloc_inputs/adhd_QTD000175_chr5_87185500_88185500_5_88270585_88436273_clu_38358_+.tsv.gz	0.5	1e-05	0.846706485117198	3.05883904061094e-08	4.36751363427999e-22	REFERENCE_R_FUNCTION_NUMERICAL_EXECUTION_NOT_FULL_PACKAGE
brain6/results/brain6_exploratory_functional_v1/coloc_inputs/adhd_QTD000175_chr5_87185500_88185500_5_88270585_88436273_clu_38358_+.tsv.gz	0.5	5e-05	0.846706485117198	1.52941933317557e-07	1.11022302462516e-16	REFERENCE_R_FUNCTION_NUMERICAL_EXECUTION_NOT_FULL_PACKAGE
brain6/results/brain6_exploratory_functional_v1/coloc_inputs/adhd_QTD000175_chr5_87185500_88185500_5_88270585_88436273_clu_38358_+.tsv.gz	0.5	1e-04	0.846706485117198	3.05883819852652e-07	1.11022302462516e-16	REFERENCE_R_FUNCTION_NUMERICAL_EXECUTION_NOT_FULL_PACKAGE
brain6/results/brain6_exploratory_functional_v1/coloc_inputs/adhd_QTD000175_chr5_87185500_88185500_5_88270585_88436273_clu_38358_+.tsv.gz	1	1e-06	0.846706485117198	3.15547817957731e-09	2.22044604925031e-16	REFERENCE_R_FUNCTION_NUMERICAL_EXECUTION_NOT_FULL_PACKAGE
brain6/results/brain6_exploratory_functional_v1/coloc_inputs/adhd_QTD000175_chr5_87185500_88185500_5_88270585_88436273_clu_38358_+.tsv.gz	1	5e-06	0.846706485117198	1.57773906987457e-08	1.11022302462516e-16	REFERENCE_R_FUNCTION_NUMERICAL_EXECUTION_NOT_FULL_PACKAGE
brain6/results/brain6_exploratory_functional_v1/coloc_inputs/adhd_QTD000175_chr5_87185500_88185500_5_88270585_88436273_clu_38358_+.tsv.gz	1	1e-05	0.846706485117198	3.15547808996393e-08	8.99972506457694e-22	REFERENCE_R_FUNCTION_NUMERICAL_EXECUTION_NOT_FULL_PACKAGE
brain6/results/brain6_exploratory_functional_v1/coloc_inputs/adhd_QTD000175_chr5_87185500_88185500_5_88270585_88436273_clu_38358_+.tsv.gz	1	5e-05	0.846706485117198	1.57773884584115e-07	1.11022302462516e-16	REFERENCE_R_FUNCTION_NUMERICAL_EXECUTION_NOT_FULL_PACKAGE
brain6/results/brain6_exploratory_functional_v1/coloc_inputs/adhd_QTD000175_chr5_87185500_88185500_5_88270585_88436273_clu_38358_+.tsv.gz	1	1e-04	0.846706485117198	3.15547719383042e-07	8.94678550537355e-21	REFERENCE_R_FUNCTION_NUMERICAL_EXECUTION_NOT_FULL_PACKAGE
brain6/results/brain6_exploratory_functional_v1/coloc_inputs/adhd_QTD000175_chr5_87185500_88185500_5_88270585_88436273_clu_38358_+.tsv.gz	2	1e-06	0.846706485117198	3.15467700451531e-09	4.3178827975268e-22	REFERENCE_R_FUNCTION_NUMERICAL_EXECUTION_NOT_FULL_PACKAGE
brain6/results/brain6_exploratory_functional_v1/coloc_inputs/adhd_QTD000175_chr5_87185500_88185500_5_88270585_88436273_clu_38358_+.tsv.gz	2	5e-06	0.846706485117198	1.5773384823537e-08	4.46677530778635e-22	REFERENCE_R_FUNCTION_NUMERICAL_EXECUTION_NOT_FULL_PACKAGE
brain6/results/brain6_exploratory_functional_v1/coloc_inputs/adhd_QTD000175_chr5_87185500_88185500_5_88270585_88436273_clu_38358_+.tsv.gz	2	1e-05	0.846706485117198	3.15467691494744e-08	1.11022302462516e-16	REFERENCE_R_FUNCTION_NUMERICAL_EXECUTION_NOT_FULL_PACKAGE
brain6/results/brain6_exploratory_functional_v1/coloc_inputs/adhd_QTD000175_chr5_87185500_88185500_5_88270585_88436273_clu_38358_+.tsv.gz	2	5e-05	0.846706485117198	1.57733825843401e-07	1.11022302462516e-16	REFERENCE_R_FUNCTION_NUMERICAL_EXECUTION_NOT_FULL_PACKAGE
brain6/results/brain6_exploratory_functional_v1/coloc_inputs/adhd_QTD000175_chr5_87185500_88185500_5_88270585_88436273_clu_38358_+.tsv.gz	2	1e-04	0.846706485117198	3.15467601926888e-07	1.11022302462516e-16	REFERENCE_R_FUNCTION_NUMERICAL_EXECUTION_NOT_FULL_PACKAGE
brain6/results/brain6_exploratory_functional_v1/coloc_inputs/adhd_QTD000176_chr5_87185500_88185500_ENSG00000250377.tsv.gz	0.5	1e-06	0.685897252189041	0.000937603070676299	3.7470027081099e-16	REFERENCE_R_FUNCTION_NUMERICAL_EXECUTION_NOT_FULL_PACKAGE
brain6/results/brain6_exploratory_functional_v1/coloc_inputs/adhd_QTD000176_chr5_87185500_88185500_ENSG00000250377.tsv.gz	0.5	5e-06	0.685897252189041	0.00467049905635417	3.10862446895044e-15	REFERENCE_R_FUNCTION_NUMERICAL_EXECUTION_NOT_FULL_PACKAGE
brain6/results/brain6_exploratory_functional_v1/coloc_inputs/adhd_QTD000176_chr5_87185500_88185500_ENSG00000250377.tsv.gz	0.5	1e-05	0.685897252189041	0.00929757380303491	3.88578058618805e-16	REFERENCE_R_FUNCTION_NUMERICAL_EXECUTION_NOT_FULL_PACKAGE
brain6/results/brain6_exploratory_functional_v1/coloc_inputs/adhd_QTD000176_chr5_87185500_88185500_ENSG00000250377.tsv.gz	0.5	5e-05	0.685897252189041	0.0448209641275772	3.7470027081099e-16	REFERENCE_R_FUNCTION_NUMERICAL_EXECUTION_NOT_FULL_PACKAGE
brain6/results/brain6_exploratory_functional_v1/coloc_inputs/adhd_QTD000176_chr5_87185500_88185500_ENSG00000250377.tsv.gz	0.5	1e-04	0.685897252189041	0.0857964487054538	3.46944695195361e-16	REFERENCE_R_FUNCTION_NUMERICAL_EXECUTION_NOT_FULL_PACKAGE
brain6/results/brain6_exploratory_functional_v1/coloc_inputs/adhd_QTD000176_chr5_87185500_88185500_ENSG00000250377.tsv.gz	1	1e-06	0.685897252189041	9.3888501485066e-07	1.11022302462516e-16	REFERENCE_R_FUNCTION_NUMERICAL_EXECUTION_NOT_FULL_PACKAGE
brain6/results/brain6_exploratory_functional_v1/coloc_inputs/adhd_QTD000176_chr5_87185500_88185500_ENSG00000250377.tsv.gz	1	5e-06	0.685897252189041	4.69440744421808e-06	1.11022302462516e-16	REFERENCE_R_FUNCTION_NUMERICAL_EXECUTION_NOT_FULL_PACKAGE
brain6/results/brain6_exploratory_functional_v1/coloc_inputs/adhd_QTD000176_chr5_87185500_88185500_ENSG00000250377.tsv.gz	1	1e-05	0.685897252189041	9.38877081372059e-06	1.11022302462516e-16	REFERENCE_R_FUNCTION_NUMERICAL_EXECUTION_NOT_FULL_PACKAGE
brain6/results/brain6_exploratory_functional_v1/coloc_inputs/adhd_QTD000176_chr5_87185500_88185500_ENSG00000250377.tsv.gz	1	5e-05	0.685897252189041	4.69420911544614e-05	4.60785923306339e-19	REFERENCE_R_FUNCTION_NUMERICAL_EXECUTION_NOT_FULL_PACKAGE
brain6/results/brain6_exploratory_functional_v1/coloc_inputs/adhd_QTD000176_chr5_87185500_88185500_ENSG00000250377.tsv.gz	1	1e-04	0.685897252189041	9.38797753959491e-05	1.11022302462516e-16	REFERENCE_R_FUNCTION_NUMERICAL_EXECUTION_NOT_FULL_PACKAGE
brain6/results/brain6_exploratory_functional_v1/coloc_inputs/adhd_QTD000176_chr5_87185500_88185500_ENSG00000250377.tsv.gz	2	1e-06	0.685897252189041	7.05889015356824e-08	1.11022302462516e-16	REFERENCE_R_FUNCTION_NUMERICAL_EXECUTION_NOT_FULL_PACKAGE
brain6/results/brain6_exploratory_functional_v1/coloc_inputs/adhd_QTD000176_chr5_87185500_88185500_ENSG00000250377.tsv.gz	2	5e-06	0.685897252189041	3.52944408022579e-07	7.6232965252887e-21	REFERENCE_R_FUNCTION_NUMERICAL_EXECUTION_NOT_FULL_PACKAGE
brain6/results/brain6_exploratory_functional_v1/coloc_inputs/adhd_QTD000176_chr5_87185500_88185500_ENSG00000250377.tsv.gz	2	1e-05	0.685897252189041	7.05888566905738e-07	1.11022302462516e-16	REFERENCE_R_FUNCTION_NUMERICAL_EXECUTION_NOT_FULL_PACKAGE
brain6/results/brain6_exploratory_functional_v1/coloc_inputs/adhd_QTD000176_chr5_87185500_88185500_ENSG00000250377.tsv.gz	2	5e-05	0.685897252189041	3.52943286898344e-06	1.11022302462516e-16	REFERENCE_R_FUNCTION_NUMERICAL_EXECUTION_NOT_FULL_PACKAGE
brain6/results/brain6_exploratory_functional_v1/coloc_inputs/adhd_QTD000176_chr5_87185500_88185500_ENSG00000250377.tsv.gz	2	1e-04	0.685897252189041	7.05884082426206e-06	1.11022302462516e-16	REFERENCE_R_FUNCTION_NUMERICAL_EXECUTION_NOT_FULL_PACKAGE
brain6/results/brain6_exploratory_functional_v1/coloc_inputs/adhd_QTD000176_chr5_87185500_88185500_ENSG00000271904.tsv.gz	0.5	1e-06	0.889878593813859	0.0158922546765947	8.88178419700125e-16	REFERENCE_R_FUNCTION_NUMERICAL_EXECUTION_NOT_FULL_PACKAGE
brain6/results/brain6_exploratory_functional_v1/coloc_inputs/adhd_QTD000176_chr5_87185500_88185500_ENSG00000271904.tsv.gz	0.5	5e-06	0.889878593813859	0.0747119105440121	2.44249065417534e-15	REFERENCE_R_FUNCTION_NUMERICAL_EXECUTION_NOT_FULL_PACKAGE
brain6/results/brain6_exploratory_functional_v1/coloc_inputs/adhd_QTD000176_chr5_87185500_88185500_ENSG00000271904.tsv.gz	0.5	1e-05	0.889878593813859	0.139036163665839	2.22044604925031e-15	REFERENCE_R_FUNCTION_NUMERICAL_EXECUTION_NOT_FULL_PACKAGE
brain6/results/brain6_exploratory_functional_v1/coloc_inputs/adhd_QTD000176_chr5_87185500_88185500_ENSG00000271904.tsv.gz	0.5	5e-05	0.889878593813859	0.44673277400396	3.1641356201817e-15	REFERENCE_R_FUNCTION_NUMERICAL_EXECUTION_NOT_FULL_PACKAGE
brain6/results/brain6_exploratory_functional_v1/coloc_inputs/adhd_QTD000176_chr5_87185500_88185500_ENSG00000271904.tsv.gz	0.5	1e-04	0.889878593813859	0.617574692481167	3.05311331771918e-15	REFERENCE_R_FUNCTION_NUMERICAL_EXECUTION_NOT_FULL_PACKAGE
brain6/results/brain6_exploratory_functional_v1/coloc_inputs/adhd_QTD000176_chr5_87185500_88185500_ENSG00000271904.tsv.gz	1	1e-06	0.889878593813859	0.00889830461731225	4.9960036108132e-16	REFERENCE_R_FUNCTION_NUMERICAL_EXECUTION_NOT_FULL_PACKAGE
brain6/results/brain6_exploratory_functional_v1/coloc_inputs/adhd_QTD000176_chr5_87185500_88185500_ENSG00000271904.tsv.gz	1	5e-06	0.889878593813859	0.0429623546128719	1.22124532708767e-15	REFERENCE_R_FUNCTION_NUMERICAL_EXECUTION_NOT_FULL_PACKAGE
brain6/results/brain6_exploratory_functional_v1/coloc_inputs/adhd_QTD000176_chr5_87185500_88185500_ENSG00000271904.tsv.gz	1	1e-05	0.889878593813859	0.082385245110441	2.77555756156289e-15	REFERENCE_R_FUNCTION_NUMERICAL_EXECUTION_NOT_FULL_PACKAGE
brain6/results/brain6_exploratory_functional_v1/coloc_inputs/adhd_QTD000176_chr5_87185500_88185500_ENSG00000271904.tsv.gz	1	5e-05	0.889878593813859	0.309825896013626	6.60582699651968e-15	REFERENCE_R_FUNCTION_NUMERICAL_EXECUTION_NOT_FULL_PACKAGE
brain6/results/brain6_exploratory_functional_v1/coloc_inputs/adhd_QTD000176_chr5_87185500_88185500_ENSG00000271904.tsv.gz	1	1e-04	0.889878593813859	0.473079509202806	8.38218383591993e-15	REFERENCE_R_FUNCTION_NUMERICAL_EXECUTION_NOT_FULL_PACKAGE
brain6/results/brain6_exploratory_functional_v1/coloc_inputs/adhd_QTD000176_chr5_87185500_88185500_ENSG00000271904.tsv.gz	2	1e-06	0.889878593813859	0.00100847560344605	3.46944695195361e-17	REFERENCE_R_FUNCTION_NUMERICAL_EXECUTION_NOT_FULL_PACKAGE
brain6/results/brain6_exploratory_functional_v1/coloc_inputs/adhd_QTD000176_chr5_87185500_88185500_ENSG00000271904.tsv.gz	2	5e-06	0.889878593813859	0.00502211927815178	1.60461921527855e-16	REFERENCE_R_FUNCTION_NUMERICAL_EXECUTION_NOT_FULL_PACKAGE
brain6/results/brain6_exploratory_functional_v1/coloc_inputs/adhd_QTD000176_chr5_87185500_88185500_ENSG00000271904.tsv.gz	2	1e-05	0.889878593813859	0.00999404725889784	3.19189119579733e-16	REFERENCE_R_FUNCTION_NUMERICAL_EXECUTION_NOT_FULL_PACKAGE
brain6/results/brain6_exploratory_functional_v1/coloc_inputs/adhd_QTD000176_chr5_87185500_88185500_ENSG00000271904.tsv.gz	2	5e-05	0.889878593813859	0.0480494042280224	1.5404344466674e-15	REFERENCE_R_FUNCTION_NUMERICAL_EXECUTION_NOT_FULL_PACKAGE
brain6/results/brain6_exploratory_functional_v1/coloc_inputs/adhd_QTD000176_chr5_87185500_88185500_ENSG00000271904.tsv.gz	2	1e-04	0.889878593813859	0.0916930137724089	3.10862446895044e-15	REFERENCE_R_FUNCTION_NUMERICAL_EXECUTION_NOT_FULL_PACKAGE
