trait_id	locus_id	status	n_snps	n_components	h2_obs	p	strict_gate_pass	reason
sleep_duration_continuous_dashti_2019	4	NOT_RUN	NA	NA	NA	NA	FALSE	LOW_LOCAL_H2_UNDERPOWERED
sleep_duration_continuous_dashti_2019	8	NOT_RUN	NA	NA	NA	NA	FALSE	LOW_LOCAL_H2_UNDERPOWERED
sleep_duration_continuous_dashti_2019	12	TESTED	2214	310	0.000112379	0.0261907	FALSE	
sleep_duration_continuous_dashti_2019	16	NOT_RUN	NA	NA	NA	NA	FALSE	LOW_LOCAL_H2_UNDERPOWERED
sleep_duration_continuous_dashti_2019	20	TESTED	2329	472	0.000137065	0.0267555	FALSE	
sleep_duration_continuous_dashti_2019	24	TESTED	1750	262	7.8619e-06	0.427961	FALSE	
sleep_duration_continuous_dashti_2019	28	TESTED	2007	230	2.3993e-05	0.300713	FALSE	
sleep_duration_continuous_dashti_2019	32	NOT_RUN	NA	NA	NA	NA	FALSE	LOW_LOCAL_H2_UNDERPOWERED
sleep_duration_continuous_dashti_2019	36	TESTED	3322	496	0.000195867	0.00407236	FALSE	
sleep_duration_continuous_dashti_2019	40	TESTED	3014	386	8.23056e-05	0.0959328	FALSE	
sleep_duration_continuous_dashti_2019	44	NOT_RUN	NA	NA	NA	NA	FALSE	LOW_LOCAL_H2_UNDERPOWERED
sleep_duration_continuous_dashti_2019	48	TESTED	2834	291	1.5639e-05	0.376614	FALSE	
sleep_duration_continuous_dashti_2019	52	TESTED	2765	394	3.83029e-05	0.266471	FALSE	
sleep_duration_continuous_dashti_2019	56	TESTED	1942	178	0.000121939	0.00382771	FALSE	
sleep_duration_continuous_dashti_2019	60	NOT_RUN	NA	NA	NA	NA	FALSE	LOW_LOCAL_H2_UNDERPOWERED
sleep_duration_continuous_dashti_2019	64	TESTED	1875	157	0.000107249	0.00616406	FALSE	
sleep_duration_continuous_dashti_2019	68	TESTED	2729	197	1.32642e-05	0.371227	FALSE	
sleep_duration_continuous_dashti_2019	72	TESTED	2339	267	1.51309e-05	0.375103	FALSE	
sleep_duration_continuous_dashti_2019	76	TESTED	1934	367	0.000187755	0.00182564	FALSE	
sleep_duration_continuous_dashti_2019	80	NOT_RUN	NA	NA	NA	NA	FALSE	LOW_LOCAL_H2_UNDERPOWERED
sleep_duration_continuous_dashti_2019	84	TESTED	3177	326	1.32e-05	0.399281	FALSE	
sleep_duration_continuous_dashti_2019	88	NOT_RUN	NA	NA	NA	NA	FALSE	LOW_LOCAL_H2_UNDERPOWERED
sleep_duration_continuous_dashti_2019	92	TESTED	3307	213	2.31124e-06	0.46727	FALSE	
sleep_duration_continuous_dashti_2019	96	NOT_RUN	NA	NA	NA	NA	FALSE	LOW_LOCAL_H2_UNDERPOWERED
sleep_duration_continuous_dashti_2019	100	NOT_RUN	NA	NA	NA	NA	FALSE	LOW_LOCAL_H2_UNDERPOWERED
sleep_duration_continuous_dashti_2019	104	TESTED	2594	271	2.94364e-05	0.279761	FALSE	
sleep_duration_continuous_dashti_2019	108	TESTED	931	130	2.44972e-05	0.241768	FALSE	
sleep_duration_continuous_dashti_2019	112	TESTED	1981	294	4.0708e-05	0.223284	FALSE	
sleep_duration_continuous_dashti_2019	116	NOT_RUN	NA	NA	NA	NA	FALSE	LOW_LOCAL_H2_UNDERPOWERED
sleep_duration_continuous_dashti_2019	120	TESTED	1889	181	0.000121042	0.00426224	FALSE	
sleep_duration_continuous_dashti_2019	124	TESTED	1989	194	2.46156e-05	0.280662	FALSE	
sleep_duration_continuous_dashti_2019	128	NOT_RUN	NA	NA	NA	NA	FALSE	LOW_LOCAL_H2_UNDERPOWERED
sleep_duration_continuous_dashti_2019	132	TESTED	2054	252	3.41708e-05	0.243478	FALSE	
sleep_duration_continuous_dashti_2019	136	TESTED	2373	276	5.39055e-05	0.153122	FALSE	
sleep_duration_continuous_dashti_2019	140	TESTED	1605	241	0.000105136	0.0206191	FALSE	
sleep_duration_continuous_dashti_2019	144	NOT_RUN	NA	NA	NA	NA	FALSE	LOW_LOCAL_H2_UNDERPOWERED
sleep_duration_continuous_dashti_2019	148	NOT_RUN	NA	NA	NA	NA	FALSE	LOW_LOCAL_H2_UNDERPOWERED
sleep_duration_continuous_dashti_2019	152	TESTED	2855	295	6.1948e-05	0.129039	FALSE	
sleep_duration_continuous_dashti_2019	156	TESTED	3192	534	0.000125019	0.0474671	FALSE	
sleep_duration_continuous_dashti_2019	160	TESTED	3363	615	5.24339e-05	0.249146	FALSE	
sleep_duration_continuous_dashti_2019	164	TESTED	1926	294	4.36718e-05	0.207981	FALSE	
sleep_duration_continuous_dashti_2019	168	NOT_RUN	NA	NA	NA	NA	FALSE	LOW_LOCAL_H2_UNDERPOWERED
sleep_duration_continuous_dashti_2019	172	NOT_RUN	NA	NA	NA	NA	FALSE	LOW_LOCAL_H2_UNDERPOWERED
sleep_duration_continuous_dashti_2019	176	NOT_RUN	NA	NA	NA	NA	FALSE	LOW_LOCAL_H2_UNDERPOWERED
sleep_duration_continuous_dashti_2019	180	NOT_RUN	NA	NA	NA	NA	FALSE	LOW_LOCAL_H2_UNDERPOWERED
sleep_duration_continuous_dashti_2019	184	NOT_RUN	NA	NA	NA	NA	FALSE	LOW_LOCAL_H2_UNDERPOWERED
sleep_duration_continuous_dashti_2019	188	TESTED	1941	169	4.13526e-05	0.15748	FALSE	
sleep_duration_continuous_dashti_2019	192	NOT_RUN	NA	NA	NA	NA	FALSE	LOW_LOCAL_H2_UNDERPOWERED
sleep_duration_continuous_dashti_2019	196	TESTED	3000	613	8.72356e-06	0.448351	FALSE	
sleep_duration_continuous_dashti_2019	200	NOT_RUN	NA	NA	NA	NA	FALSE	LOW_LOCAL_H2_UNDERPOWERED
sleep_duration_continuous_dashti_2019	204	TESTED	2015	331	8.37045e-05	0.0770358	FALSE	
sleep_duration_continuous_dashti_2019	208	TESTED	1734	223	4.72802e-05	0.158656	FALSE	
sleep_duration_continuous_dashti_2019	212	TESTED	2017	388	7.21007e-05	0.125582	FALSE	
sleep_duration_continuous_dashti_2019	216	TESTED	1879	313	3.14724e-05	0.281184	FALSE	
sleep_duration_continuous_dashti_2019	220	TESTED	2128	244	3.50864e-05	0.234601	FALSE	
sleep_duration_continuous_dashti_2019	224	TESTED	2407	399	0.000105023	0.0525627	FALSE	
sleep_duration_continuous_dashti_2019	228	TESTED	2128	285	0.000119671	0.0162991	FALSE	
sleep_duration_continuous_dashti_2019	232	TESTED	2205	358	0.000136299	0.0146649	FALSE	
sleep_duration_continuous_dashti_2019	236	NOT_RUN	NA	NA	NA	NA	FALSE	LOW_LOCAL_H2_UNDERPOWERED
sleep_duration_continuous_dashti_2019	240	TESTED	2076	286	7.06194e-05	0.0969644	FALSE	
sleep_duration_continuous_dashti_2019	244	TESTED	1921	313	2.8741e-05	0.297366	FALSE	
sleep_duration_continuous_dashti_2019	248	TESTED	2024	281	0.000108877	0.0244935	FALSE	
sleep_duration_continuous_dashti_2019	252	NOT_RUN	NA	NA	NA	NA	FALSE	LOW_LOCAL_H2_UNDERPOWERED
sleep_duration_continuous_dashti_2019	256	NOT_RUN	NA	NA	NA	NA	FALSE	LOW_LOCAL_H2_UNDERPOWERED
sleep_duration_continuous_dashti_2019	260	NOT_RUN	NA	NA	NA	NA	FALSE	LOW_LOCAL_H2_UNDERPOWERED
sleep_duration_continuous_dashti_2019	264	TESTED	2363	285	4.58416e-05	0.193681	FALSE	
sleep_duration_continuous_dashti_2019	268	TESTED	2794	381	2.35556e-05	0.344154	FALSE	
sleep_duration_continuous_dashti_2019	272	NOT_RUN	NA	NA	NA	NA	FALSE	LOW_LOCAL_H2_UNDERPOWERED
sleep_duration_continuous_dashti_2019	276	NOT_RUN	NA	NA	NA	NA	FALSE	LOW_LOCAL_H2_UNDERPOWERED
sleep_duration_continuous_dashti_2019	280	TESTED	1999	303	2.61141e-05	0.310605	FALSE	
sleep_duration_continuous_dashti_2019	284	TESTED	2184	207	3.25782e-05	0.232499	FALSE	
sleep_duration_continuous_dashti_2019	288	TESTED	3493	174	1.44747e-05	0.352895	FALSE	
sleep_duration_continuous_dashti_2019	292	TESTED	959	159	2.61553e-05	0.249513	FALSE	
sleep_duration_continuous_dashti_2019	296	NOT_RUN	NA	NA	NA	NA	FALSE	LOW_LOCAL_H2_UNDERPOWERED
sleep_duration_continuous_dashti_2019	300	TESTED	2965	386	6.57642e-05	0.146009	FALSE	
sleep_duration_continuous_dashti_2019	304	TESTED	3404	359	3.45022e-06	0.467251	FALSE	
sleep_duration_continuous_dashti_2019	308	NOT_RUN	NA	NA	NA	NA	FALSE	LOW_LOCAL_H2_UNDERPOWERED
sleep_duration_continuous_dashti_2019	312	NOT_RUN	NA	NA	NA	NA	FALSE	LOW_LOCAL_H2_UNDERPOWERED
sleep_duration_continuous_dashti_2019	316	TESTED	1960	149	3.35744e-05	0.189876	FALSE	
sleep_duration_continuous_dashti_2019	320	TESTED	3801	434	0.000117067	0.0420093	FALSE	
sleep_duration_continuous_dashti_2019	324	TESTED	999	102	5.66089e-05	0.0459081	FALSE	
sleep_duration_continuous_dashti_2019	328	TESTED	2744	196	4.96271e-06	0.442353	FALSE	
sleep_duration_continuous_dashti_2019	332	TESTED	2396	180	2.86016e-05	0.244459	FALSE	
sleep_duration_continuous_dashti_2019	336	TESTED	2151	274	0.000104645	0.0275132	FALSE	
sleep_duration_continuous_dashti_2019	340	NOT_RUN	NA	NA	NA	NA	FALSE	LOW_LOCAL_H2_UNDERPOWERED
sleep_duration_continuous_dashti_2019	344	NOT_RUN	NA	NA	NA	NA	FALSE	LOW_LOCAL_H2_UNDERPOWERED
sleep_duration_continuous_dashti_2019	348	TESTED	2010	240	2.13907e-05	0.322714	FALSE	
sleep_duration_continuous_dashti_2019	352	NOT_RUN	NA	NA	NA	NA	FALSE	LOW_LOCAL_H2_UNDERPOWERED
sleep_duration_continuous_dashti_2019	356	TESTED	1966	195	8.88382e-05	0.0275595	FALSE	
sleep_duration_continuous_dashti_2019	360	TESTED	3567	443	6.26024e-06	0.453851	FALSE	
sleep_duration_continuous_dashti_2019	364	TESTED	2527	293	2.47658e-05	0.316295	FALSE	
sleep_duration_continuous_dashti_2019	368	NOT_RUN	NA	NA	NA	NA	FALSE	LOW_LOCAL_H2_UNDERPOWERED
sleep_duration_continuous_dashti_2019	372	TESTED	2022	132	3.01371e-05	0.20003	FALSE	
sleep_duration_continuous_dashti_2019	376	NOT_RUN	NA	NA	NA	NA	FALSE	LOW_LOCAL_H2_UNDERPOWERED
sleep_duration_continuous_dashti_2019	380	TESTED	2111	227	4.60681e-05	0.166594	FALSE	
sleep_duration_continuous_dashti_2019	384	TESTED	1945	254	0.000125794	0.00924701	FALSE	
sleep_duration_continuous_dashti_2019	388	TESTED	3405	390	0.000167349	0.00551021	FALSE	
sleep_duration_continuous_dashti_2019	392	TESTED	2101	249	9.42645e-05	0.0346256	FALSE	
sleep_duration_continuous_dashti_2019	396	TESTED	1882	334	3.77896e-05	0.252369	FALSE	
sleep_duration_continuous_dashti_2019	400	NOT_RUN	NA	NA	NA	NA	FALSE	LOW_LOCAL_H2_UNDERPOWERED
sleep_duration_continuous_dashti_2019	404	TESTED	3680	413	4.56042e-05	0.235961	FALSE	
sleep_duration_continuous_dashti_2019	408	NOT_RUN	NA	NA	NA	NA	FALSE	LOW_LOCAL_H2_UNDERPOWERED
sleep_duration_continuous_dashti_2019	412	NOT_RUN	NA	NA	NA	NA	FALSE	LOW_LOCAL_H2_UNDERPOWERED
sleep_duration_continuous_dashti_2019	416	NOT_RUN	NA	NA	NA	NA	FALSE	LOW_LOCAL_H2_UNDERPOWERED
sleep_duration_continuous_dashti_2019	420	NOT_RUN	NA	NA	NA	NA	FALSE	LOW_LOCAL_H2_UNDERPOWERED
sleep_duration_continuous_dashti_2019	424	TESTED	3113	627	0.000137698	0.0446887	FALSE	
sleep_duration_continuous_dashti_2019	428	TESTED	3024	442	0.000128512	0.0305979	FALSE	
sleep_duration_continuous_dashti_2019	432	TESTED	3149	535	0.000105728	0.0776487	FALSE	
sleep_duration_continuous_dashti_2019	436	NOT_RUN	NA	NA	NA	NA	FALSE	LOW_LOCAL_H2_UNDERPOWERED
sleep_duration_continuous_dashti_2019	440	NOT_RUN	NA	NA	NA	NA	FALSE	LOW_LOCAL_H2_UNDERPOWERED
sleep_duration_continuous_dashti_2019	444	TESTED	1925	268	4.56008e-05	0.187873	FALSE	
sleep_duration_continuous_dashti_2019	448	NOT_RUN	NA	NA	NA	NA	FALSE	LOW_LOCAL_H2_UNDERPOWERED
sleep_duration_continuous_dashti_2019	452	TESTED	1649	213	1.79742e-05	0.338768	FALSE	
sleep_duration_continuous_dashti_2019	456	TESTED	2402	275	7.85757e-06	0.429687	FALSE	
sleep_duration_continuous_dashti_2019	460	TESTED	3011	306	9.11059e-05	0.0546284	FALSE	
sleep_duration_continuous_dashti_2019	464	TESTED	2886	241	0.000106081	0.0197861	FALSE	
sleep_duration_continuous_dashti_2019	468	TESTED	1801	344	3.96067e-05	0.245891	FALSE	
sleep_duration_continuous_dashti_2019	472	NOT_RUN	NA	NA	NA	NA	FALSE	LOW_LOCAL_H2_UNDERPOWERED
sleep_duration_continuous_dashti_2019	476	TESTED	1976	362	2.58125e-05	0.327066	FALSE	
sleep_duration_continuous_dashti_2019	480	NOT_RUN	NA	NA	NA	NA	FALSE	LOW_LOCAL_H2_UNDERPOWERED
sleep_duration_continuous_dashti_2019	484	TESTED	2591	493	7.35559e-05	0.148412	FALSE	
sleep_duration_continuous_dashti_2019	488	NOT_RUN	NA	NA	NA	NA	FALSE	LOW_LOCAL_H2_UNDERPOWERED
sleep_duration_continuous_dashti_2019	492	TESTED	1907	193	6.72552e-05	0.0684101	FALSE	
sleep_duration_continuous_dashti_2019	496	TESTED	1732	130	1.05037e-05	0.371318	FALSE	
sleep_duration_continuous_dashti_2019	500	TESTED	2204	199	5.70548e-05	0.104194	FALSE	
sleep_duration_continuous_dashti_2019	504	TESTED	2229	164	9.41028e-05	0.0145865	FALSE	
sleep_duration_continuous_dashti_2019	508	TESTED	3595	232	6.8034e-06	0.432051	FALSE	
sleep_duration_continuous_dashti_2019	512	TESTED	3135	431	0.000213156	0.0011499	FALSE	
sleep_duration_continuous_dashti_2019	516	TESTED	1972	188	2.87543e-05	0.247898	FALSE	
sleep_duration_continuous_dashti_2019	520	TESTED	1917	220	1.96673e-05	0.328373	FALSE	
sleep_duration_continuous_dashti_2019	524	TESTED	1983	234	1.96014e-05	0.333637	FALSE	
sleep_duration_continuous_dashti_2019	528	TESTED	2348	320	0.000180708	0.00145222	FALSE	
sleep_duration_continuous_dashti_2019	532	NOT_RUN	NA	NA	NA	NA	FALSE	LOW_LOCAL_H2_UNDERPOWERED
sleep_duration_continuous_dashti_2019	536	TESTED	2347	172	4.67796e-05	0.131771	FALSE	
sleep_duration_continuous_dashti_2019	540	TESTED	3155	306	0.000207576	0.000284014	FALSE	
sleep_duration_continuous_dashti_2019	544	TESTED	1974	269	3.32944e-05	0.255474	FALSE	
sleep_duration_continuous_dashti_2019	548	TESTED	2049	190	5.47856e-05	0.107979	FALSE	
sleep_duration_continuous_dashti_2019	552	NOT_RUN	NA	NA	NA	NA	FALSE	LOW_LOCAL_H2_UNDERPOWERED
sleep_duration_continuous_dashti_2019	556	TESTED	1903	176	9.14364e-06	0.40084	FALSE	
sleep_duration_continuous_dashti_2019	560	TESTED	1912	255	7.29323e-05	0.0788992	FALSE	
sleep_duration_continuous_dashti_2019	564	TESTED	1902	54	4.20968e-05	0.0450917	FALSE	
sleep_duration_continuous_dashti_2019	568	TESTED	3398	167	0.000104165	0.00878831	FALSE	
sleep_duration_continuous_dashti_2019	572	TESTED	1921	278	1.42444e-05	0.383772	FALSE	
sleep_duration_continuous_dashti_2019	576	TESTED	3188	339	5.76359e-05	0.161418	FALSE	
sleep_duration_continuous_dashti_2019	580	TESTED	2972	456	1.71486e-05	0.392115	FALSE	
sleep_duration_continuous_dashti_2019	584	NOT_RUN	NA	NA	NA	NA	FALSE	LOW_LOCAL_H2_UNDERPOWERED
sleep_duration_continuous_dashti_2019	588	TESTED	2567	241	1.9713e-06	0.471963	FALSE	
sleep_duration_continuous_dashti_2019	592	TESTED	859	170	4.25872e-05	0.151516	FALSE	
sleep_duration_continuous_dashti_2019	596	TESTED	1707	166	1.67156e-05	0.330091	FALSE	
sleep_duration_continuous_dashti_2019	600	TESTED	1975	360	5.86972e-05	0.16416	FALSE	
sleep_duration_continuous_dashti_2019	604	NOT_RUN	NA	NA	NA	NA	FALSE	LOW_LOCAL_H2_UNDERPOWERED
sleep_duration_continuous_dashti_2019	608	NOT_RUN	NA	NA	NA	NA	FALSE	LOW_LOCAL_H2_UNDERPOWERED
sleep_duration_continuous_dashti_2019	612	TESTED	2695	273	5.52497e-06	0.44685	FALSE	
sleep_duration_continuous_dashti_2019	616	NOT_RUN	NA	NA	NA	NA	FALSE	LOW_LOCAL_H2_UNDERPOWERED
sleep_duration_continuous_dashti_2019	620	TESTED	3793	361	3.64156e-05	0.267555	FALSE	
sleep_duration_continuous_dashti_2019	624	NOT_RUN	NA	NA	NA	NA	FALSE	LOW_LOCAL_H2_UNDERPOWERED
sleep_duration_continuous_dashti_2019	628	TESTED	2032	174	2.03903e-05	0.303326	FALSE	
sleep_duration_continuous_dashti_2019	632	NOT_RUN	NA	NA	NA	NA	FALSE	LOW_LOCAL_H2_UNDERPOWERED
sleep_duration_continuous_dashti_2019	636	TESTED	1943	176	1.41033e-05	0.356888	FALSE	
sleep_duration_continuous_dashti_2019	640	TESTED	1881	326	6.16212e-06	0.446944	FALSE	
sleep_duration_continuous_dashti_2019	644	TESTED	1992	160	5.25678e-05	0.0987799	FALSE	
sleep_duration_continuous_dashti_2019	648	TESTED	3127	309	6.68027e-05	0.117313	FALSE	
sleep_duration_continuous_dashti_2019	652	TESTED	3689	416	6.52594e-05	0.156433	FALSE	
sleep_duration_continuous_dashti_2019	656	NOT_RUN	NA	NA	NA	NA	FALSE	LOW_LOCAL_H2_UNDERPOWERED
sleep_duration_continuous_dashti_2019	660	TESTED	3615	233	2.71095e-05	0.280474	FALSE	
sleep_duration_continuous_dashti_2019	664	NOT_RUN	NA	NA	NA	NA	FALSE	LOW_LOCAL_H2_UNDERPOWERED
sleep_duration_continuous_dashti_2019	668	TESTED	3063	276	5.17554e-06	0.449745	FALSE	
sleep_duration_continuous_dashti_2019	672	TESTED	1933	200	8.14152e-05	0.0401457	FALSE	
sleep_duration_continuous_dashti_2019	676	TESTED	2744	334	6.63283e-05	0.127575	FALSE	
sleep_duration_continuous_dashti_2019	680	TESTED	2099	257	1.33622e-05	0.385838	FALSE	
sleep_duration_continuous_dashti_2019	684	TESTED	2741	279	2.38886e-05	0.317924	FALSE	
sleep_duration_continuous_dashti_2019	688	NOT_RUN	NA	NA	NA	NA	FALSE	LOW_LOCAL_H2_UNDERPOWERED
sleep_duration_continuous_dashti_2019	692	TESTED	3415	348	0.000115869	0.0290915	FALSE	
sleep_duration_continuous_dashti_2019	696	NOT_RUN	NA	NA	NA	NA	FALSE	LOW_LOCAL_H2_UNDERPOWERED
sleep_duration_continuous_dashti_2019	700	TESTED	2044	229	6.50527e-05	0.0912311	FALSE	
sleep_duration_continuous_dashti_2019	704	TESTED	2873	235	8.93593e-06	0.41547	FALSE	
sleep_duration_continuous_dashti_2019	708	TESTED	1942	179	2.73284e-05	0.252966	FALSE	
sleep_duration_continuous_dashti_2019	712	TESTED	1953	179	3.19531e-05	0.220907	FALSE	
sleep_duration_continuous_dashti_2019	716	NOT_RUN	NA	NA	NA	NA	FALSE	LOW_LOCAL_H2_UNDERPOWERED
sleep_duration_continuous_dashti_2019	720	TESTED	1719	142	2.2936e-05	0.263562	FALSE	
sleep_duration_continuous_dashti_2019	724	TESTED	3512	307	3.44252e-05	0.262285	FALSE	
sleep_duration_continuous_dashti_2019	728	NOT_RUN	NA	NA	NA	NA	FALSE	LOW_LOCAL_H2_UNDERPOWERED
sleep_duration_continuous_dashti_2019	732	TESTED	2510	243	2.52785e-05	0.296735	FALSE	
sleep_duration_continuous_dashti_2019	736	TESTED	2806	304	9.23684e-05	0.0518274	FALSE	
sleep_duration_continuous_dashti_2019	740	TESTED	3283	316	4.82483e-05	0.193913	FALSE	
sleep_duration_continuous_dashti_2019	744	NOT_RUN	NA	NA	NA	NA	FALSE	LOW_LOCAL_H2_UNDERPOWERED
sleep_duration_continuous_dashti_2019	748	NOT_RUN	NA	NA	NA	NA	FALSE	LOW_LOCAL_H2_UNDERPOWERED
sleep_duration_continuous_dashti_2019	752	TESTED	2143	285	1.91655e-05	0.35111	FALSE	
sleep_duration_continuous_dashti_2019	756	NOT_RUN	NA	NA	NA	NA	FALSE	LOW_LOCAL_H2_UNDERPOWERED
sleep_duration_continuous_dashti_2019	760	NOT_RUN	NA	NA	NA	NA	FALSE	LOW_LOCAL_H2_UNDERPOWERED
sleep_duration_continuous_dashti_2019	764	TESTED	2849	473	2.61246e-05	0.345587	FALSE	
sleep_duration_continuous_dashti_2019	768	NOT_RUN	NA	NA	NA	NA	FALSE	LOW_LOCAL_H2_UNDERPOWERED
sleep_duration_continuous_dashti_2019	772	NOT_RUN	NA	NA	NA	NA	FALSE	LOW_LOCAL_H2_UNDERPOWERED
sleep_duration_continuous_dashti_2019	776	TESTED	1168	213	3.00372e-05	0.252041	FALSE	
sleep_duration_continuous_dashti_2019	780	NOT_RUN	NA	NA	NA	NA	FALSE	LOW_LOCAL_H2_UNDERPOWERED
sleep_duration_continuous_dashti_2019	784	NOT_RUN	NA	NA	NA	NA	FALSE	LOW_LOCAL_H2_UNDERPOWERED
sleep_duration_continuous_dashti_2019	788	NOT_RUN	NA	NA	NA	NA	FALSE	LOW_LOCAL_H2_UNDERPOWERED
sleep_duration_continuous_dashti_2019	792	TESTED	2583	220	4.48916e-05	0.168893	FALSE	
sleep_duration_continuous_dashti_2019	796	TESTED	2384	207	3.5559e-05	0.2139	FALSE	
sleep_duration_continuous_dashti_2019	800	TESTED	2775	319	1.09109e-05	0.413713	FALSE	
sleep_duration_continuous_dashti_2019	804	NOT_RUN	NA	NA	NA	NA	FALSE	LOW_LOCAL_H2_UNDERPOWERED
sleep_duration_continuous_dashti_2019	808	NOT_RUN	NA	NA	NA	NA	FALSE	LOW_LOCAL_H2_UNDERPOWERED
sleep_duration_continuous_dashti_2019	812	TESTED	3138	215	0.000109474	0.012924	FALSE	
sleep_duration_continuous_dashti_2019	816	TESTED	1567	73	6.25776e-05	0.0169377	FALSE	
sleep_duration_continuous_dashti_2019	820	TESTED	2356	297	6.47494e-05	0.119878	FALSE	
sleep_duration_continuous_dashti_2019	824	TESTED	2580	263	5.36158e-05	0.148835	FALSE	
sleep_duration_continuous_dashti_2019	828	TESTED	2236	268	0.000131611	0.00821589	FALSE	
sleep_duration_continuous_dashti_2019	832	TESTED	3340	418	8.35871e-05	0.101056	FALSE	
sleep_duration_continuous_dashti_2019	836	NOT_RUN	NA	NA	NA	NA	FALSE	LOW_LOCAL_H2_UNDERPOWERED
sleep_duration_continuous_dashti_2019	840	TESTED	3287	411	8.61645e-05	0.0928193	FALSE	
sleep_duration_continuous_dashti_2019	844	NOT_RUN	NA	NA	NA	NA	FALSE	LOW_LOCAL_H2_UNDERPOWERED
sleep_duration_continuous_dashti_2019	848	TESTED	2184	215	5.06734e-05	0.138786	FALSE	
sleep_duration_continuous_dashti_2019	852	TESTED	2383	390	0.000263386	5.47589e-05	FALSE	
sleep_duration_continuous_dashti_2019	856	NOT_RUN	NA	NA	NA	NA	FALSE	LOW_LOCAL_H2_UNDERPOWERED
sleep_duration_continuous_dashti_2019	860	TESTED	2993	178	7.09388e-05	0.0524394	FALSE	
sleep_duration_continuous_dashti_2019	864	TESTED	2066	320	0.00012994	0.014212	FALSE	
sleep_duration_continuous_dashti_2019	868	TESTED	2853	299	5.95471e-05	0.139526	FALSE	
sleep_duration_continuous_dashti_2019	872	TESTED	3325	413	5.65512e-06	0.45592	FALSE	
sleep_duration_continuous_dashti_2019	876	NOT_RUN	NA	NA	NA	NA	FALSE	LOW_LOCAL_H2_UNDERPOWERED
sleep_duration_continuous_dashti_2019	880	NOT_RUN	NA	NA	NA	NA	FALSE	LOW_LOCAL_H2_UNDERPOWERED
sleep_duration_continuous_dashti_2019	884	NOT_RUN	NA	NA	NA	NA	FALSE	LOW_LOCAL_H2_UNDERPOWERED
sleep_duration_continuous_dashti_2019	888	TESTED	3774	652	7.07285e-05	0.190017	FALSE	
sleep_duration_continuous_dashti_2019	892	TESTED	3140	407	3.4257e-05	0.29043	FALSE	
sleep_duration_continuous_dashti_2019	896	TESTED	3761	454	2.65632e-06	0.475536	FALSE	
sleep_duration_continuous_dashti_2019	900	TESTED	2141	198	0.000134111	0.0027158	FALSE	
sleep_duration_continuous_dashti_2019	904	TESTED	1996	236	2.95595e-05	0.265523	FALSE	
sleep_duration_continuous_dashti_2019	908	TESTED	2735	364	9.01861e-06	0.43126	FALSE	
sleep_duration_continuous_dashti_2019	912	NOT_RUN	NA	NA	NA	NA	FALSE	LOW_LOCAL_H2_UNDERPOWERED
sleep_duration_continuous_dashti_2019	916	TESTED	3154	449	7.12144e-05	0.14508	FALSE	
sleep_duration_continuous_dashti_2019	920	TESTED	2854	524	0.000217337	0.00220687	FALSE	
sleep_duration_continuous_dashti_2019	924	TESTED	3097	590	2.1284e-05	0.384336	FALSE	
sleep_duration_continuous_dashti_2019	928	TESTED	3171	543	0.000107661	0.075523	FALSE	
sleep_duration_continuous_dashti_2019	932	NOT_RUN	NA	NA	NA	NA	FALSE	LOW_LOCAL_H2_UNDERPOWERED
sleep_duration_continuous_dashti_2019	936	NOT_RUN	NA	NA	NA	NA	FALSE	LOW_LOCAL_H2_UNDERPOWERED
sleep_duration_continuous_dashti_2019	940	TESTED	1991	227	2.71521e-05	0.277701	FALSE	
sleep_duration_continuous_dashti_2019	944	TESTED	2139	265	1.84998e-05	0.350638	FALSE	
sleep_duration_continuous_dashti_2019	948	TESTED	3133	372	8.89349e-05	0.076423	FALSE	
sleep_duration_continuous_dashti_2019	952	TESTED	2954	157	0.000216405	1.65737e-06	TRUE	
sleep_duration_continuous_dashti_2019	956	TESTED	2396	97	7.45452e-05	0.0137099	FALSE	
sleep_duration_continuous_dashti_2019	960	TESTED	1523	40	5.74473e-05	0.00648927	FALSE	
sleep_duration_continuous_dashti_2019	964	NOT_RUN	NA	NA	NA	NA	FALSE	LOW_LOCAL_H2_UNDERPOWERED
sleep_duration_continuous_dashti_2019	968	TESTED	1992	110	6.73714e-05	0.0280397	FALSE	
sleep_duration_continuous_dashti_2019	972	TESTED	2954	465	6.00597e-05	0.188462	FALSE	
sleep_duration_continuous_dashti_2019	976	NOT_RUN	NA	NA	NA	NA	FALSE	LOW_LOCAL_H2_UNDERPOWERED
sleep_duration_continuous_dashti_2019	980	TESTED	2111	332	2.6903e-06	0.471165	FALSE	
sleep_duration_continuous_dashti_2019	984	NOT_RUN	NA	NA	NA	NA	FALSE	LOW_LOCAL_H2_UNDERPOWERED
sleep_duration_continuous_dashti_2019	988	TESTED	2315	226	3.52443e-05	0.225407	FALSE	
sleep_duration_continuous_dashti_2019	992	TESTED	1331	52	2.93503e-05	0.104962	FALSE	
sleep_duration_continuous_dashti_2019	996	TESTED	3542	247	4.59077e-05	0.177042	FALSE	
sleep_duration_continuous_dashti_2019	1000	NOT_RUN	NA	NA	NA	NA	FALSE	LOW_LOCAL_H2_UNDERPOWERED
sleep_duration_continuous_dashti_2019	1004	TESTED	2089	183	5.9112e-06	0.431738	FALSE	
sleep_duration_continuous_dashti_2019	1008	TESTED	3025	303	4.3456e-05	0.212435	FALSE	
sleep_duration_continuous_dashti_2019	1012	NOT_RUN	NA	NA	NA	NA	FALSE	LOW_LOCAL_H2_UNDERPOWERED
sleep_duration_continuous_dashti_2019	1016	TESTED	2311	270	0.000149467	0.00357385	FALSE	
sleep_duration_continuous_dashti_2019	1020	TESTED	2152	161	1.01637e-05	0.386918	FALSE	
sleep_duration_continuous_dashti_2019	1024	TESTED	2041	242	2.58559e-05	0.292452	FALSE	
sleep_duration_continuous_dashti_2019	1028	TESTED	3785	311	2.3255e-05	0.330716	FALSE	
sleep_duration_continuous_dashti_2019	1032	TESTED	1926	236	8.06999e-05	0.0537441	FALSE	
sleep_duration_continuous_dashti_2019	1036	TESTED	1958	271	4.92943e-05	0.171472	FALSE	
sleep_duration_continuous_dashti_2019	1040	TESTED	1860	174	4.15888e-06	0.446392	FALSE	
sleep_duration_continuous_dashti_2019	1044	TESTED	2553	155	9.75065e-05	0.0104998	FALSE	
sleep_duration_continuous_dashti_2019	1048	NOT_RUN	NA	NA	NA	NA	FALSE	LOW_LOCAL_H2_UNDERPOWERED
sleep_duration_continuous_dashti_2019	1052	NOT_RUN	NA	NA	NA	NA	FALSE	LOW_LOCAL_H2_UNDERPOWERED
sleep_duration_continuous_dashti_2019	1056	TESTED	2363	253	7.60806e-05	0.070083	FALSE	
sleep_duration_continuous_dashti_2019	1060	NOT_RUN	NA	NA	NA	NA	FALSE	LOW_LOCAL_H2_UNDERPOWERED
sleep_duration_continuous_dashti_2019	1064	TESTED	2122	284	5.62494e-05	0.146659	FALSE	
sleep_duration_continuous_dashti_2019	1068	TESTED	2207	195	5.36304e-05	0.115375	FALSE	
sleep_duration_continuous_dashti_2019	1072	NOT_RUN	NA	NA	NA	NA	FALSE	LOW_LOCAL_H2_UNDERPOWERED
sleep_duration_continuous_dashti_2019	1076	TESTED	1882	209	3.30399e-05	0.230588	FALSE	
sleep_duration_continuous_dashti_2019	1080	NOT_RUN	NA	NA	NA	NA	FALSE	LOW_LOCAL_H2_UNDERPOWERED
sleep_duration_continuous_dashti_2019	1084	TESTED	1950	194	9.20987e-07	0.478203	FALSE	
sleep_duration_continuous_dashti_2019	1088	TESTED	3434	339	0.000104717	0.040709	FALSE	
sleep_duration_continuous_dashti_2019	1092	NOT_RUN	NA	NA	NA	NA	FALSE	LOW_LOCAL_H2_UNDERPOWERED
sleep_duration_continuous_dashti_2019	1096	TESTED	3044	427	0.000141479	0.0186071	FALSE	
sleep_duration_continuous_dashti_2019	1100	NOT_RUN	NA	NA	NA	NA	FALSE	LOW_LOCAL_H2_UNDERPOWERED
sleep_duration_continuous_dashti_2019	1104	TESTED	2353	381	4.07211e-05	0.250891	FALSE	
sleep_duration_continuous_dashti_2019	1108	TESTED	2195	203	7.17766e-05	0.0611827	FALSE	
sleep_duration_continuous_dashti_2019	1112	TESTED	1667	186	3.98209e-05	0.176862	FALSE	
sleep_duration_continuous_dashti_2019	1116	NOT_RUN	NA	NA	NA	NA	FALSE	LOW_LOCAL_H2_UNDERPOWERED
sleep_duration_continuous_dashti_2019	1120	NOT_RUN	NA	NA	NA	NA	FALSE	LOW_LOCAL_H2_UNDERPOWERED
sleep_duration_continuous_dashti_2019	1124	TESTED	2167	360	2.41078e-05	0.336698	FALSE	
sleep_duration_continuous_dashti_2019	1128	NOT_RUN	NA	NA	NA	NA	FALSE	LOW_LOCAL_H2_UNDERPOWERED
sleep_duration_continuous_dashti_2019	1132	NOT_RUN	NA	NA	NA	NA	FALSE	LOW_LOCAL_H2_UNDERPOWERED
sleep_duration_continuous_dashti_2019	1136	NOT_RUN	NA	NA	NA	NA	FALSE	LOW_LOCAL_H2_UNDERPOWERED
sleep_duration_continuous_dashti_2019	1140	TESTED	2997	385	4.83518e-05	0.215679	FALSE	
sleep_duration_continuous_dashti_2019	1144	TESTED	1875	182	2.26255e-05	0.289705	FALSE	
sleep_duration_continuous_dashti_2019	1148	NOT_RUN	NA	NA	NA	NA	FALSE	LOW_LOCAL_H2_UNDERPOWERED
sleep_duration_continuous_dashti_2019	1152	NOT_RUN	NA	NA	NA	NA	FALSE	LOW_LOCAL_H2_UNDERPOWERED
sleep_duration_continuous_dashti_2019	1156	NOT_RUN	NA	NA	NA	NA	FALSE	LOW_LOCAL_H2_UNDERPOWERED
sleep_duration_continuous_dashti_2019	1160	TESTED	1615	87	2.25882e-05	0.215844	FALSE	
sleep_duration_continuous_dashti_2019	1164	TESTED	3073	366	5.58187e-05	0.177626	FALSE	
sleep_duration_continuous_dashti_2019	1168	TESTED	2316	252	4.31138e-05	0.19348	FALSE	
sleep_duration_continuous_dashti_2019	1172	TESTED	2899	372	0.00012844	0.0214317	FALSE	
sleep_duration_continuous_dashti_2019	1176	TESTED	2349	246	0.000114178	0.0144898	FALSE	
sleep_duration_continuous_dashti_2019	1180	TESTED	2259	305	4.88224e-05	0.187202	FALSE	
sleep_duration_continuous_dashti_2019	1184	TESTED	1726	182	9.37492e-05	0.0188704	FALSE	
sleep_duration_continuous_dashti_2019	1188	TESTED	1763	172	6.84558e-05	0.0555458	FALSE	
sleep_duration_continuous_dashti_2019	1192	TESTED	2319	353	1.70015e-05	0.378911	FALSE	
sleep_duration_continuous_dashti_2019	1196	TESTED	2953	316	6.89616e-05	0.112741	FALSE	
sleep_duration_continuous_dashti_2019	1200	TESTED	1941	109	4.78517e-05	0.0799686	FALSE	
sleep_duration_continuous_dashti_2019	1204	TESTED	3628	248	8.90459e-05	0.0422067	FALSE	
sleep_duration_continuous_dashti_2019	1208	TESTED	3312	451	0.000120511	0.0405157	FALSE	
sleep_duration_continuous_dashti_2019	1212	TESTED	2955	388	6.29792e-05	0.156584	FALSE	
sleep_duration_continuous_dashti_2019	1216	TESTED	3086	408	0.000124076	0.0301365	FALSE	
sleep_duration_continuous_dashti_2019	1220	NOT_RUN	NA	NA	NA	NA	FALSE	LOW_LOCAL_H2_UNDERPOWERED
sleep_duration_continuous_dashti_2019	1224	NOT_RUN	NA	NA	NA	NA	FALSE	LOW_LOCAL_H2_UNDERPOWERED
sleep_duration_continuous_dashti_2019	1228	TESTED	3025	590	1.49665e-05	0.415716	FALSE	
sleep_duration_continuous_dashti_2019	1232	NOT_RUN	NA	NA	NA	NA	FALSE	LOW_LOCAL_H2_UNDERPOWERED
sleep_duration_continuous_dashti_2019	1236	NOT_RUN	NA	NA	NA	NA	FALSE	LOW_LOCAL_H2_UNDERPOWERED
sleep_duration_continuous_dashti_2019	1240	NOT_RUN	NA	NA	NA	NA	FALSE	LOW_LOCAL_H2_UNDERPOWERED
sleep_duration_continuous_dashti_2019	1244	TESTED	2862	495	8.61847e-06	0.443162	FALSE	
sleep_duration_continuous_dashti_2019	1248	TESTED	1979	247	8.17577e-05	0.0552634	FALSE	
sleep_duration_continuous_dashti_2019	1252	NOT_RUN	NA	NA	NA	NA	FALSE	LOW_LOCAL_H2_UNDERPOWERED
sleep_duration_continuous_dashti_2019	1256	TESTED	1922	224	3.38311e-05	0.233064	FALSE	
sleep_duration_continuous_dashti_2019	1260	TESTED	1777	319	0.000122035	0.0192673	FALSE	
sleep_duration_continuous_dashti_2019	1264	TESTED	2026	349	3.27441e-05	0.284238	FALSE	
sleep_duration_continuous_dashti_2019	1268	NOT_RUN	NA	NA	NA	NA	FALSE	LOW_LOCAL_H2_UNDERPOWERED
sleep_duration_continuous_dashti_2019	1272	TESTED	2288	235	9.83491e-05	0.0261952	FALSE	
sleep_duration_continuous_dashti_2019	1276	TESTED	3456	323	1.73544e-05	0.371359	FALSE	
sleep_duration_continuous_dashti_2019	1280	TESTED	3190	604	4.128e-05	0.293456	FALSE	
sleep_duration_continuous_dashti_2019	1284	NOT_RUN	NA	NA	NA	NA	FALSE	LOW_LOCAL_H2_UNDERPOWERED
sleep_duration_continuous_dashti_2019	1288	TESTED	2194	149	5.13275e-05	0.0964621	FALSE	
sleep_duration_continuous_dashti_2019	1292	TESTED	2376	263	6.48498e-05	0.106305	FALSE	
sleep_duration_continuous_dashti_2019	1296	TESTED	1775	251	5.28711e-05	0.146697	FALSE	
sleep_duration_continuous_dashti_2019	1300	TESTED	2457	177	1.65891e-05	0.336069	FALSE	
sleep_duration_continuous_dashti_2019	1304	TESTED	3094	428	6.97953e-05	0.1442	FALSE	
sleep_duration_continuous_dashti_2019	1308	TESTED	2324	276	8.13181e-05	0.0656691	FALSE	
sleep_duration_continuous_dashti_2019	1312	TESTED	2825	244	4.0637e-05	0.203002	FALSE	
sleep_duration_continuous_dashti_2019	1316	NOT_RUN	NA	NA	NA	NA	FALSE	LOW_LOCAL_H2_UNDERPOWERED
sleep_duration_continuous_dashti_2019	1320	NOT_RUN	NA	NA	NA	NA	FALSE	LOW_LOCAL_H2_UNDERPOWERED
sleep_duration_continuous_dashti_2019	1324	TESTED	3494	494	7.6711e-05	0.138939	FALSE	
sleep_duration_continuous_dashti_2019	1328	NOT_RUN	NA	NA	NA	NA	FALSE	LOW_LOCAL_H2_UNDERPOWERED
sleep_duration_continuous_dashti_2019	1332	NOT_RUN	NA	NA	NA	NA	FALSE	LOW_LOCAL_H2_UNDERPOWERED
sleep_duration_continuous_dashti_2019	1336	NOT_RUN	NA	NA	NA	NA	FALSE	LOW_LOCAL_H2_UNDERPOWERED
sleep_duration_continuous_dashti_2019	1340	NOT_RUN	NA	NA	NA	NA	FALSE	LOW_LOCAL_H2_UNDERPOWERED
sleep_duration_continuous_dashti_2019	1344	TESTED	3343	455	0.000118207	0.0440094	FALSE	
sleep_duration_continuous_dashti_2019	1348	TESTED	2559	320	6.39009e-05	0.131184	FALSE	
sleep_duration_continuous_dashti_2019	1352	TESTED	3091	412	1.77119e-05	0.383402	FALSE	
sleep_duration_continuous_dashti_2019	1356	TESTED	2645	354	0.000120151	0.0258853	FALSE	
sleep_duration_continuous_dashti_2019	1360	TESTED	2326	344	2.54016e-05	0.32544	FALSE	
sleep_duration_continuous_dashti_2019	1364	NOT_RUN	NA	NA	NA	NA	FALSE	LOW_LOCAL_H2_UNDERPOWERED
sleep_duration_continuous_dashti_2019	1368	NOT_RUN	NA	NA	NA	NA	FALSE	LOW_LOCAL_H2_UNDERPOWERED
sleep_duration_continuous_dashti_2019	1372	TESTED	2610	406	0.000139959	0.0174183	FALSE	
sleep_duration_continuous_dashti_2019	1376	TESTED	1799	407	0.000175115	0.00462893	FALSE	
sleep_duration_continuous_dashti_2019	1380	NOT_RUN	NA	NA	NA	NA	FALSE	LOW_LOCAL_H2_UNDERPOWERED
sleep_duration_continuous_dashti_2019	1384	NOT_RUN	NA	NA	NA	NA	FALSE	LOW_LOCAL_H2_UNDERPOWERED
sleep_duration_continuous_dashti_2019	1388	TESTED	2121	362	5.93059e-05	0.162423	FALSE	
sleep_duration_continuous_dashti_2019	1392	TESTED	2146	196	2.9554e-05	0.246707	FALSE	
sleep_duration_continuous_dashti_2019	1396	TESTED	2264	449	2.39813e-05	0.353378	FALSE	
sleep_duration_continuous_dashti_2019	1400	NOT_RUN	NA	NA	NA	NA	FALSE	LOW_LOCAL_H2_UNDERPOWERED
sleep_duration_continuous_dashti_2019	1404	TESTED	1839	293	1.82888e-05	0.358933	FALSE	
sleep_duration_continuous_dashti_2019	1408	NOT_RUN	NA	NA	NA	NA	FALSE	LOW_LOCAL_H2_UNDERPOWERED
sleep_duration_continuous_dashti_2019	1412	TESTED	3511	517	4.52549e-05	0.261039	FALSE	
sleep_duration_continuous_dashti_2019	1416	TESTED	63	17	1.81163e-06	0.40104	FALSE	
sleep_duration_continuous_dashti_2019	1420	TESTED	2016	331	5.03378e-05	0.18963	FALSE	
sleep_duration_continuous_dashti_2019	1424	TESTED	2208	424	0.000102402	0.0620522	FALSE	
sleep_duration_continuous_dashti_2019	1428	NOT_RUN	NA	NA	NA	NA	FALSE	LOW_LOCAL_H2_UNDERPOWERED
sleep_duration_continuous_dashti_2019	1432	NOT_RUN	NA	NA	NA	NA	FALSE	LOW_LOCAL_H2_UNDERPOWERED
sleep_duration_continuous_dashti_2019	1436	TESTED	1987	274	6.06901e-05	0.125387	FALSE	
sleep_duration_continuous_dashti_2019	1440	NOT_RUN	NA	NA	NA	NA	FALSE	LOW_LOCAL_H2_UNDERPOWERED
sleep_duration_continuous_dashti_2019	1444	TESTED	2156	260	9.77719e-05	0.0326213	FALSE	
sleep_duration_continuous_dashti_2019	1448	TESTED	2448	265	4.42329e-05	0.19344	FALSE	
sleep_duration_continuous_dashti_2019	1452	TESTED	1814	226	3.81059e-05	0.208581	FALSE	
sleep_duration_continuous_dashti_2019	1456	NOT_RUN	NA	NA	NA	NA	FALSE	LOW_LOCAL_H2_UNDERPOWERED
sleep_duration_continuous_dashti_2019	1460	TESTED	1883	275	9.26744e-05	0.0437055	FALSE	
sleep_duration_continuous_dashti_2019	1464	NOT_RUN	NA	NA	NA	NA	FALSE	LOW_LOCAL_H2_UNDERPOWERED
sleep_duration_continuous_dashti_2019	1468	TESTED	2186	355	0.000122662	0.0238082	FALSE	
sleep_duration_continuous_dashti_2019	1472	NOT_RUN	NA	NA	NA	NA	FALSE	LOW_LOCAL_H2_UNDERPOWERED
sleep_duration_continuous_dashti_2019	1476	TESTED	2307	484	7.32854e-05	0.147131	FALSE	
sleep_duration_continuous_dashti_2019	1480	NOT_RUN	NA	NA	NA	NA	FALSE	LOW_LOCAL_H2_UNDERPOWERED
sleep_duration_continuous_dashti_2019	1484	TESTED	1497	352	0.000200823	0.000816171	FALSE	
sleep_duration_continuous_dashti_2019	1488	TESTED	2040	321	9.55385e-06	0.423216	FALSE	
sleep_duration_continuous_dashti_2019	1492	TESTED	2578	462	7.07066e-05	0.150035	FALSE	
sleep_duration_continuous_dashti_2019	1496	NOT_RUN	NA	NA	NA	NA	FALSE	LOW_LOCAL_H2_UNDERPOWERED
sleep_duration_continuous_dashti_2019	1500	NOT_RUN	NA	NA	NA	NA	FALSE	LOW_LOCAL_H2_UNDERPOWERED
sleep_duration_continuous_dashti_2019	1504	NOT_RUN	NA	NA	NA	NA	FALSE	LOW_LOCAL_H2_UNDERPOWERED
sleep_duration_continuous_dashti_2019	1508	TESTED	1916	229	5.66596e-05	0.120828	FALSE	
sleep_duration_continuous_dashti_2019	1512	TESTED	2128	393	4.17942e-05	0.248822	FALSE	
sleep_duration_continuous_dashti_2019	1516	NOT_RUN	NA	NA	NA	NA	FALSE	LOW_LOCAL_H2_UNDERPOWERED
sleep_duration_continuous_dashti_2019	1520	TESTED	3041	316	7.007e-05	0.109245	FALSE	
sleep_duration_continuous_dashti_2019	1524	NOT_RUN	NA	NA	NA	NA	FALSE	LOW_LOCAL_H2_UNDERPOWERED
sleep_duration_continuous_dashti_2019	1528	TESTED	2209	162	1.55003e-05	0.338828	FALSE	
sleep_duration_continuous_dashti_2019	1532	TESTED	1816	240	3.21385e-05	0.250816	FALSE	
sleep_duration_continuous_dashti_2019	1536	NOT_RUN	NA	NA	NA	NA	FALSE	LOW_LOCAL_H2_UNDERPOWERED
sleep_duration_continuous_dashti_2019	1540	NOT_RUN	NA	NA	NA	NA	FALSE	LOW_LOCAL_H2_UNDERPOWERED
sleep_duration_continuous_dashti_2019	1544	TESTED	3133	397	3.31033e-06	0.469732	FALSE	
sleep_duration_continuous_dashti_2019	1548	TESTED	1990	162	6.01015e-05	0.0734105	FALSE	
sleep_duration_continuous_dashti_2019	1552	NOT_RUN	NA	NA	NA	NA	FALSE	LOW_LOCAL_H2_UNDERPOWERED
sleep_duration_continuous_dashti_2019	1556	NOT_RUN	NA	NA	NA	NA	FALSE	LOW_LOCAL_H2_UNDERPOWERED
sleep_duration_continuous_dashti_2019	1560	NOT_RUN	NA	NA	NA	NA	FALSE	LOW_LOCAL_H2_UNDERPOWERED
sleep_duration_continuous_dashti_2019	1564	TESTED	2669	139	1.62704e-05	0.31999	FALSE	
sleep_duration_continuous_dashti_2019	1568	TESTED	2464	358	6.78007e-05	0.130431	FALSE	
sleep_duration_continuous_dashti_2019	1572	TESTED	2745	257	1.30324e-05	0.388284	FALSE	
sleep_duration_continuous_dashti_2019	1576	TESTED	2741	439	5.55649e-05	0.199527	FALSE	
sleep_duration_continuous_dashti_2019	1580	TESTED	2530	378	5.41327e-05	0.18834	FALSE	
sleep_duration_continuous_dashti_2019	1584	NOT_RUN	NA	NA	NA	NA	FALSE	LOW_LOCAL_H2_UNDERPOWERED
sleep_duration_continuous_dashti_2019	1588	TESTED	2583	303	2.23684e-06	0.47308	FALSE	
sleep_duration_continuous_dashti_2019	1592	TESTED	2149	371	9.31633e-05	0.0673321	FALSE	
sleep_duration_continuous_dashti_2019	1596	TESTED	2642	415	3.05549e-05	0.311749	FALSE	
sleep_duration_continuous_dashti_2019	1600	TESTED	2647	365	1.28914e-05	0.406608	FALSE	
sleep_duration_continuous_dashti_2019	1604	NOT_RUN	NA	NA	NA	NA	FALSE	LOW_LOCAL_H2_UNDERPOWERED
sleep_duration_continuous_dashti_2019	1608	TESTED	3322	508	4.37875e-05	0.265772	FALSE	
sleep_duration_continuous_dashti_2019	1612	TESTED	1765	313	7.98844e-05	0.0808157	FALSE	
sleep_duration_continuous_dashti_2019	1616	NOT_RUN	NA	NA	NA	NA	FALSE	LOW_LOCAL_H2_UNDERPOWERED
sleep_duration_continuous_dashti_2019	1620	TESTED	3041	437	3.10765e-05	0.31337	FALSE	
sleep_duration_continuous_dashti_2019	1624	TESTED	2377	440	4.4107e-05	0.249607	FALSE	
sleep_duration_continuous_dashti_2019	1628	NOT_RUN	NA	NA	NA	NA	FALSE	LOW_LOCAL_H2_UNDERPOWERED
sleep_duration_continuous_dashti_2019	1632	NOT_RUN	NA	NA	NA	NA	FALSE	LOW_LOCAL_H2_UNDERPOWERED
sleep_duration_continuous_dashti_2019	1636	TESTED	2660	276	2.26202e-05	0.325444	FALSE	
sleep_duration_continuous_dashti_2019	1640	TESTED	2463	290	5.21942e-05	0.166193	FALSE	
sleep_duration_continuous_dashti_2019	1644	TESTED	1889	209	2.31707e-06	0.466909	FALSE	
sleep_duration_continuous_dashti_2019	1648	TESTED	1850	327	6.0917e-05	0.144547	FALSE	
sleep_duration_continuous_dashti_2019	1652	NOT_RUN	NA	NA	NA	NA	FALSE	LOW_LOCAL_H2_UNDERPOWERED
sleep_duration_continuous_dashti_2019	1656	TESTED	2751	538	2.54932e-05	0.357799	FALSE	
sleep_duration_continuous_dashti_2019	1660	TESTED	1620	49	6.78973e-05	0.00397533	FALSE	
sleep_duration_continuous_dashti_2019	1664	TESTED	2320	43	5.5807e-05	0.00910592	FALSE	
sleep_duration_continuous_dashti_2019	1668	NOT_RUN	NA	NA	NA	NA	FALSE	LOW_LOCAL_H2_UNDERPOWERED
sleep_duration_continuous_dashti_2019	1672	TESTED	1992	314	5.12767e-05	0.17939	FALSE	
sleep_duration_continuous_dashti_2019	1676	NOT_RUN	NA	NA	NA	NA	FALSE	LOW_LOCAL_H2_UNDERPOWERED
sleep_duration_continuous_dashti_2019	1680	TESTED	2913	304	0.000120899	0.0180404	FALSE	
sleep_duration_continuous_dashti_2019	1684	TESTED	2363	426	0.000104311	0.0591886	FALSE	
sleep_duration_continuous_dashti_2019	1688	TESTED	3082	282	6.94261e-06	0.437258	FALSE	
sleep_duration_continuous_dashti_2019	1692	TESTED	2098	246	3.03058e-05	0.264854	FALSE	
sleep_duration_continuous_dashti_2019	1696	TESTED	1577	120	9.02749e-05	0.00826784	FALSE	
sleep_duration_continuous_dashti_2019	1700	TESTED	1955	191	7.95867e-06	0.415058	FALSE	
sleep_duration_continuous_dashti_2019	1704	NOT_RUN	NA	NA	NA	NA	FALSE	LOW_LOCAL_H2_UNDERPOWERED
sleep_duration_continuous_dashti_2019	1708	NOT_RUN	NA	NA	NA	NA	FALSE	LOW_LOCAL_H2_UNDERPOWERED
sleep_duration_continuous_dashti_2019	1712	TESTED	3041	244	2.09642e-05	0.327065	FALSE	
sleep_duration_continuous_dashti_2019	1716	NOT_RUN	NA	NA	NA	NA	FALSE	LOW_LOCAL_H2_UNDERPOWERED
sleep_duration_continuous_dashti_2019	1720	TESTED	1873	312	4.74277e-05	0.19632	FALSE	
sleep_duration_continuous_dashti_2019	1724	TESTED	2367	410	0.000107191	0.0513913	FALSE	
sleep_duration_continuous_dashti_2019	1728	NOT_RUN	NA	NA	NA	NA	FALSE	LOW_LOCAL_H2_UNDERPOWERED
sleep_duration_continuous_dashti_2019	1732	TESTED	2337	296	4.00134e-05	0.227704	FALSE	
sleep_duration_continuous_dashti_2019	1736	TESTED	2850	537	8.71863e-05	0.119219	FALSE	
sleep_duration_continuous_dashti_2019	1740	NOT_RUN	NA	NA	NA	NA	FALSE	LOW_LOCAL_H2_UNDERPOWERED
sleep_duration_continuous_dashti_2019	1744	NOT_RUN	NA	NA	NA	NA	FALSE	LOW_LOCAL_H2_UNDERPOWERED
sleep_duration_continuous_dashti_2019	1748	TESTED	1008	136	2.65676e-05	0.230011	FALSE	
sleep_duration_continuous_dashti_2019	1752	TESTED	2182	383	5.21518e-06	0.457036	FALSE	
sleep_duration_continuous_dashti_2019	1756	TESTED	2007	344	0.000131243	0.016129	FALSE	
sleep_duration_continuous_dashti_2019	1760	TESTED	2021	329	0.000123953	0.0191992	FALSE	
sleep_duration_continuous_dashti_2019	1764	TESTED	2837	472	5.22472e-05	0.221335	FALSE	
sleep_duration_continuous_dashti_2019	1768	NOT_RUN	NA	NA	NA	NA	FALSE	LOW_LOCAL_H2_UNDERPOWERED
sleep_duration_continuous_dashti_2019	1772	TESTED	1831	208	1.80009e-05	0.336785	FALSE	
sleep_duration_continuous_dashti_2019	1776	TESTED	1830	45	1.98893e-05	0.171244	FALSE	
sleep_duration_continuous_dashti_2019	1780	TESTED	2456	168	9.00031e-05	0.01912	FALSE	
sleep_duration_continuous_dashti_2019	1784	TESTED	2180	213	1.771e-05	0.340808	FALSE	
sleep_duration_continuous_dashti_2019	1788	NOT_RUN	NA	NA	NA	NA	FALSE	LOW_LOCAL_H2_UNDERPOWERED
sleep_duration_continuous_dashti_2019	1792	TESTED	2090	358	0.000103182	0.046899	FALSE	
sleep_duration_continuous_dashti_2019	1796	TESTED	3794	219	8.47999e-05	0.0405813	FALSE	
sleep_duration_continuous_dashti_2019	1800	NOT_RUN	NA	NA	NA	NA	FALSE	LOW_LOCAL_H2_UNDERPOWERED
sleep_duration_continuous_dashti_2019	1804	TESTED	3102	439	0.000115919	0.0443198	FALSE	
sleep_duration_continuous_dashti_2019	1808	NOT_RUN	NA	NA	NA	NA	FALSE	LOW_LOCAL_H2_UNDERPOWERED
sleep_duration_continuous_dashti_2019	1812	TESTED	3412	481	6.65012e-05	0.168927	FALSE	
sleep_duration_continuous_dashti_2019	1816	NOT_RUN	NA	NA	NA	NA	FALSE	LOW_LOCAL_H2_UNDERPOWERED
sleep_duration_continuous_dashti_2019	1820	TESTED	3214	178	4.55514e-05	0.141549	FALSE	
sleep_duration_continuous_dashti_2019	1824	TESTED	1958	326	7.04281e-05	0.111513	FALSE	
sleep_duration_continuous_dashti_2019	1828	TESTED	2583	284	6.44437e-06	0.441126	FALSE	
sleep_duration_continuous_dashti_2019	1832	NOT_RUN	NA	NA	NA	NA	FALSE	LOW_LOCAL_H2_UNDERPOWERED
sleep_duration_continuous_dashti_2019	1836	TESTED	1814	300	1.41619e-05	0.388512	FALSE	
sleep_duration_continuous_dashti_2019	1840	NOT_RUN	NA	NA	NA	NA	FALSE	LOW_LOCAL_H2_UNDERPOWERED
sleep_duration_continuous_dashti_2019	1844	NOT_RUN	NA	NA	NA	NA	FALSE	LOW_LOCAL_H2_UNDERPOWERED
sleep_duration_continuous_dashti_2019	1848	TESTED	2755	408	0.000196448	0.00190045	FALSE	
sleep_duration_continuous_dashti_2019	1852	TESTED	3149	604	0.000200331	0.00671735	FALSE	
sleep_duration_continuous_dashti_2019	1856	TESTED	2188	430	8.99597e-05	0.0884955	FALSE	
sleep_duration_continuous_dashti_2019	1860	NOT_RUN	NA	NA	NA	NA	FALSE	LOW_LOCAL_H2_UNDERPOWERED
sleep_duration_continuous_dashti_2019	1864	TESTED	2608	150	3.61419e-05	0.17425	FALSE	
sleep_duration_continuous_dashti_2019	1868	TESTED	3630	491	1.18648e-05	0.424875	FALSE	
sleep_duration_continuous_dashti_2019	1872	TESTED	3507	478	9.58811e-05	0.0861401	FALSE	
sleep_duration_continuous_dashti_2019	1876	NOT_RUN	NA	NA	NA	NA	FALSE	LOW_LOCAL_H2_UNDERPOWERED
sleep_duration_continuous_dashti_2019	1880	NOT_RUN	NA	NA	NA	NA	FALSE	LOW_LOCAL_H2_UNDERPOWERED
sleep_duration_continuous_dashti_2019	1884	NOT_RUN	NA	NA	NA	NA	FALSE	LOW_LOCAL_H2_UNDERPOWERED
sleep_duration_continuous_dashti_2019	1888	NOT_RUN	NA	NA	NA	NA	FALSE	LOW_LOCAL_H2_UNDERPOWERED
sleep_duration_continuous_dashti_2019	1892	NOT_RUN	NA	NA	NA	NA	FALSE	LOW_LOCAL_H2_UNDERPOWERED
sleep_duration_continuous_dashti_2019	1896	TESTED	1958	183	4.68412e-06	0.44291	FALSE	
sleep_duration_continuous_dashti_2019	1900	TESTED	3507	336	0.000130151	0.0158914	FALSE	
sleep_duration_continuous_dashti_2019	1904	TESTED	3675	185	3.10075e-05	0.230785	FALSE	
sleep_duration_continuous_dashti_2019	1908	TESTED	2487	142	3.03703e-05	0.206429	FALSE	
sleep_duration_continuous_dashti_2019	1912	TESTED	2328	349	0.000103922	0.0439106	FALSE	
sleep_duration_continuous_dashti_2019	1916	NOT_RUN	NA	NA	NA	NA	FALSE	LOW_LOCAL_H2_UNDERPOWERED
sleep_duration_continuous_dashti_2019	1920	TESTED	2257	201	1.36263e-05	0.369464	FALSE	
sleep_duration_continuous_dashti_2019	1924	TESTED	1899	124	3.26868e-05	0.175204	FALSE	
sleep_duration_continuous_dashti_2019	1928	TESTED	1952	196	3.16018e-05	0.233003	FALSE	
sleep_duration_continuous_dashti_2019	1932	TESTED	3343	392	7.1801e-05	0.127682	FALSE	
sleep_duration_continuous_dashti_2019	1936	TESTED	1863	257	9.05464e-05	0.0422894	FALSE	
sleep_duration_continuous_dashti_2019	1940	TESTED	3580	534	3.39475e-05	0.315913	FALSE	
sleep_duration_continuous_dashti_2019	1944	TESTED	1923	312	3.40867e-05	0.265823	FALSE	
sleep_duration_continuous_dashti_2019	1948	TESTED	3490	554	4.23038e-05	0.28087	FALSE	
sleep_duration_continuous_dashti_2019	1952	TESTED	1776	308	0.000145537	0.00661244	FALSE	
sleep_duration_continuous_dashti_2019	1956	NOT_RUN	NA	NA	NA	NA	FALSE	LOW_LOCAL_H2_UNDERPOWERED
sleep_duration_continuous_dashti_2019	1960	NOT_RUN	NA	NA	NA	NA	FALSE	LOW_LOCAL_H2_UNDERPOWERED
sleep_duration_continuous_dashti_2019	1964	NOT_RUN	NA	NA	NA	NA	FALSE	LOW_LOCAL_H2_UNDERPOWERED
sleep_duration_continuous_dashti_2019	1968	TESTED	2070	189	2.4379e-05	0.27994	FALSE	
sleep_duration_continuous_dashti_2019	1972	NOT_RUN	NA	NA	NA	NA	FALSE	LOW_LOCAL_H2_UNDERPOWERED
sleep_duration_continuous_dashti_2019	1976	TESTED	3491	259	3.57862e-05	0.236848	FALSE	
sleep_duration_continuous_dashti_2019	1980	TESTED	2463	183	2.15524e-05	0.298532	FALSE	
sleep_duration_continuous_dashti_2019	1984	TESTED	1760	226	5.59631e-05	0.122117	FALSE	
sleep_duration_continuous_dashti_2019	1988	TESTED	3190	451	8.64407e-05	0.10194	FALSE	
sleep_duration_continuous_dashti_2019	1992	TESTED	2253	214	7.3786e-05	0.0608508	FALSE	
sleep_duration_continuous_dashti_2019	1996	TESTED	2582	260	9.47227e-06	0.415492	FALSE	
sleep_duration_continuous_dashti_2019	2000	NOT_RUN	NA	NA	NA	NA	FALSE	LOW_LOCAL_H2_UNDERPOWERED
sleep_duration_continuous_dashti_2019	2004	TESTED	2852	295	4.40268e-05	0.206574	FALSE	
sleep_duration_continuous_dashti_2019	2008	TESTED	2091	306	6.42802e-05	0.124823	FALSE	
sleep_duration_continuous_dashti_2019	2012	TESTED	3579	333	6.62112e-05	0.127637	FALSE	
sleep_duration_continuous_dashti_2019	2016	TESTED	2950	299	1.95259e-05	0.352021	FALSE	
sleep_duration_continuous_dashti_2019	2020	TESTED	3758	512	1.53491e-05	0.407611	FALSE	
sleep_duration_continuous_dashti_2019	2024	TESTED	2035	224	8.33335e-05	0.0447132	FALSE	
sleep_duration_continuous_dashti_2019	2028	TESTED	3351	378	6.27725e-05	0.154324	FALSE	
sleep_duration_continuous_dashti_2019	2032	NOT_RUN	NA	NA	NA	NA	FALSE	LOW_LOCAL_H2_UNDERPOWERED
sleep_duration_continuous_dashti_2019	2036	NOT_RUN	NA	NA	NA	NA	FALSE	LOW_LOCAL_H2_UNDERPOWERED
sleep_duration_continuous_dashti_2019	2040	TESTED	2129	262	7.38773e-05	0.0789831	FALSE	
sleep_duration_continuous_dashti_2019	2044	NOT_RUN	NA	NA	NA	NA	FALSE	LOW_LOCAL_H2_UNDERPOWERED
sleep_duration_continuous_dashti_2019	2048	TESTED	2907	454	6.90319e-05	0.153561	FALSE	
sleep_duration_continuous_dashti_2019	2052	NOT_RUN	NA	NA	NA	NA	FALSE	LOW_LOCAL_H2_UNDERPOWERED
sleep_duration_continuous_dashti_2019	2056	TESTED	1946	115	4.26038e-05	0.108707	FALSE	
sleep_duration_continuous_dashti_2019	2060	TESTED	2666	254	0.000123883	0.0101052	FALSE	
sleep_duration_continuous_dashti_2019	2064	TESTED	2461	422	0.000107601	0.0530917	FALSE	
sleep_duration_continuous_dashti_2019	2068	TESTED	2712	307	6.11807e-05	0.136365	FALSE	
sleep_duration_continuous_dashti_2019	2072	TESTED	3392	610	7.13338e-05	0.180329	FALSE	
sleep_duration_continuous_dashti_2019	2076	NOT_RUN	NA	NA	NA	NA	FALSE	LOW_LOCAL_H2_UNDERPOWERED
sleep_duration_continuous_dashti_2019	2080	TESTED	1811	275	4.35106e-05	0.201301	FALSE	
sleep_duration_continuous_dashti_2019	2084	NOT_RUN	NA	NA	NA	NA	FALSE	LOW_LOCAL_H2_UNDERPOWERED
sleep_duration_continuous_dashti_2019	2088	TESTED	2577	542	5.55974e-05	0.223073	FALSE	
sleep_duration_continuous_dashti_2019	2092	NOT_RUN	NA	NA	NA	NA	FALSE	LOW_LOCAL_H2_UNDERPOWERED
sleep_duration_continuous_dashti_2019	2096	TESTED	2346	462	5.69673e-05	0.199723	FALSE	
sleep_duration_continuous_dashti_2019	2100	TESTED	2468	383	8.41568e-05	0.0904586	FALSE	
sleep_duration_continuous_dashti_2019	2104	NOT_RUN	NA	NA	NA	NA	FALSE	LOW_LOCAL_H2_UNDERPOWERED
sleep_duration_continuous_dashti_2019	2108	TESTED	2698	452	6.76212e-05	0.157831	FALSE	
sleep_duration_continuous_dashti_2019	2112	NOT_RUN	NA	NA	NA	NA	FALSE	LOW_LOCAL_H2_UNDERPOWERED
sleep_duration_continuous_dashti_2019	2116	NOT_RUN	NA	NA	NA	NA	FALSE	LOW_LOCAL_H2_UNDERPOWERED
sleep_duration_continuous_dashti_2019	2120	NOT_RUN	NA	NA	NA	NA	FALSE	LOW_LOCAL_H2_UNDERPOWERED
sleep_duration_continuous_dashti_2019	2124	TESTED	2647	489	6.96714e-05	0.16005	FALSE	
sleep_duration_continuous_dashti_2019	2128	TESTED	2022	300	4.28862e-05	0.214217	FALSE	
sleep_duration_continuous_dashti_2019	2132	TESTED	3101	565	9.73933e-05	0.100316	FALSE	
sleep_duration_continuous_dashti_2019	2136	TESTED	2798	401	5.36272e-05	0.197218	FALSE	
sleep_duration_continuous_dashti_2019	2140	TESTED	2780	328	0.000133374	0.0131808	FALSE	
sleep_duration_continuous_dashti_2019	2144	TESTED	1868	287	9.71024e-05	0.039938	FALSE	
sleep_duration_continuous_dashti_2019	2148	TESTED	1788	201	1.56689e-05	0.352811	FALSE	
sleep_duration_continuous_dashti_2019	2152	TESTED	1638	234	5.41063e-05	0.133531	FALSE	
sleep_duration_continuous_dashti_2019	2156	TESTED	1809	223	8.16852e-05	0.0474187	FALSE	
sleep_duration_continuous_dashti_2019	2160	NOT_RUN	NA	NA	NA	NA	FALSE	LOW_LOCAL_H2_UNDERPOWERED
sleep_duration_continuous_dashti_2019	2164	TESTED	2914	521	1.75397e-05	0.396794	FALSE	
sleep_duration_continuous_dashti_2019	2168	NOT_RUN	NA	NA	NA	NA	FALSE	LOW_LOCAL_H2_UNDERPOWERED
sleep_duration_continuous_dashti_2019	2172	NOT_RUN	NA	NA	NA	NA	FALSE	LOW_LOCAL_H2_UNDERPOWERED
sleep_duration_continuous_dashti_2019	2176	TESTED	1826	298	4.61438e-05	0.197266	FALSE	
sleep_duration_continuous_dashti_2019	2180	TESTED	2172	427	6.90873e-05	0.146282	FALSE	
sleep_duration_continuous_dashti_2019	2184	NOT_RUN	NA	NA	NA	NA	FALSE	LOW_LOCAL_H2_UNDERPOWERED
sleep_duration_continuous_dashti_2019	2188	TESTED	2553	382	3.13244e-05	0.300365	FALSE	
sleep_duration_continuous_dashti_2019	2192	TESTED	1564	204	2.86886e-05	0.25671	FALSE	
sleep_duration_continuous_dashti_2019	2196	TESTED	3046	292	0.000102487	0.0337672	FALSE	
sleep_duration_continuous_dashti_2019	2200	TESTED	2065	261	6.94533e-05	0.0910248	FALSE	
sleep_duration_continuous_dashti_2019	2204	NOT_RUN	NA	NA	NA	NA	FALSE	LOW_LOCAL_H2_UNDERPOWERED
sleep_duration_continuous_dashti_2019	2208	TESTED	1987	171	0.000105688	0.00861212	FALSE	
sleep_duration_continuous_dashti_2019	2212	TESTED	2897	204	9.36935e-05	0.0241383	FALSE	
sleep_duration_continuous_dashti_2019	2216	NOT_RUN	NA	NA	NA	NA	FALSE	LOW_LOCAL_H2_UNDERPOWERED
sleep_duration_continuous_dashti_2019	2220	NOT_RUN	NA	NA	NA	NA	FALSE	LOW_LOCAL_H2_UNDERPOWERED
sleep_duration_continuous_dashti_2019	2224	NOT_RUN	NA	NA	NA	NA	FALSE	LOW_LOCAL_H2_UNDERPOWERED
sleep_duration_continuous_dashti_2019	2228	NOT_RUN	NA	NA	NA	NA	FALSE	LOW_LOCAL_H2_UNDERPOWERED
sleep_duration_continuous_dashti_2019	2232	TESTED	2871	601	1.20207e-06	0.486182	FALSE	
sleep_duration_continuous_dashti_2019	2236	TESTED	2679	323	8.63359e-05	0.0688343	FALSE	
sleep_duration_continuous_dashti_2019	2240	TESTED	2639	396	9.18661e-05	0.0761034	FALSE	
sleep_duration_continuous_dashti_2019	2244	TESTED	2776	521	8.78392e-05	0.114168	FALSE	
sleep_duration_continuous_dashti_2019	2248	NOT_RUN	NA	NA	NA	NA	FALSE	LOW_LOCAL_H2_UNDERPOWERED
sleep_duration_continuous_dashti_2019	2252	NOT_RUN	NA	NA	NA	NA	FALSE	LOW_LOCAL_H2_UNDERPOWERED
sleep_duration_continuous_dashti_2019	2256	NOT_RUN	NA	NA	NA	NA	FALSE	LOW_LOCAL_H2_UNDERPOWERED
sleep_duration_continuous_dashti_2019	2260	TESTED	2114	158	4.15529e-06	0.44381	FALSE	
sleep_duration_continuous_dashti_2019	2264	TESTED	3213	445	6.09485e-05	0.180022	FALSE	
sleep_duration_continuous_dashti_2019	2268	TESTED	1932	256	0.000111896	0.0176175	FALSE	
sleep_duration_continuous_dashti_2019	2272	TESTED	3161	514	5.57921e-05	0.216413	FALSE	
sleep_duration_continuous_dashti_2019	2276	TESTED	1832	264	1.28422e-05	0.391114	FALSE	
sleep_duration_continuous_dashti_2019	2280	TESTED	3533	192	6.90824e-07	0.480174	FALSE	
sleep_duration_continuous_dashti_2019	2284	NOT_RUN	NA	NA	NA	NA	FALSE	LOW_LOCAL_H2_UNDERPOWERED
sleep_duration_continuous_dashti_2019	2288	NOT_RUN	NA	NA	NA	NA	FALSE	LOW_LOCAL_H2_UNDERPOWERED
sleep_duration_continuous_dashti_2019	2292	NOT_RUN	NA	NA	NA	NA	FALSE	LOW_LOCAL_H2_UNDERPOWERED
sleep_duration_continuous_dashti_2019	2296	TESTED	3527	423	1.31895e-05	0.411325	FALSE	
sleep_duration_continuous_dashti_2019	2300	TESTED	2236	368	4.87998e-05	0.208598	FALSE	
sleep_duration_continuous_dashti_2019	2304	TESTED	2931	338	9.69914e-06	0.424168	FALSE	
sleep_duration_continuous_dashti_2019	2308	TESTED	1602	358	0.000100618	0.0508973	FALSE	
sleep_duration_continuous_dashti_2019	2312	NOT_RUN	NA	NA	NA	NA	FALSE	LOW_LOCAL_H2_UNDERPOWERED
sleep_duration_continuous_dashti_2019	2316	NOT_RUN	NA	NA	NA	NA	FALSE	LOW_LOCAL_H2_UNDERPOWERED
sleep_duration_continuous_dashti_2019	2320	TESTED	1685	336	0.000107315	0.0366793	FALSE	
sleep_duration_continuous_dashti_2019	2324	TESTED	2029	276	3.9482e-05	0.22294	FALSE	
sleep_duration_continuous_dashti_2019	2328	NOT_RUN	NA	NA	NA	NA	FALSE	LOW_LOCAL_H2_UNDERPOWERED
sleep_duration_continuous_dashti_2019	2332	NOT_RUN	NA	NA	NA	NA	FALSE	LOW_LOCAL_H2_UNDERPOWERED
sleep_duration_continuous_dashti_2019	2336	TESTED	2795	415	2.31434e-05	0.352586	FALSE	
sleep_duration_continuous_dashti_2019	2340	NOT_RUN	NA	NA	NA	NA	FALSE	LOW_LOCAL_H2_UNDERPOWERED
sleep_duration_continuous_dashti_2019	2344	NOT_RUN	NA	NA	NA	NA	FALSE	LOW_LOCAL_H2_UNDERPOWERED
sleep_duration_continuous_dashti_2019	2348	NOT_RUN	NA	NA	NA	NA	FALSE	LOW_LOCAL_H2_UNDERPOWERED
sleep_duration_continuous_dashti_2019	2352	NOT_RUN	NA	NA	NA	NA	FALSE	LOW_LOCAL_H2_UNDERPOWERED
sleep_duration_continuous_dashti_2019	2356	TESTED	2028	390	0.000143819	0.0137289	FALSE	
sleep_duration_continuous_dashti_2019	2360	TESTED	2478	369	2.14783e-05	0.354193	FALSE	
sleep_duration_continuous_dashti_2019	2364	NOT_RUN	NA	NA	NA	NA	FALSE	LOW_LOCAL_H2_UNDERPOWERED
sleep_duration_continuous_dashti_2019	2368	TESTED	2395	311	1.49671e-05	0.384989	FALSE	
sleep_duration_continuous_dashti_2019	2372	TESTED	2330	343	6.28239e-05	0.142955	FALSE	
sleep_duration_continuous_dashti_2019	2376	TESTED	2578	384	9.49026e-05	0.0670399	FALSE	
sleep_duration_continuous_dashti_2019	2380	NOT_RUN	NA	NA	NA	NA	FALSE	LOW_LOCAL_H2_UNDERPOWERED
sleep_duration_continuous_dashti_2019	2384	NOT_RUN	NA	NA	NA	NA	FALSE	LOW_LOCAL_H2_UNDERPOWERED
sleep_duration_continuous_dashti_2019	2388	NOT_RUN	NA	NA	NA	NA	FALSE	LOW_LOCAL_H2_UNDERPOWERED
sleep_duration_continuous_dashti_2019	2392	TESTED	2101	265	3.66363e-05	0.234395	FALSE	
sleep_duration_continuous_dashti_2019	2396	NOT_RUN	NA	NA	NA	NA	FALSE	LOW_LOCAL_H2_UNDERPOWERED
sleep_duration_continuous_dashti_2019	2400	TESTED	2861	339	4.18378e-05	0.232917	FALSE	
sleep_duration_continuous_dashti_2019	2404	TESTED	2783	454	9.95761e-05	0.0735315	FALSE	
sleep_duration_continuous_dashti_2019	2408	TESTED	3622	518	6.01345e-05	0.200552	FALSE	
sleep_duration_continuous_dashti_2019	2412	NOT_RUN	NA	NA	NA	NA	FALSE	LOW_LOCAL_H2_UNDERPOWERED
sleep_duration_continuous_dashti_2019	2416	TESTED	2009	305	9.61489e-05	0.0457455	FALSE	
sleep_duration_continuous_dashti_2019	2420	TESTED	2229	407	3.97385e-05	0.262532	FALSE	
sleep_duration_continuous_dashti_2019	2424	NOT_RUN	NA	NA	NA	NA	FALSE	LOW_LOCAL_H2_UNDERPOWERED
sleep_duration_continuous_dashti_2019	2428	NOT_RUN	NA	NA	NA	NA	FALSE	LOW_LOCAL_H2_UNDERPOWERED
sleep_duration_continuous_dashti_2019	2432	NOT_RUN	NA	NA	NA	NA	FALSE	LOW_LOCAL_H2_UNDERPOWERED
sleep_duration_continuous_dashti_2019	2436	TESTED	3272	357	2.46309e-05	0.33295	FALSE	
sleep_duration_continuous_dashti_2019	2440	NOT_RUN	NA	NA	NA	NA	FALSE	LOW_LOCAL_H2_UNDERPOWERED
sleep_duration_continuous_dashti_2019	2444	TESTED	2120	257	3.78561e-05	0.224158	FALSE	
sleep_duration_continuous_dashti_2019	2448	NOT_RUN	NA	NA	NA	NA	FALSE	LOW_LOCAL_H2_UNDERPOWERED
sleep_duration_continuous_dashti_2019	2452	TESTED	2994	403	3.78353e-05	0.271078	FALSE	
sleep_duration_continuous_dashti_2019	2456	TESTED	2440	495	2.53209e-06	0.477271	FALSE	
sleep_duration_continuous_dashti_2019	2460	TESTED	2985	469	4.28645e-05	0.261919	FALSE	
sleep_duration_continuous_dashti_2019	2464	TESTED	2198	292	2.33334e-05	0.325246	FALSE	
sleep_duration_continuous_dashti_2019	2468	TESTED	1931	286	0.000103496	0.0312688	FALSE	
sleep_duration_continuous_dashti_2019	2472	TESTED	2476	531	1.78026e-05	0.396368	FALSE	
sleep_duration_continuous_dashti_2019	2476	NOT_RUN	NA	NA	NA	NA	FALSE	LOW_LOCAL_H2_UNDERPOWERED
sleep_duration_continuous_dashti_2019	2480	TESTED	1977	292	5.37466e-05	0.160268	FALSE	
sleep_duration_continuous_dashti_2019	2484	TESTED	1834	207	8.02785e-05	0.0445857	FALSE	
sleep_duration_continuous_dashti_2019	2488	TESTED	2455	552	0.000163477	0.0168426	FALSE	
sleep_duration_continuous_dashti_2019	2492	TESTED	2232	427	9.58068e-05	0.0751546	FALSE	
