path	bytes	sha256	access_date	verification
discovery_extension/provenance/prior_screens/dashti_2019_supplementary_data_17.xlsx	43222	863fbbd6d714ac4f94e627efc2c335aa1d1f194771959e7d887ae32b11180fb8	2026-10-08	LOCAL_RETAINED_BYTES;SEE_FETCH_LEDGER_FOR_HTTP_STATUS
discovery_extension/provenance/prior_screens/dashti_2019_supplementary_data_18.xlsx	41011	131a4d569b681a0112a8c910fa9b6873e45dd93bd997faea7c56ebf9de200ea8	2026-10-08	LOCAL_RETAINED_BYTES;SEE_FETCH_LEDGER_FOR_HTTP_STATUS
discovery_extension/provenance/prior_screens/extracted/dashti_2019_supplementary_data_17.tsv	13299	667640b53ab11f8379a27c60da537ad4f0795bb4722fb4617b90bb4478042c51	2026-10-08	LOCAL_RETAINED_BYTES;SEE_FETCH_LEDGER_FOR_HTTP_STATUS
discovery_extension/provenance/prior_screens/extracted/dashti_2019_supplementary_data_18.tsv	11616	735e5653ab8212f68f527d40eb5b88a6b1819bfb194cc57776d56a815d60ac9e	2026-10-08	LOCAL_RETAINED_BYTES;SEE_FETCH_LEDGER_FOR_HTTP_STATUS
discovery_extension/provenance/prior_screens/extracted/goodman_2025_SD24_ldsc.tsv	157652	c4da1bbf8400f1536eb06566e66091afac551d1b2d81e556b220a6410139d950	2026-10-08	LOCAL_RETAINED_BYTES;SEE_FETCH_LEDGER_FOR_HTTP_STATUS
discovery_extension/provenance/prior_screens/extracted/li_zhao_2020_s3_table.tsv	13726	074b2b08a026cd8739ab2dce1e41a254bbefac0030081d209e8974297ff723ed	2026-10-08	LOCAL_RETAINED_BYTES;SEE_FETCH_LEDGER_FOR_HTTP_STATUS
discovery_extension/provenance/prior_screens/extracted/morrison_2024_S10_Circadian_LDSC.tsv	390622	de6fc72e6e5ecfd4c4ba5f3ed312bde56d6ddc713eecd67bddf8e0ad5a608bb5	2026-10-08	LOCAL_RETAINED_BYTES;SEE_FETCH_LEDGER_FOR_HTTP_STATUS
discovery_extension/provenance/prior_screens/extracted/morrison_2024_S11_Alertness_LDSC.tsv	375742	fc38bd4a3371c0fa967ef3173c257fc1056dc960c27f25520d8c58f43525e53a	2026-10-08	LOCAL_RETAINED_BYTES;SEE_FETCH_LEDGER_FOR_HTTP_STATUS
discovery_extension/provenance/prior_screens/extracted/morrison_2024_S12_Efficiency_LDSC.tsv	374885	ed503e33012e3052c3f94bf5375447a81021050748533b74f2f236541309be98	2026-10-08	LOCAL_RETAINED_BYTES;SEE_FETCH_LEDGER_FOR_HTTP_STATUS
discovery_extension/provenance/prior_screens/extracted/morrison_2024_S13_Duration_LDSC.tsv	373484	f5cae25ea0f2c074a6fd5cbc3009535195ce6c929d84c05514d7e3a84d25540c	2026-10-08	LOCAL_RETAINED_BYTES;SEE_FETCH_LEDGER_FOR_HTTP_STATUS
discovery_extension/provenance/prior_screens/extracted/morrison_2024_S14_Insomnia_LDSC.tsv	372722	3c205c6c93c6e12c5b3843f519e0922ff84480f3e1b9c8a64c52fbbcd09f7019	2026-10-08	LOCAL_RETAINED_BYTES;SEE_FETCH_LEDGER_FOR_HTTP_STATUS
discovery_extension/provenance/prior_screens/extracted/morrison_2024_S15_Variability_LDSC.tsv	372653	3e93da57a9c6efea9bd559399af343d786835cc53a7c97041f6a336d1ea35bfc	2026-10-08	LOCAL_RETAINED_BYTES;SEE_FETCH_LEDGER_FOR_HTTP_STATUS
discovery_extension/provenance/prior_screens/extracted/morrison_2024_S1_Circadian_PheWAS.tsv	386728	5d1d28ec281f3e0ee31e81d27321e666e2dd7f875c284d15e838ab039898eb60	2026-10-08	LOCAL_RETAINED_BYTES;SEE_FETCH_LEDGER_FOR_HTTP_STATUS
discovery_extension/provenance/prior_screens/extracted/morrison_2024_S2_Alertness_PheWAS.tsv	239352	51be84d0e0ef45048b50c41ff105be88ff40e9412e13cae533ff90e6c64ab900	2026-10-08	LOCAL_RETAINED_BYTES;SEE_FETCH_LEDGER_FOR_HTTP_STATUS
discovery_extension/provenance/prior_screens/extracted/morrison_2024_S3_Efficiency_PheWAS.tsv	20369	492c3da54e3f84f9df88994f66c317b3de0875e4c0bce97649ce0283db245c59	2026-10-08	LOCAL_RETAINED_BYTES;SEE_FETCH_LEDGER_FOR_HTTP_STATUS
discovery_extension/provenance/prior_screens/extracted/morrison_2024_S4_Duration_PheWAS.tsv	477357	170cfa06df7e3ecb01538700645e604e155b39828f504c259bf7ecb82a26c8a4	2026-10-08	LOCAL_RETAINED_BYTES;SEE_FETCH_LEDGER_FOR_HTTP_STATUS
discovery_extension/provenance/prior_screens/extracted/morrison_2024_S5_Insomnia_PheWAS.tsv	286992	dce221d530e02eac714276c656709e5d530d67979524225147e51d4beee8a6b2	2026-10-08	LOCAL_RETAINED_BYTES;SEE_FETCH_LEDGER_FOR_HTTP_STATUS
discovery_extension/provenance/prior_screens/extracted/morrison_2024_S6_Actigraphy_Duration_PheWAS.tsv	515564	8f12ed1a159a56bbf5d65218154193f8287542da14e6927395237829db466e5a	2026-10-08	LOCAL_RETAINED_BYTES;SEE_FETCH_LEDGER_FOR_HTTP_STATUS
discovery_extension/provenance/prior_screens/goodman_2025_supplementary_data_1_27.xlsx	2082822	e204c09fc6b5448df1795fa3bd62fd3b6b786c1539f7345f4fc66c8901cab8e0	2026-10-08	LOCAL_RETAINED_BYTES;SEE_FETCH_LEDGER_FOR_HTTP_STATUS
discovery_extension/provenance/prior_screens/li_zhao_2020_s3_table.docx	49962	cdf7eeeada14cd2a25cad779fc1b0f2ee501b38c59aa90f0eb5b0ee668bb54dc	2026-10-08	LOCAL_RETAINED_BYTES;SEE_FETCH_LEDGER_FOR_HTTP_STATUS
discovery_extension/provenance/prior_screens/morrison_2024_supplementary_tables_1_15.xlsx	2412295	649860bba073fe5c449fa670976759162dce13493f1a26cd915dc546cc6fb6ec	2026-10-08	LOCAL_RETAINED_BYTES;SEE_FETCH_LEDGER_FOR_HTTP_STATUS
discovery_extension/provenance/prior_screens/novelty_prescreen_build.json	2689	4e6f52cc5f7597b93172e7501d2d0b935916caac771fcae7832f6899460e7bc4	2026-10-08	LOCAL_RETAINED_BYTES;SEE_FETCH_LEDGER_FOR_HTTP_STATUS
discovery_extension/provenance/prior_screens/prior_screen_registry.tsv	1999	6d1d9214b0c3529041a0b1a8c3e2ae4a3b03237ef5c554f7215c57e226dfdf56	2026-10-08	LOCAL_RETAINED_BYTES;SEE_FETCH_LEDGER_FOR_HTTP_STATUS
discovery_extension/sleep_submission_evidence_v1/sources/journal_access_manifest.tsv	1051	e1699f394e01ce1364056fb2f4236fe18f81fd12525b7549c703be26c4ecc178	2026-10-08	LOCAL_RETAINED_BYTES;SEE_FETCH_LEDGER_FOR_HTTP_STATUS
discovery_extension/sleep_submission_evidence_v1/sources/journal_sleep_curl_challenge.html	5494	5f3b67aa15259cfded117eff2906ac61f0b498aef97564c729f715e8d23340a6	2026-10-08	LOCAL_RETAINED_BYTES;SEE_FETCH_LEDGER_FOR_HTTP_STATUS
discovery_extension/sleep_submission_evidence_v1/sources/journal_sleep_web_receipt.json	39280	c9113e0f2ff71bed07c8ac84e7540a7b96d2820cd055fe61e7a799f288aee580	2026-10-08	LOCAL_RETAINED_BYTES;SEE_FETCH_LEDGER_FOR_HTTP_STATUS
discovery_extension/sleep_submission_evidence_v1/sources/literature_2026_broad_screens_web_receipt.json	32120	f5ae2374fa98d94042d48aee358fe81c036cae77e7cbab1f16a67fed1d79935d	2026-10-08	LOCAL_RETAINED_BYTES;SEE_FETCH_LEDGER_FOR_HTTP_STATUS
discovery_extension/sleep_submission_evidence_v1/sources/literature_2026_supplement_links_receipt.json	31953	40c27a9a3fafedca736c3e8847fd49ba197e36aba12880f74102616bd3d47384	2026-10-08	LOCAL_RETAINED_BYTES;SEE_FETCH_LEDGER_FOR_HTTP_STATUS
discovery_extension/sleep_submission_evidence_v1/sources/literature_CACHE_RELEASE_BOUNDARY.md	5107	aaee9619a17389b59b0c17ea88d2e5605a141415ae77e4a645e2a2b39f039599	2026-10-08	LOCAL_RETAINED_BYTES;SEE_FETCH_LEDGER_FOR_HTTP_STATUS
discovery_extension/sleep_submission_evidence_v1/sources/literature_access_ledger.tsv	9773	44294f5e418e9ed7e871718e5fbb30c346eacfaef7be72eaff4790c22dabf826	2026-10-08	LOCAL_RETAINED_BYTES;SEE_FETCH_LEDGER_FOR_HTTP_STATUS
discovery_extension/sleep_submission_evidence_v1/sources/literature_acquisition_manifest.tsv	9773	44294f5e418e9ed7e871718e5fbb30c346eacfaef7be72eaff4790c22dabf826	2026-10-08	LOCAL_RETAINED_BYTES;SEE_FETCH_LEDGER_FOR_HTTP_STATUS
discovery_extension/sleep_submission_evidence_v1/sources/literature_current_broad_domain_search.json	35594	911b95767154469f87b4b5604af324998ffc3f7d193d17c3cf77226e7b319eb0	2026-10-08	LOCAL_RETAINED_BYTES;SEE_FETCH_LEDGER_FOR_HTTP_STATUS
discovery_extension/sleep_submission_evidence_v1/sources/literature_dashti2021_napping_page.html	697755	a7a5828760fcea751c1a0ab3ab18204842b7ed7d7700ce679877ed942e2abc12	2026-10-08	LOCAL_RETAINED_BYTES;SEE_FETCH_LEDGER_FOR_HTTP_STATUS
discovery_extension/sleep_submission_evidence_v1/sources/literature_dashti2021_napping_rg.xlsx	64619	62df6f4303033f5a806e4f5a639812b7e336051345fffd6cc61d9c35c7af805d	2026-10-08	LOCAL_RETAINED_BYTES;SEE_FETCH_LEDGER_FOR_HTTP_STATUS
discovery_extension/sleep_submission_evidence_v1/sources/literature_garcia2021_fetch_response.html	2807	9c08153e5cc42da1c97c7120f04820d7f83f4150d15ec54b0df5a1cfacf5d028	2026-10-08	LOCAL_RETAINED_BYTES;SEE_FETCH_LEDGER_FOR_HTTP_STATUS
discovery_extension/sleep_submission_evidence_v1/sources/literature_gerd_biliary_primary_search.json	29368	e79b2f58159a1e889b15b40034e374591e811476140f22c366f0d633f47f15f2	2026-10-08	LOCAL_RETAINED_BYTES;SEE_FETCH_LEDGER_FOR_HTTP_STATUS
discovery_extension/sleep_submission_evidence_v1/sources/literature_morrison_fetch_error.json	151	806f1443a80b95f2182c4ae519e01f4b6914e533e054bb89de3a3e5dd72b5654	2026-10-08	LOCAL_RETAINED_BYTES;SEE_FETCH_LEDGER_FOR_HTTP_STATUS
discovery_extension/sleep_submission_evidence_v1/sources/literature_morrison_goodman_web_receipt.json	32653	6b00a7d595ac4a0ebfa11befbd8203a21b2531f0abe02386926ee8b78d564995	2026-10-08	LOCAL_RETAINED_BYTES;SEE_FETCH_LEDGER_FOR_HTTP_STATUS
discovery_extension/sleep_submission_evidence_v1/sources/literature_morrison_oup_receipt.json	404	11b5553695fe351a1eb8566d63675e0819da7af0eb7d0a93b5862329f005bf88	2026-10-08	LOCAL_RETAINED_BYTES;SEE_FETCH_LEDGER_FOR_HTTP_STATUS
discovery_extension/sleep_submission_evidence_v1/sources/literature_multiorgan_MOESM10.xlsx	82721	3bf2a465d8505b0833c2260680a734fe20ed36b6d2dfb5fe11a8fc0f2e693a6a	2026-10-08	LOCAL_RETAINED_BYTES;SEE_FETCH_LEDGER_FOR_HTTP_STATUS
discovery_extension/sleep_submission_evidence_v1/sources/literature_multiorgan_MOESM11.xlsx	20613	259e0b590f6c4c9341a7f40e552707d366327e4cf45690083867eb0eb3ed138a	2026-10-08	LOCAL_RETAINED_BYTES;SEE_FETCH_LEDGER_FOR_HTTP_STATUS
discovery_extension/sleep_submission_evidence_v1/sources/literature_multiorgan_MOESM12.xlsx	250735	84b832a3fba7235a712d528aa87ddd089fb68831fcf709245c0c405c2e654711	2026-10-08	LOCAL_RETAINED_BYTES;SEE_FETCH_LEDGER_FOR_HTTP_STATUS
discovery_extension/sleep_submission_evidence_v1/sources/literature_multiorgan_MOESM3.xlsx	11815	134bb87af34768b3245055ab4e31d514ecea200f24216192f2b9ed5648f846e0	2026-10-08	LOCAL_RETAINED_BYTES;SEE_FETCH_LEDGER_FOR_HTTP_STATUS
discovery_extension/sleep_submission_evidence_v1/sources/literature_multiorgan_MOESM5.xlsx	15986	5dbef46d2bc98fa7107eb9403f9aadf5dfdb8d0a7e32b8c2258ee7db5de58164	2026-10-08	LOCAL_RETAINED_BYTES;SEE_FETCH_LEDGER_FOR_HTTP_STATUS
discovery_extension/sleep_submission_evidence_v1/sources/literature_multiorgan_MOESM9.xlsx	1182724	7a6e01980f8a3cea75230498abe5d71632cf54bdc988496d83881cf68bd5e57a	2026-10-08	LOCAL_RETAINED_BYTES;SEE_FETCH_LEDGER_FOR_HTTP_STATUS
discovery_extension/sleep_submission_evidence_v1/sources/literature_multiorgan_SD11_extracted.tsv	587325	87f04c3cfc990f4622d680bc6525b4b864fe6c794f3474198494fb80780968aa	2026-10-08	LOCAL_RETAINED_BYTES;SEE_FETCH_LEDGER_FOR_HTTP_STATUS
discovery_extension/sleep_submission_evidence_v1/sources/literature_multiorgan_page.html	866635	dd7ae2f1e7a0b648b4085b4940c829965e0f57928d997f7ff002f053ee3d99d0	2026-10-08	LOCAL_RETAINED_BYTES;SEE_FETCH_LEDGER_FOR_HTTP_STATUS
discovery_extension/sleep_submission_evidence_v1/sources/literature_replicated_gap_search.json	32232	5c80f99bc26a40b6fefc1f9542bbc327b817a7993548d1aed0f6d4ecbb0fadf0	2026-10-08	LOCAL_RETAINED_BYTES;SEE_FETCH_LEDGER_FOR_HTTP_STATUS
discovery_extension/sleep_submission_evidence_v1/sources/literature_sleepchart_SF5_extracted.tsv	154317	fd2adc3e2356e3207f8c432082beed7748a71f750508a1cd353a1f5999e032e7	2026-10-08	LOCAL_RETAINED_BYTES;SEE_FETCH_LEDGER_FOR_HTTP_STATUS
discovery_extension/sleep_submission_evidence_v1/sources/literature_sleepchart_gc.html	896853	155b512aa42a7a2ad5f8d25697f83da8314da46b8ce891816a7fd0615cfa0435	2026-10-08	LOCAL_RETAINED_BYTES;SEE_FETCH_LEDGER_FOR_HTTP_STATUS
discovery_extension/sleep_submission_evidence_v1/sources/literature_sleepchart_page.html	676376	dbc134c3e94e67de95a030c1b59476e7d2c48fdc52cd3a2fffd674ce4114b97c	2026-10-08	LOCAL_RETAINED_BYTES;SEE_FETCH_LEDGER_FOR_HTTP_STATUS
discovery_extension/sleep_submission_evidence_v1/sources/literature_sleepchart_supplement.xlsx	663862	3488344573bf588d0ad748c83b5a86f5fbd487d711390b6a601661de56587dd7	2026-10-08	LOCAL_RETAINED_BYTES;SEE_FETCH_LEDGER_FOR_HTTP_STATUS
discovery_extension/sleep_submission_evidence_v1/sources/literature_source_study_download_receipt.json	548	66fbede004ec83b5cd04409df0b6048d774904b2516aab4c0fe04c4d53d87da7	2026-10-08	LOCAL_RETAINED_BYTES;SEE_FETCH_LEDGER_FOR_HTTP_STATUS
discovery_extension/sleep_submission_evidence_v1/sources/literature_strega_checklist_web_receipt.json	450	6a78c9589dbecfeb332040e4687d59ddb357542a0b9d3bcfe3249ec6c498836a	2026-10-08	LOCAL_RETAINED_BYTES;SEE_FETCH_LEDGER_FOR_HTTP_STATUS
discovery_extension/sleep_submission_evidence_v1/sources/literature_strega_primary.html	352661	7449d2dfcc7e0f053c4a01ba91cbfbd589d4ec89c58a23e87e57a8015fd56269	2026-10-08	LOCAL_RETAINED_BYTES;SEE_FETCH_LEDGER_FOR_HTTP_STATUS
discovery_extension/sleep_submission_evidence_v1/sources/literature_strega_primary.pdf	183419	3421ad491c86251971295db45a9c7c94e47925b9dc51119a495950793eb0bcec	2026-10-08	LOCAL_RETAINED_BYTES;SEE_FETCH_LEDGER_FOR_HTTP_STATUS
discovery_extension/sleep_submission_evidence_v1/sources/literature_strega_primary.txt	83925	5aa0fd2d55db13c58bfbdc4807378a0158de4a41642041f6081733a86df2782c	2026-10-08	LOCAL_RETAINED_BYTES;SEE_FETCH_LEDGER_FOR_HTTP_STATUS
discovery_extension/sleep_submission_evidence_v1/sources/literature_strega_web_receipt.json	37621	fab8e225add7339632a73f023b6e95d581dc291ccb72fc6962305020defbd334	2026-10-08	LOCAL_RETAINED_BYTES;SEE_FETCH_LEDGER_FOR_HTTP_STATUS
discovery_extension/sleep_submission_evidence_v1/sources/literature_strobe_combined.pdf	19826	63c2af4d91d04f5b211f4277a267a23da5d313fe927753c08f98139a8aab41b8	2026-10-08	LOCAL_RETAINED_BYTES;SEE_FETCH_LEDGER_FOR_HTTP_STATUS
discovery_extension/sleep_submission_evidence_v1/sources/literature_sun2022_gerd.pdf	15704529	b1e9e9fa3ab889d7f720a874fa062dc8385ca7f57064d6b20bd9fec525002779	2026-10-08	LOCAL_RETAINED_BYTES;SEE_FETCH_LEDGER_FOR_HTTP_STATUS
discovery_extension/sleep_submission_evidence_v1/sources/literature_sun2022_gerd.txt	80298	64a9c40818f9042be518df15deb00b200a8a2a678fa65147d13a7c24000176ec	2026-10-08	LOCAL_RETAINED_BYTES;SEE_FETCH_LEDGER_FOR_HTTP_STATUS
discovery_extension/sleep_submission_evidence_v1/sources/literature_sun2022_table2_extracted.tsv	566	656f9009adb0491a635129b1144e49ef2ba3fcbb03545286068c5c602f280993	2026-10-08	LOCAL_RETAINED_BYTES;SEE_FETCH_LEDGER_FOR_HTTP_STATUS
discovery_extension/sleep_submission_evidence_v1/sources/literature_wang2019_page.html	626826	89b33eeedeac56e6eddaf326197c0e9faf2809eea217579607bb349e8dcb76da	2026-10-08	LOCAL_RETAINED_BYTES;SEE_FETCH_LEDGER_FOR_HTTP_STATUS
discovery_extension/sleep_submission_evidence_v1/sources/literature_wang2019_rg.xlsx	31242	260e412c2dc1d3f7e3e06c34ac8117478061f1ff0544022489cac01e4af616b9	2026-10-08	LOCAL_RETAINED_BYTES;SEE_FETCH_LEDGER_FOR_HTTP_STATUS
