Region	Pair	lead_SNP	CHR	BP	lava_locus_id	lava_start	lava_stop	trait1	trait1_status	trait1_p	trait1_reason	trait2	trait2_status	trait2_p	trait2_reason	both_local_h2_tested	canonical_family_status
chr5:103481726-104481726	insomnia__mdd	rs40465	5	103981726	862	103788461	104850490	insomnia	TESTED	0.0302721		mdd	TESTED	9.82495e-08		True	FAILED_QC_NOT_PROMOTED
chr6:104869510-105869510	insomnia__mdd	rs4946651	6	105369510	1036	104951345	106053915	insomnia	TESTED	0.294339		mdd	NOT_RUN	NA	LOW_LOCAL_H2_UNDERPOWERED	False	FAILED_QC_NOT_PROMOTED
chr7:113559156-114559156	insomnia__mdd	rs2894699	7	114059156	1197	113339387	115321301	insomnia	TESTED	0.0372104		mdd	TESTED	0.000113538		True	FAILED_QC_NOT_PROMOTED
chr13:53365563-54365563	insomnia__mdd	rs9536383	13	53865563	1895	53336572	54684856	insomnia	TESTED	0.0103802		mdd	TESTED	0.0196573		True	FAILED_QC_NOT_PROMOTED
chr14:41646572-42646572	insomnia__mdd	rs2121708	14	42146572	1974	41614834	42562550	insomnia	TESTED	0.00215729		mdd	TESTED	4.91279e-05		True	FAILED_QC_NOT_PROMOTED
chr18:52604019-53604019	insomnia__mdd	rs4468713	18	53104019	2281	52512524	53762996	insomnia	TESTED	0.0138994		mdd	TESTED	2.81407e-15		True	FAILED_QC_NOT_PROMOTED
chr11:61081764-62081764	longsleep__bipolar	rs174560	11	61581764	1671	60515106	61717117	longsleep	TESTED	0.178116		bipolar	TESTED	7.56693e-05		True	FAILED_QC_NOT_PROMOTED
chr15:84700520-85700520	longsleep__bipolar	rs1051168	15	85200520	2084	84209761	85494083	longsleep	NOT_RUN	NA	LOW_LOCAL_H2_UNDERPOWERED	bipolar	TESTED	0.0012373		False	FAILED_QC_NOT_PROMOTED
chr17:1335482-2335482	longsleep__bipolar	rs4790841	17	1835482	2175	1480057	2699135	longsleep	TESTED	0.33962		bipolar	NOT_RUN	NA	LOW_LOCAL_H2_UNDERPOWERED	False	FAILED_QC_NOT_PROMOTED
chr2:135040546-136040546	longsleep__parkinson	rs7599054	2	135540546	327	135160198	137061003	longsleep	TESTED	0.255464		parkinson	TESTED	0.000237835		True	FAILED_QC_NOT_PROMOTED
chr17:44319565-45319565	longsleep__parkinson	rs199443	17	44819565	2207	43460501	44865832	longsleep	TESTED	8.08649e-07		parkinson	TESTED	1.02223e-18		True	FAILED_QC_NOT_PROMOTED
chr17:43049526-44049526	longsleep__parkinson	rs17631676	17	43549526	2207	43460501	44865832	longsleep	TESTED	8.08649e-07		parkinson	TESTED	1.02223e-18		True	FAILED_QC_NOT_PROMOTED
chr2:57487593-58487593	longsleep__scz	rs11682175	2	57987593	266	57952946	59251996	longsleep	NOT_RUN	NA	LOW_LOCAL_H2_UNDERPOWERED	scz	TESTED	2.03157e-12		False	FAILED_QC_NOT_PROMOTED
chr3:52219816-53219816	longsleep__scz	rs10933	3	52719816	466	51953969	54074844	longsleep	TESTED	0.0520642		scz	TESTED	2.10971e-10		True	FAILED_QC_NOT_PROMOTED
chr4:169728549-170728549	longsleep__scz	rs4692709	4	170228549	752	169555115	170682809	longsleep	TESTED	0.00477838		scz	TESTED	0.00224426		True	FAILED_QC_NOT_PROMOTED
chr7:104429267-105429267	longsleep__scz	rs6466056	7	104929267	1190	104109232	105312563	longsleep	NOT_RUN	NA	LOW_LOCAL_H2_UNDERPOWERED	scz	TESTED	1.28751e-06		False	FAILED_QC_NOT_PROMOTED
chr11:112877488-113877488	longsleep__scz	rs7111031	11	113377488	1719	112755447	113889019	longsleep	TESTED	0.0332704		scz	TESTED	2.59868e-18		True	FAILED_QC_NOT_PROMOTED
chr15:84700520-85700520	longsleep__scz	rs1051168	15	85200520	2084	84209761	85494083	longsleep	NOT_RUN	NA	LOW_LOCAL_H2_UNDERPOWERED	scz	TESTED	0.00090384		False	FAILED_QC_NOT_PROMOTED
chr17:43325576-45343136	longsleep__scz	rs62073157	17	44334052	2207	43460501	44865832	longsleep	TESTED	8.08649e-07		scz	TESTED	7.98e-07		True	FAILED_QC_NOT_PROMOTED
chr17:43325576-45343136	longsleep__scz	rs62054437	17	43825576	2207	43460501	44865832	longsleep	TESTED	8.08649e-07		scz	TESTED	7.98e-07		True	FAILED_QC_NOT_PROMOTED
chr17:43325576-45343136	longsleep__scz	rs199528	17	44843136	2207	43460501	44865832	longsleep	TESTED	8.08649e-07		scz	TESTED	7.98e-07		True	FAILED_QC_NOT_PROMOTED
