reference_id	analysis_layer	title	doi	pmid	url	role
ENCODE_CCRE_2026	regulatory	An expanded registry of candidate cis-regulatory elements	10.1038/s41586-025-09909-9	41501460	https://pubmed.ncbi.nlm.nih.gov/41501460/	ENCODE Registry V4 candidate cis-regulatory element reference
HOCOMOCO_2024	regulatory	HOCOMOCO in 2024: a rebuild of the curated collection of binding models for human and mouse transcription factors	10.1093/nar/gkad1077	37971293	https://pubmed.ncbi.nlm.nih.gov/37971293/	HOCOMOCO H14CORE motif-source reference
ABC_2021	regulatory	Genome-wide enhancer maps link risk variants to disease genes	10.1038/s41586-021-03446-x	33828297	https://pubmed.ncbi.nlm.nih.gov/33828297/	Activity-by-contact enhancer-gene linking reference
LDSC_CELL_2018	cell_type	Heritability enrichment of specifically expressed genes identifies disease-relevant tissues and cell types	10.1038/s41588-018-0081-4	29632380	https://pubmed.ncbi.nlm.nih.gov/29632380/	Cell-type-specific stratified LDSC reference
MAGMA_CELL_2019	cell_type	Genetic mapping of cell type specificity for complex traits	10.1038/s41467-019-11181-1	31324854	https://pubmed.ncbi.nlm.nih.gov/31324854/	MAGMA cell-type specificity reference
SCATAC_2020	cell_type	Single-cell epigenomic analyses implicate candidate causal variants at inherited risk loci for Alzheimer's and Parkinson's diseases	10.1038/s41588-020-00721-x	33106633	https://pubmed.ncbi.nlm.nih.gov/33106633/	scATAC locus enrichment reference
MAGMA_2015	pathway	MAGMA: generalized gene-set analysis of GWAS data	10.1371/journal.pcbi.1004219	25885710	https://pubmed.ncbi.nlm.nih.gov/25885710/	Competitive gene and gene-set testing reference
MSIGDB_2015	pathway	The Molecular Signatures Database hallmark gene set collection	10.1016/j.cels.2015.12.004	26771021	https://pubmed.ncbi.nlm.nih.gov/26771021/	MSigDB gene-set reference
MR_IVW_2013	causal	Mendelian randomization with multiple genetic variants using summarized data	10.1002/gepi.21758	24114802	https://pubmed.ncbi.nlm.nih.gov/24114802/	Inverse-variance weighted MR reference
MR_WEIGHTED_MEDIAN_2016	causal	Consistent estimation in Mendelian randomization with some invalid instruments using a weighted median estimator	10.1002/gepi.21965	27061298	https://pubmed.ncbi.nlm.nih.gov/27061298/	Weighted-median MR reference
MR_EGGER_2015	causal	Mendelian randomization with invalid instruments: effect estimation and bias detection through Egger regression	10.1093/ije/dyv080	26050253	https://pubmed.ncbi.nlm.nih.gov/26050253/	MR-Egger and intercept reference
MR_PRESSO_2018	causal	Detection of widespread horizontal pleiotropy in causal relationships inferred from Mendelian randomization between complex traits and diseases	10.1038/s41588-018-0099-7	29686387	https://pubmed.ncbi.nlm.nih.gov/29686387/	MR-PRESSO global and outlier reference
CAUSE_2020	causal	Mendelian randomization accounting for correlated and uncorrelated pleiotropic effects using genome-wide summary statistics	10.1038/s41588-020-0631-4	32451458	https://pubmed.ncbi.nlm.nih.gov/32451458/	CAUSE correlated-pleiotropy reference
STEIGER_2017	causal	Orienting the causal relationship between imprecisely measured traits using GWAS summary data	10.1371/journal.pgen.1007081	29149188	https://pubmed.ncbi.nlm.nih.gov/29149188/	Steiger directionality reference
