analysis_id	chromosome	n_snps	raw_max_abs_r	raw_above_one	raw_asymmetry	raw_diag_error	lambda	regularized_max_abs_r	regularized_cholesky	valid_for_v1_susie
placo_longsleep__scz_chr2_57487593_58487593__scz	2	2092	1.00337560728044	297	0	0	0.005	1	FAIL	NO
placo_insomnia__adhd_chr3_117142005_118142005__insomnia	3	2458	1.00301406234782	559	0	0	0.005	1	FAIL	NO
placo_insomnia__adhd_chr3_117142005_118142005__adhd	3	2241	1.00301406234782	511	0	0	0.005	1	FAIL	NO
placo_longsleep__scz_chr3_52219816_53219816__scz	3	1503	1.00647894848343	227	0	0	0.005	1.00144655374102	FAIL	NO
placo_insomnia__adhd_chr3_117142005_118142005__shared	3	2241	1.00301406234782	511	0	0	0.005	1	FAIL	NO
placo_longsleep__scz_chr4_169728549_170728549__scz	4	1734	1.00160953507095	503	0	0	0.005	1	FAIL	NO
placo_insomnia__adhd_chr5_103447968_104447968__insomnia	5	2455	1.0027021936703	852	0	0	0.005	1	FAIL	NO
placo_insomnia__adhd_chr5_103447968_104447968__adhd	5	2226	1.0027021936703	815	0	0	0.005	1	FAIL	NO
placo_insomnia__adhd_chr5_87185500_88185500__insomnia	5	1549	1.00402521552784	1563	0	0	0.005	1	FAIL	NO
placo_insomnia__adhd_chr5_87185500_88185500__adhd	5	1238	1.00230400773832	1315	0	0	0.005	1	FAIL	NO
placo_insomnia__mdd_chr5_103481726_104481726__insomnia	5	2359	1.0027021936703	800	0	0	0.005	1	FAIL	NO
placo_insomnia__adhd_chr5_103447968_104447968__shared	5	2226	1.0027021936703	815	0	0	0.005	1	FAIL	NO
placo_insomnia__adhd_chr5_87185500_88185500__shared	5	1238	1.00230400773832	1315	0	0	0.005	1	FAIL	NO
placo_insomnia__mdd_chr6_104869510_105869510__insomnia	6	1804	1.01955767798901	1091	0	0	0.005	1.01445988959906	FAIL	NO
placo_insomnia__adhd_chr7_113571035_114571035__insomnia	7	1257	1.00872437312857	260	0	0	0.005	1.00368075126293	FAIL	NO
placo_insomnia__mdd_chr7_113559156_114559156__insomnia	7	1257	1.00872437312857	260	0	0	0.005	1.00368075126293	FAIL	NO
placo_longsleep__scz_chr7_104429267_105429267__scz	7	1704	1.00302435402398	137	0	0	0.005	1	FAIL	NO
placo_insomnia__adhd_chr11_28076261_29076261__insomnia	11	1668	1.00102604942925	520	0	0	0.005	1	FAIL	NO
placo_insomnia__adhd_chr11_28076261_29076261__adhd	11	1493	1.00102604942925	504	0	0	0.005	1	FAIL	NO
placo_longsleep__bipolar_chr11_61081764_62081764__bipolar	11	1699	1.00364883581384	258	0	0	0.005	1	FAIL	NO
placo_longsleep__scz_chr11_112877488_113877488__scz	11	2168	1.0119631691154	1464	0	0	0.005	1.00690335326982	FAIL	NO
placo_insomnia__adhd_chr11_28076261_29076261__shared	11	1493	1.00102604942925	504	0	0	0.005	1	FAIL	NO
placo_insomnia__mdd_chr13_53365563_54365563__insomnia	13	2218	1.00793260554639	893	0	0	0.005	1.00289294251866	FAIL	NO
placo_insomnia__adhd_chr14_98137479_99137479__insomnia	14	3258	1.00822454551504	2367	0	0	0.005	1.00318342278746	FAIL	NO
placo_insomnia__adhd_chr14_98137479_99137479__adhd	14	2937	1.00822454551504	2205	0	0	0.005	1.00318342278746	FAIL	NO
placo_insomnia__mdd_chr14_41646572_42646572__insomnia	14	2365	1.00522556282257	2127	0	0	0.005	1.00019943500846	FAIL	NO
placo_insomnia__adhd_chr14_98137479_99137479__shared	14	2937	1.00822454551504	2205	0	0	0.005	1.00318342278746	FAIL	NO
placo_longsleep__bipolar_chr15_84700520_85700520__bipolar	15	1662	1.00264655745483	348	0	0	0.005	1	FAIL	NO
placo_longsleep__scz_chr15_84700520_85700520__scz	15	1774	1.00264655745483	375	0	0	0.005	1	FAIL	NO
placo_longsleep__bipolar_chr17_1335482_2335482__bipolar	17	2184	1.00328762330323	264	0	0	0.005	1	FAIL	NO
placo_longsleep__scz_chr17_43325576_45343136__scz	17	3592	1.00304980421211	13431	0	0	0.005	1	FAIL	NO
placo_insomnia__mdd_chr18_52604019_53604019__insomnia	18	1612	1.00221671864536	236	0	0	0.005	1	FAIL	NO
