pair_id	left_trait	right_trait	left_observed_status_or_reason	right_observed_status_or_reason	n_loci	bivariate_status
insomnia__adhd	insomnia	adhd	FEWER_THAN_MIN_K_SHARED_REFERENCE_VARIANTS	FEWER_THAN_MIN_K_SHARED_REFERENCE_VARIANTS	20	NOT_EXECUTED_FAMILY_GATE
insomnia__adhd	insomnia	adhd	LOW_LOCAL_H2_UNDERPOWERED	FEWER_THAN_MIN_K_SHARED_REFERENCE_VARIANTS	1	NOT_EXECUTED_FAMILY_GATE
insomnia__adhd	insomnia	adhd	LOW_LOCAL_H2_UNDERPOWERED	LOW_LOCAL_H2_UNDERPOWERED	65	NOT_EXECUTED_FAMILY_GATE
insomnia__adhd	insomnia	adhd	LOW_LOCAL_H2_UNDERPOWERED	TESTED	585	NOT_EXECUTED_FAMILY_GATE
insomnia__adhd	insomnia	adhd	TESTED	FEWER_THAN_MIN_K_SHARED_REFERENCE_VARIANTS	2	NOT_EXECUTED_FAMILY_GATE
insomnia__adhd	insomnia	adhd	TESTED	LOW_LOCAL_H2_UNDERPOWERED	135	NOT_EXECUTED_FAMILY_GATE
insomnia__adhd	insomnia	adhd	TESTED	TESTED	1687	NOT_EXECUTED_FAMILY_GATE
insomnia__mdd	insomnia	mdd	FEWER_THAN_MIN_K_SHARED_REFERENCE_VARIANTS	FEWER_THAN_MIN_K_SHARED_REFERENCE_VARIANTS	20	NOT_EXECUTED_FAMILY_GATE
insomnia__mdd	insomnia	mdd	LOW_LOCAL_H2_UNDERPOWERED	FEWER_THAN_MIN_K_SHARED_REFERENCE_VARIANTS	1	NOT_EXECUTED_FAMILY_GATE
insomnia__mdd	insomnia	mdd	LOW_LOCAL_H2_UNDERPOWERED	LOW_LOCAL_H2_UNDERPOWERED	167	NOT_EXECUTED_FAMILY_GATE
insomnia__mdd	insomnia	mdd	LOW_LOCAL_H2_UNDERPOWERED	TESTED	483	NOT_EXECUTED_FAMILY_GATE
insomnia__mdd	insomnia	mdd	TESTED	FEWER_THAN_MIN_K_SHARED_REFERENCE_VARIANTS	3	NOT_EXECUTED_FAMILY_GATE
insomnia__mdd	insomnia	mdd	TESTED	LOW_LOCAL_H2_UNDERPOWERED	398	NOT_EXECUTED_FAMILY_GATE
insomnia__mdd	insomnia	mdd	TESTED	TESTED	1423	NOT_EXECUTED_FAMILY_GATE
longsleep__scz	longsleep	scz	FEWER_THAN_MIN_K_SHARED_REFERENCE_VARIANTS	FEWER_THAN_MIN_K_SHARED_REFERENCE_VARIANTS	20	NOT_EXECUTED_FAMILY_GATE
longsleep__scz	longsleep	scz	LOW_LOCAL_H2_UNDERPOWERED	FEWER_THAN_MIN_K	1	NOT_EXECUTED_FAMILY_GATE
longsleep__scz	longsleep	scz	LOW_LOCAL_H2_UNDERPOWERED	FEWER_THAN_MIN_K_SHARED_REFERENCE_VARIANTS	1	NOT_EXECUTED_FAMILY_GATE
longsleep__scz	longsleep	scz	LOW_LOCAL_H2_UNDERPOWERED	LOW_LOCAL_H2_UNDERPOWERED	69	NOT_EXECUTED_FAMILY_GATE
longsleep__scz	longsleep	scz	LOW_LOCAL_H2_UNDERPOWERED	TESTED	1200	NOT_EXECUTED_FAMILY_GATE
longsleep__scz	longsleep	scz	TESTED	FEWER_THAN_MIN_K_SHARED_REFERENCE_VARIANTS	1	NOT_EXECUTED_FAMILY_GATE
longsleep__scz	longsleep	scz	TESTED	LOW_LOCAL_H2_UNDERPOWERED	50	NOT_EXECUTED_FAMILY_GATE
longsleep__scz	longsleep	scz	TESTED	TESTED	1153	NOT_EXECUTED_FAMILY_GATE
longsleep__bipolar	longsleep	bipolar	FEWER_THAN_MIN_K_SHARED_REFERENCE_VARIANTS	FEWER_THAN_MIN_K_SHARED_REFERENCE_VARIANTS	20	NOT_EXECUTED_FAMILY_GATE
longsleep__bipolar	longsleep	bipolar	LOW_LOCAL_H2_UNDERPOWERED	FEWER_THAN_MIN_K	1	NOT_EXECUTED_FAMILY_GATE
longsleep__bipolar	longsleep	bipolar	LOW_LOCAL_H2_UNDERPOWERED	FEWER_THAN_MIN_K_SHARED_REFERENCE_VARIANTS	1	NOT_EXECUTED_FAMILY_GATE
longsleep__bipolar	longsleep	bipolar	LOW_LOCAL_H2_UNDERPOWERED	LOW_LOCAL_H2_UNDERPOWERED	77	NOT_EXECUTED_FAMILY_GATE
longsleep__bipolar	longsleep	bipolar	LOW_LOCAL_H2_UNDERPOWERED	TESTED	1192	NOT_EXECUTED_FAMILY_GATE
longsleep__bipolar	longsleep	bipolar	TESTED	FEWER_THAN_MIN_K_SHARED_REFERENCE_VARIANTS	1	NOT_EXECUTED_FAMILY_GATE
longsleep__bipolar	longsleep	bipolar	TESTED	LOW_LOCAL_H2_UNDERPOWERED	68	NOT_EXECUTED_FAMILY_GATE
longsleep__bipolar	longsleep	bipolar	TESTED	TESTED	1135	NOT_EXECUTED_FAMILY_GATE
longsleep__parkinson	longsleep	parkinson	FEWER_THAN_MIN_K_SHARED_REFERENCE_VARIANTS	FEWER_THAN_MIN_K_SHARED_REFERENCE_VARIANTS	20	NOT_EXECUTED_FAMILY_GATE
longsleep__parkinson	longsleep	parkinson	LOW_LOCAL_H2_UNDERPOWERED	FEWER_THAN_MIN_K_SHARED_REFERENCE_VARIANTS	2	NOT_EXECUTED_FAMILY_GATE
longsleep__parkinson	longsleep	parkinson	LOW_LOCAL_H2_UNDERPOWERED	LOW_LOCAL_H2_UNDERPOWERED	323	NOT_EXECUTED_FAMILY_GATE
longsleep__parkinson	longsleep	parkinson	LOW_LOCAL_H2_UNDERPOWERED	TESTED	946	NOT_EXECUTED_FAMILY_GATE
longsleep__parkinson	longsleep	parkinson	TESTED	FEWER_THAN_MIN_K_SHARED_REFERENCE_VARIANTS	1	NOT_EXECUTED_FAMILY_GATE
longsleep__parkinson	longsleep	parkinson	TESTED	LOW_LOCAL_H2_UNDERPOWERED	290	NOT_EXECUTED_FAMILY_GATE
longsleep__parkinson	longsleep	parkinson	TESTED	TESTED	913	NOT_EXECUTED_FAMILY_GATE
