trait_id	role	category	evidence	next_action_for_human
t2d	disease	QC_EXCLUDED	PHASE 1 BLOCKER: Scott 2017 (GCST004773) curates fine at Phase 0 -- GRCh37 verified, 12,056,347 variants -- but has NO rsID column. Its marker is a bare coordinate ('chr:position'), so it cannot be merged against the HapMap3 snplist that LDSC munge requires. Same class as the leptin blocker inverted	none - correctly excluded
whr	disease	UNAVAILABLE	BLOCKER: Pulit 2019 WHR lists full p-value sets at GCST008994/008997/008999 (all EUR) but NO downloadable file exists in any of those three FTP directories. All three checked. Route is the GIANT consortium site, not the GWAS Catalog.	locate an authoritative accessible release
psoriasis	disease	QC_EXCLUDED	EVICTED after verification: url+sha256+bytes recorded, exactly reproducible. Build verified GRCh37 from file (9/9 anchors). 9,010,556 variants - genome-wide. REPLACED the array-scale Tsoi 2012 file rejected earlier. Ancestry: European:44161. REJECTED FOR USE: downloaded and build-verified GRCh37 (5/	none - correctly excluded
educational_attainment	disease	UNAVAILABLE	REJECTED: the GWAS Catalog flags GCST003676 as a full p-value set, but the file Okbay_27225129-EduYears_Discovery is only 5,001 rows - genome-wide-significant hits, not full summary statistics. The fullPvalueSet flag is NOT reliable; check the row count. Ancestry per GWAS Catalog: European:405072.	locate an authoritative accessible release
obesity	disease	UNAVAILABLE	DEFERRED: GCST90081522 is buildGRCh38 by filename AND only 12 MB, so it fails both the build standard and very likely the genome-wide variant threshold. Not downloaded. Ancestry: European:246639. 	locate an authoritative accessible release
vte	disease	UNAVAILABLE	BLOCKER: downloaded and build-checked - the file is GRCh38 (9/9 anchors matched hg38). Project standard is GRCh37 and rule 4 forbids silent liftover. Needs a GRCh37 VTE source or an explicit liftover decision. Ancestry: European:915868. 	locate an authoritative accessible release
hypertension	disease	UNAVAILABLE	NOT CURATED: build is not GRCh37. Ancestry: European:810865. 	locate an authoritative accessible release
t1d	disease	UNAVAILABLE	EVICTED after verification: url+sha256+bytes recorded, exactly reproducible. NOT CURATED: build is not GRCh37. EUR-only stratum. 20,355 European ancestry cases, 797,363 European ancestry controls. 	locate an authoritative accessible release
hypothyroidism	disease	UNAVAILABLE	EVICTED after verification: url+sha256+bytes recorded, exactly reproducible. NOT CURATED: build is not GRCh37. EUR-only stratum. 221,596 European ancestry cases, 1,564,466 European ancestry controls. 	locate an authoritative accessible release
epilepsy	disease	PHASE1_BLOCKED	PHASE1_BLOCKED: standard_error is NA for 4,138,597 of 4,875,474 variants (85%). Harmonization legitimately drops every row (SE missing or <=0 is a required filter), leaving 0 SNPs and munge then fails on non-numeric P/N. This is a source data-quality problem, not a pipeline bug: beta and p are prese	obtain rsID-carrying or SE-carrying release
copd	disease	UNAVAILABLE	EVICTED after verification: url+sha256+bytes recorded, exactly reproducible. NOT CURATED: build is not GRCh37. EUR-only stratum. 58,559 European ancestry cases, 937,358 European ancestry controls. SHARED COHORT: same publication/cohort as gout - these are distinct phenotypes but NOT independent samp	locate an authoritative accessible release
gout	disease	UNAVAILABLE	EVICTED after verification: url+sha256+bytes recorded, exactly reproducible. NOT CURATED: build is not GRCh37. EUR-only stratum. 24,278 European ancestry cases, 1,027,375 European ancestry controls. SHARED COHORT: same publication/cohort as copd - these are distinct phenotypes but NOT independent sa	locate an authoritative accessible release
endometriosis	disease	PHASE1_BLOCKED	PHASE1_BLOCKED: coordinate-only release. Header is chromosome/base_pair_location/effect_allele/other_allele/beta/standard_error/p_value with NO rsID column, so it cannot merge against the HapMap3 snplist LDSC munge requires. Identical class to the t2d Scott 2017 blocker. Phase 0 curation stands; Pha	obtain rsID-carrying or SE-carrying release
diverticular	disease	UNAVAILABLE	NOT CURATED: build is not GRCh37. EUR-only stratum. 31,964 European ancestry cases, 419,135 European ancestry controls. 	locate an authoritative accessible release
egfr	disease	UNAVAILABLE	NOT CURATED: build is not GRCh37. EUR-only stratum. up to 5,574 European ancestry women, up to 4,387 European ancestry men. 	locate an authoritative accessible release
platelet_count	disease	QC_EXCLUDED	EVICTED after verification: url+sha256+bytes recorded, exactly reproducible. NOT CURATED: only -1 variants -- not genome-wide. EUR-only stratum. 600,968 European ancestry individuals. 	none - correctly excluded
hemoglobin	disease	QC_EXCLUDED	EVICTED after verification: url+sha256+bytes recorded, exactly reproducible. NOT CURATED: only -1 variants -- not genome-wide. EUR-only stratum. 563,946 European ancestry individuals. SHARED COHORT (5 traits from PMID 32888493): wbc_count, rbc_count, neutrophil_count, monocyte_count - distinct pheno	none - correctly excluded
fev1	disease	UNAVAILABLE	NOT CURATED: build is not GRCh37. EUR-only stratum. 321,047 European ancestry individuals. 	locate an authoritative accessible release
testosterone	disease	UNAVAILABLE	NOT CURATED: build is not GRCh37. EUR-only stratum. 464,044 European ancestry individuals. 	locate an authoritative accessible release
birth_weight	disease	UNAVAILABLE	NOT CURATED: build is not GRCh37. EUR-only stratum. 133,903 European ancestry individuals. 	locate an authoritative accessible release
sarcoidosis	disease	UNAVAILABLE	NOT CURATED: build is not GRCh37. EUR-only stratum. 7,554 European ancestry cases, 1,367,006 European ancestry controls. 	locate an authoritative accessible release
chronic_pain	disease	UNAVAILABLE	EVICTED after verification: url+sha256+bytes recorded, exactly reproducible. NOT CURATED: build is not GRCh37. EUR-only stratum. 128,985 European ancestry cases, 563,054 European ancestry controls. 	locate an authoritative accessible release
apob	disease	UNAVAILABLE	NOT CURATED: build is not GRCh37. DOWNLOAD FAILED. EUR-only stratum. 599,249 European ancestry individuals. SHARED COHORT (2 traits from PMID 42162431) - NOT independent samples. 	locate an authoritative accessible release
insomnia	core_sleep	UNAVAILABLE	BLOCKER (core sleep anchor). Evidence: (1) both CTG Lab URLs for the Jansen 2019 UKB-only release 301-redirect to https://cncr.nl/ctg/ returning text/html 134,737 bytes - a landing page, not a GWAS file; (2) GWAS Catalog holds 7 Jansen 2019 studies and 3 Watanabe 2022 studies, NONE with a full p-val	locate an authoritative accessible release
