analysis_family	analysis_class	pair_id	sleep_trait	outcome_trait	rg	se	z	p_value	q_value	q_family	family_denominator	direction	cohort_overlap_status	exact_participant_overlap	replication_status	interpretation_status	claim_limit	source_table
frozen_atlas_sleep_x_FI	PRIMARY_FROZEN_ATLAS_REUSE	insomnia__frailty	insomnia	frailty	0.6405	0.0235	27.21	4.322e-163	1.711512e-160	frozen atlas all-396 BH	396	POSITIVE	COHORT_OVERLAP_EXPECTED	UNKNOWN	NO_INDEPENDENT_PAIRWISE_REPLICATION_ESTABLISHED	PRIMARY	Frozen FI atlas reuse; global rg only; not independent replication or causality	frailty_paper/analysis/frozen_atlas_frailty_global_rg.tsv
frozen_atlas_sleep_x_FI	PRIMARY_FROZEN_ATLAS_REUSE	sleepdur__frailty	sleepdur	frailty	-0.222	0.0275	-8.074	6.817e-16	7.712948571428572e-15	frozen atlas all-396 BH	396	NEGATIVE	COHORT_OVERLAP_EXPECTED	UNKNOWN	NO_INDEPENDENT_PAIRWISE_REPLICATION_ESTABLISHED	PRIMARY	Frozen FI atlas reuse; global rg only; not independent replication or causality	frailty_paper/analysis/frozen_atlas_frailty_global_rg.tsv
frozen_atlas_sleep_x_FI	PRIMARY_FROZEN_ATLAS_REUSE	shortsleep__frailty	shortsleep	frailty	0.4543	0.0272	16.68	1.979e-62	1.567368e-60	frozen atlas all-396 BH	396	POSITIVE	COHORT_OVERLAP_EXPECTED	UNKNOWN	NO_INDEPENDENT_PAIRWISE_REPLICATION_ESTABLISHED	PRIMARY	Frozen FI atlas reuse; global rg only; not independent replication or causality	frailty_paper/analysis/frozen_atlas_frailty_global_rg.tsv
frozen_atlas_sleep_x_FI	PRIMARY_FROZEN_ATLAS_REUSE	longsleep__frailty	longsleep	frailty	0.2925	0.0375	7.798	6.283e-15	6.379661538461538e-14	frozen atlas all-396 BH	396	POSITIVE	COHORT_OVERLAP_EXPECTED	UNKNOWN	NO_INDEPENDENT_PAIRWISE_REPLICATION_ESTABLISHED	PRIMARY	Frozen FI atlas reuse; global rg only; not independent replication or causality	frailty_paper/analysis/frozen_atlas_frailty_global_rg.tsv
frozen_atlas_sleep_x_FI	PRIMARY_FROZEN_ATLAS_REUSE	chronotype__frailty	chronotype	frailty	-0.0378	0.0253	-1.492	0.1357	0.2431547511312217	frozen atlas all-396 BH	396	NEGATIVE	COHORT_OVERLAP_EXPECTED	UNKNOWN	NO_INDEPENDENT_PAIRWISE_REPLICATION_ESTABLISHED	PRIMARY	Frozen FI atlas reuse; global rg only; not independent replication or causality	frailty_paper/analysis/frozen_atlas_frailty_global_rg.tsv
frozen_atlas_sleep_x_FI	PRIMARY_FROZEN_ATLAS_REUSE	sleepiness__frailty	sleepiness	frailty	0.2779	0.0269	10.33	5.3480000000000005e-25	1.32363e-23	frozen atlas all-396 BH	396	POSITIVE	COHORT_OVERLAP_EXPECTED	UNKNOWN	NO_INDEPENDENT_PAIRWISE_REPLICATION_ESTABLISHED	PRIMARY	Frozen FI atlas reuse; global rg only; not independent replication or causality	frailty_paper/analysis/frozen_atlas_frailty_global_rg.tsv
frozen_atlas_sleep_x_FI	PRIMARY_FROZEN_ATLAS_REUSE	napping__frailty	napping	frailty	0.2506	0.0228	10.99	4.166e-28	1.37478e-26	frozen atlas all-396 BH	396	POSITIVE	COHORT_OVERLAP_EXPECTED	UNKNOWN	NO_INDEPENDENT_PAIRWISE_REPLICATION_ESTABLISHED	PRIMARY	Frozen FI atlas reuse; global rg only; not independent replication or causality	frailty_paper/analysis/frozen_atlas_frailty_global_rg.tsv
frozen_atlas_sleep_x_FI	PRIMARY_FROZEN_ATLAS_REUSE	snoring__frailty	snoring	frailty	0.2516	0.0256	9.812	9.984e-23	1.718984347826087e-21	frozen atlas all-396 BH	396	POSITIVE	COHORT_OVERLAP_EXPECTED	UNKNOWN	NO_INDEPENDENT_PAIRWISE_REPLICATION_ESTABLISHED	PRIMARY	Frozen FI atlas reuse; global rg only; not independent replication or causality	frailty_paper/analysis/frozen_atlas_frailty_global_rg.tsv
frozen_atlas_sleep_x_FI	PRIMARY_FROZEN_ATLAS_REUSE	sleep_apnea__frailty	sleep_apnea	frailty	0.4687	0.0321	14.58	3.516e-48	2.3205599999999996e-46	frozen atlas all-396 BH	396	POSITIVE	NO_COMMON_COHORT_IDENTIFIED	UNKNOWN	NO_INDEPENDENT_PAIRWISE_REPLICATION_ESTABLISHED	PRIMARY	Frozen FI atlas reuse; global rg only; not independent replication or causality	frailty_paper/analysis/frozen_atlas_frailty_global_rg.tsv
frozen_atlas_sleep_x_FI	PRIMARY_FROZEN_ATLAS_REUSE	sleep_efficiency__frailty	sleep_efficiency	frailty	-0.152	0.0365	-4.166	3.098e-05	0.00012027529411764705	frozen atlas all-396 BH	396	NEGATIVE	COHORT_OVERLAP_EXPECTED	UNKNOWN	NO_INDEPENDENT_PAIRWISE_REPLICATION_ESTABLISHED	PRIMARY	Frozen FI atlas reuse; global rg only; not independent replication or causality	frailty_paper/analysis/frozen_atlas_frailty_global_rg.tsv
frozen_atlas_sleep_x_FI	PRIMARY_FROZEN_ATLAS_REUSE	accel_sleep_duration__frailty	accel_sleep_duration	frailty	-0.0479	0.032	-1.496	0.1345	0.2421	frozen atlas all-396 BH	396	NEGATIVE	COHORT_OVERLAP_EXPECTED	UNKNOWN	NO_INDEPENDENT_PAIRWISE_REPLICATION_ESTABLISHED	PRIMARY	Frozen FI atlas reuse; global rg only; not independent replication or causality	frailty_paper/analysis/frozen_atlas_frailty_global_rg.tsv
frozen_atlas_sleep_x_FI	PRIMARY_FROZEN_ATLAS_REUSE	sleep_timing__frailty	sleep_timing	frailty	0.0668	0.0411	1.626	0.1039	0.19686315789473685	frozen atlas all-396 BH	396	POSITIVE	COHORT_OVERLAP_EXPECTED	UNKNOWN	NO_INDEPENDENT_PAIRWISE_REPLICATION_ESTABLISHED	PRIMARY	Frozen FI atlas reuse; global rg only; not independent replication or causality	frailty_paper/analysis/frozen_atlas_frailty_global_rg.tsv
secondary_sleep_x_latent_frailty	SENSITIVITY_ONLY	insomnia__frailty_general	insomnia	frailty_general	0.6658	0.0256	26.03	2.061e-149	1.731e-147	fixed secondary 84-pair BH	84	POSITIVE	EXPECTED_OR_POSSIBLE; exact overlap UNKNOWN	UNKNOWN	NO_INDEPENDENT_PAIRWISE_REPLICATION_ESTABLISHED	SENSITIVITY_ONLY	global genetic correlation; not independent replication or causality	frailty_paper/results/frailty_v1/rg_sleep_latent_factors.tsv
secondary_sleep_x_latent_frailty	SENSITIVITY_ONLY	shortsleep__frailty_general	shortsleep	frailty_general	0.5278	0.0319	16.56	1.373e-61	5.764e-60	fixed secondary 84-pair BH	84	POSITIVE	EXPECTED_OR_POSSIBLE; exact overlap UNKNOWN	UNKNOWN	NO_INDEPENDENT_PAIRWISE_REPLICATION_ESTABLISHED	SENSITIVITY_ONLY	global genetic correlation; not independent replication or causality	frailty_paper/results/frailty_v1/rg_sleep_latent_factors.tsv
secondary_sleep_x_latent_frailty	SENSITIVITY_ONLY	sleepiness__frailty_general	sleepiness	frailty_general	0.3442	0.0289	11.89	1.306e-32	3.656e-31	fixed secondary 84-pair BH	84	POSITIVE	EXPECTED_OR_POSSIBLE; exact overlap UNKNOWN	UNKNOWN	NO_INDEPENDENT_PAIRWISE_REPLICATION_ESTABLISHED	SENSITIVITY_ONLY	global genetic correlation; not independent replication or causality	frailty_paper/results/frailty_v1/rg_sleep_latent_factors.tsv
secondary_sleep_x_latent_frailty	SENSITIVITY_ONLY	sleep_apnea__frailty_general	sleep_apnea	frailty_general	0.4272	0.0375	11.4	4.059e-30	8.525e-29	fixed secondary 84-pair BH	84	POSITIVE	EXPECTED_OR_POSSIBLE; exact overlap UNKNOWN	UNKNOWN	NO_INDEPENDENT_PAIRWISE_REPLICATION_ESTABLISHED	SENSITIVITY_ONLY	global genetic correlation; not independent replication or causality	frailty_paper/results/frailty_v1/rg_sleep_latent_factors.tsv
secondary_sleep_x_latent_frailty	SENSITIVITY_ONLY	longsleep__frailty_factor_5	longsleep	frailty_factor_5	0.3688	0.0339	10.87	1.601e-27	2.69e-26	fixed secondary 84-pair BH	84	POSITIVE	EXPECTED_OR_POSSIBLE; exact overlap UNKNOWN	UNKNOWN	NO_INDEPENDENT_PAIRWISE_REPLICATION_ESTABLISHED	SENSITIVITY_ONLY	global genetic correlation; not independent replication or causality	frailty_paper/results/frailty_v1/rg_sleep_latent_factors.tsv
secondary_sleep_x_latent_frailty	SENSITIVITY_ONLY	napping__frailty_general	napping	frailty_general	0.2726	0.0253	10.78	4.48e-27	6.272e-26	fixed secondary 84-pair BH	84	POSITIVE	EXPECTED_OR_POSSIBLE; exact overlap UNKNOWN	UNKNOWN	NO_INDEPENDENT_PAIRWISE_REPLICATION_ESTABLISHED	SENSITIVITY_ONLY	global genetic correlation; not independent replication or causality	frailty_paper/results/frailty_v1/rg_sleep_latent_factors.tsv
secondary_sleep_x_latent_frailty	SENSITIVITY_ONLY	sleep_apnea__frailty_factor_4	sleep_apnea	frailty_factor_4	0.4276	0.0419	10.21	1.825e-24	2.19e-23	fixed secondary 84-pair BH	84	POSITIVE	EXPECTED_OR_POSSIBLE; exact overlap UNKNOWN	UNKNOWN	NO_INDEPENDENT_PAIRWISE_REPLICATION_ESTABLISHED	SENSITIVITY_ONLY	global genetic correlation; not independent replication or causality	frailty_paper/results/frailty_v1/rg_sleep_latent_factors.tsv
secondary_sleep_x_latent_frailty	SENSITIVITY_ONLY	snoring__frailty_factor_4	snoring	frailty_factor_4	0.324	0.0349	9.274	1.787e-20	1.876e-19	fixed secondary 84-pair BH	84	POSITIVE	EXPECTED_OR_POSSIBLE; exact overlap UNKNOWN	UNKNOWN	NO_INDEPENDENT_PAIRWISE_REPLICATION_ESTABLISHED	SENSITIVITY_ONLY	global genetic correlation; not independent replication or causality	frailty_paper/results/frailty_v1/rg_sleep_latent_factors.tsv
secondary_sleep_x_latent_frailty	SENSITIVITY_ONLY	sleep_apnea__frailty_factor_3	sleep_apnea	frailty_factor_3	0.2333	0.0255	9.146	5.896e-20	5.503e-19	fixed secondary 84-pair BH	84	POSITIVE	EXPECTED_OR_POSSIBLE; exact overlap UNKNOWN	UNKNOWN	NO_INDEPENDENT_PAIRWISE_REPLICATION_ESTABLISHED	SENSITIVITY_ONLY	global genetic correlation; not independent replication or causality	frailty_paper/results/frailty_v1/rg_sleep_latent_factors.tsv
secondary_sleep_x_latent_frailty	SENSITIVITY_ONLY	sleepdur__frailty_general	sleepdur	frailty_general	-0.2587	0.0284	-9.114	7.923e-20	6.655e-19	fixed secondary 84-pair BH	84	NEGATIVE	EXPECTED_OR_POSSIBLE; exact overlap UNKNOWN	UNKNOWN	NO_INDEPENDENT_PAIRWISE_REPLICATION_ESTABLISHED	SENSITIVITY_ONLY	global genetic correlation; not independent replication or causality	frailty_paper/results/frailty_v1/rg_sleep_latent_factors.tsv
secondary_sleep_x_latent_frailty	SENSITIVITY_ONLY	sleep_apnea__frailty_factor_6	sleep_apnea	frailty_factor_6	0.3301	0.0371	8.908	5.183e-19	3.958e-18	fixed secondary 84-pair BH	84	POSITIVE	EXPECTED_OR_POSSIBLE; exact overlap UNKNOWN	UNKNOWN	NO_INDEPENDENT_PAIRWISE_REPLICATION_ESTABLISHED	SENSITIVITY_ONLY	global genetic correlation; not independent replication or causality	frailty_paper/results/frailty_v1/rg_sleep_latent_factors.tsv
secondary_sleep_x_latent_frailty	SENSITIVITY_ONLY	longsleep__frailty_general	longsleep	frailty_general	0.3189	0.0417	7.645	2.087e-14	1.461e-13	fixed secondary 84-pair BH	84	POSITIVE	EXPECTED_OR_POSSIBLE; exact overlap UNKNOWN	UNKNOWN	NO_INDEPENDENT_PAIRWISE_REPLICATION_ESTABLISHED	SENSITIVITY_ONLY	global genetic correlation; not independent replication or causality	frailty_paper/results/frailty_v1/rg_sleep_latent_factors.tsv
secondary_sleep_x_latent_frailty	SENSITIVITY_ONLY	snoring__frailty_general	snoring	frailty_general	0.209	0.0298	7.012	2.349e-12	1.518e-11	fixed secondary 84-pair BH	84	POSITIVE	EXPECTED_OR_POSSIBLE; exact overlap UNKNOWN	UNKNOWN	NO_INDEPENDENT_PAIRWISE_REPLICATION_ESTABLISHED	SENSITIVITY_ONLY	global genetic correlation; not independent replication or causality	frailty_paper/results/frailty_v1/rg_sleep_latent_factors.tsv
secondary_sleep_x_latent_frailty	SENSITIVITY_ONLY	snoring__frailty_factor_3	snoring	frailty_factor_3	0.1723	0.0247	6.969	3.186e-12	1.911e-11	fixed secondary 84-pair BH	84	POSITIVE	EXPECTED_OR_POSSIBLE; exact overlap UNKNOWN	UNKNOWN	NO_INDEPENDENT_PAIRWISE_REPLICATION_ESTABLISHED	SENSITIVITY_ONLY	global genetic correlation; not independent replication or causality	frailty_paper/results/frailty_v1/rg_sleep_latent_factors.tsv
secondary_sleep_x_latent_frailty	SENSITIVITY_ONLY	longsleep__frailty_factor_2	longsleep	frailty_factor_2	0.2833	0.0445	6.367	1.933e-10	1.083e-09	fixed secondary 84-pair BH	84	POSITIVE	EXPECTED_OR_POSSIBLE; exact overlap UNKNOWN	UNKNOWN	NO_INDEPENDENT_PAIRWISE_REPLICATION_ESTABLISHED	SENSITIVITY_ONLY	global genetic correlation; not independent replication or causality	frailty_paper/results/frailty_v1/rg_sleep_latent_factors.tsv
secondary_sleep_x_latent_frailty	SENSITIVITY_ONLY	snoring__frailty_factor_2	snoring	frailty_factor_2	0.1895	0.0311	6.091	1.124e-09	5.903e-09	fixed secondary 84-pair BH	84	POSITIVE	EXPECTED_OR_POSSIBLE; exact overlap UNKNOWN	UNKNOWN	NO_INDEPENDENT_PAIRWISE_REPLICATION_ESTABLISHED	SENSITIVITY_ONLY	global genetic correlation; not independent replication or causality	frailty_paper/results/frailty_v1/rg_sleep_latent_factors.tsv
secondary_sleep_x_latent_frailty	SENSITIVITY_ONLY	shortsleep__frailty_factor_6	shortsleep	frailty_factor_6	0.2091	0.0344	6.075	1.238e-09	6.119e-09	fixed secondary 84-pair BH	84	POSITIVE	EXPECTED_OR_POSSIBLE; exact overlap UNKNOWN	UNKNOWN	NO_INDEPENDENT_PAIRWISE_REPLICATION_ESTABLISHED	SENSITIVITY_ONLY	global genetic correlation; not independent replication or causality	frailty_paper/results/frailty_v1/rg_sleep_latent_factors.tsv
secondary_sleep_x_latent_frailty	SENSITIVITY_ONLY	sleepdur__frailty_factor_6	sleepdur	frailty_factor_6	-0.1837	0.0316	-5.811	6.199e-09	2.893e-08	fixed secondary 84-pair BH	84	NEGATIVE	EXPECTED_OR_POSSIBLE; exact overlap UNKNOWN	UNKNOWN	NO_INDEPENDENT_PAIRWISE_REPLICATION_ESTABLISHED	SENSITIVITY_ONLY	global genetic correlation; not independent replication or causality	frailty_paper/results/frailty_v1/rg_sleep_latent_factors.tsv
secondary_sleep_x_latent_frailty	SENSITIVITY_ONLY	insomnia__frailty_factor_6	insomnia	frailty_factor_6	0.2101	0.0364	5.773	7.805e-09	3.451e-08	fixed secondary 84-pair BH	84	POSITIVE	EXPECTED_OR_POSSIBLE; exact overlap UNKNOWN	UNKNOWN	NO_INDEPENDENT_PAIRWISE_REPLICATION_ESTABLISHED	SENSITIVITY_ONLY	global genetic correlation; not independent replication or causality	frailty_paper/results/frailty_v1/rg_sleep_latent_factors.tsv
secondary_sleep_x_latent_frailty	SENSITIVITY_ONLY	snoring__frailty_factor_5	snoring	frailty_factor_5	0.1275	0.0234	5.441	5.308e-08	2.229e-07	fixed secondary 84-pair BH	84	POSITIVE	EXPECTED_OR_POSSIBLE; exact overlap UNKNOWN	UNKNOWN	NO_INDEPENDENT_PAIRWISE_REPLICATION_ESTABLISHED	SENSITIVITY_ONLY	global genetic correlation; not independent replication or causality	frailty_paper/results/frailty_v1/rg_sleep_latent_factors.tsv
secondary_sleep_x_latent_frailty	SENSITIVITY_ONLY	napping__frailty_factor_2	napping	frailty_factor_2	0.1484	0.0275	5.401	6.627e-08	2.651e-07	fixed secondary 84-pair BH	84	POSITIVE	EXPECTED_OR_POSSIBLE; exact overlap UNKNOWN	UNKNOWN	NO_INDEPENDENT_PAIRWISE_REPLICATION_ESTABLISHED	SENSITIVITY_ONLY	global genetic correlation; not independent replication or causality	frailty_paper/results/frailty_v1/rg_sleep_latent_factors.tsv
secondary_sleep_x_latent_frailty	SENSITIVITY_ONLY	shortsleep__frailty_factor_2	shortsleep	frailty_factor_2	0.1841	0.0345	5.336	9.484e-08	3.621e-07	fixed secondary 84-pair BH	84	POSITIVE	EXPECTED_OR_POSSIBLE; exact overlap UNKNOWN	UNKNOWN	NO_INDEPENDENT_PAIRWISE_REPLICATION_ESTABLISHED	SENSITIVITY_ONLY	global genetic correlation; not independent replication or causality	frailty_paper/results/frailty_v1/rg_sleep_latent_factors.tsv
secondary_sleep_x_latent_frailty	SENSITIVITY_ONLY	snoring__frailty_factor_6	snoring	frailty_factor_6	0.1756	0.0331	5.3	1.16e-07	4.238e-07	fixed secondary 84-pair BH	84	POSITIVE	EXPECTED_OR_POSSIBLE; exact overlap UNKNOWN	UNKNOWN	NO_INDEPENDENT_PAIRWISE_REPLICATION_ESTABLISHED	SENSITIVITY_ONLY	global genetic correlation; not independent replication or causality	frailty_paper/results/frailty_v1/rg_sleep_latent_factors.tsv
secondary_sleep_x_latent_frailty	SENSITIVITY_ONLY	sleep_apnea__frailty_factor_2	sleep_apnea	frailty_factor_2	0.1966	0.0404	4.866	1.14e-06	3.989e-06	fixed secondary 84-pair BH	84	POSITIVE	EXPECTED_OR_POSSIBLE; exact overlap UNKNOWN	UNKNOWN	NO_INDEPENDENT_PAIRWISE_REPLICATION_ESTABLISHED	SENSITIVITY_ONLY	global genetic correlation; not independent replication or causality	frailty_paper/results/frailty_v1/rg_sleep_latent_factors.tsv
secondary_sleep_x_latent_frailty	SENSITIVITY_ONLY	shortsleep__frailty_factor_3	shortsleep	frailty_factor_3	0.1257	0.0262	4.804	1.558e-06	5.237e-06	fixed secondary 84-pair BH	84	POSITIVE	EXPECTED_OR_POSSIBLE; exact overlap UNKNOWN	UNKNOWN	NO_INDEPENDENT_PAIRWISE_REPLICATION_ESTABLISHED	SENSITIVITY_ONLY	global genetic correlation; not independent replication or causality	frailty_paper/results/frailty_v1/rg_sleep_latent_factors.tsv
secondary_sleep_x_latent_frailty	SENSITIVITY_ONLY	accel_sleep_duration__frailty_factor_5	accel_sleep_duration	frailty_factor_5	0.1591	0.0336	4.737	2.169e-06	7.007e-06	fixed secondary 84-pair BH	84	POSITIVE	EXPECTED_OR_POSSIBLE; exact overlap UNKNOWN	UNKNOWN	NO_INDEPENDENT_PAIRWISE_REPLICATION_ESTABLISHED	SENSITIVITY_ONLY	global genetic correlation; not independent replication or causality	frailty_paper/results/frailty_v1/rg_sleep_latent_factors.tsv
secondary_sleep_x_latent_frailty	SENSITIVITY_ONLY	insomnia__frailty_factor_3	insomnia	frailty_factor_3	0.1276	0.0279	4.576	4.74e-06	1.475e-05	fixed secondary 84-pair BH	84	POSITIVE	EXPECTED_OR_POSSIBLE; exact overlap UNKNOWN	UNKNOWN	NO_INDEPENDENT_PAIRWISE_REPLICATION_ESTABLISHED	SENSITIVITY_ONLY	global genetic correlation; not independent replication or causality	frailty_paper/results/frailty_v1/rg_sleep_latent_factors.tsv
secondary_sleep_x_latent_frailty	SENSITIVITY_ONLY	napping__frailty_factor_3	napping	frailty_factor_3	0.0937	0.0212	4.421	9.823e-06	2.947e-05	fixed secondary 84-pair BH	84	POSITIVE	EXPECTED_OR_POSSIBLE; exact overlap UNKNOWN	UNKNOWN	NO_INDEPENDENT_PAIRWISE_REPLICATION_ESTABLISHED	SENSITIVITY_ONLY	global genetic correlation; not independent replication or causality	frailty_paper/results/frailty_v1/rg_sleep_latent_factors.tsv
secondary_sleep_x_latent_frailty	SENSITIVITY_ONLY	insomnia__frailty_factor_2	insomnia	frailty_factor_2	0.1326	0.0306	4.33	1.491e-05	4.318e-05	fixed secondary 84-pair BH	84	POSITIVE	EXPECTED_OR_POSSIBLE; exact overlap UNKNOWN	UNKNOWN	NO_INDEPENDENT_PAIRWISE_REPLICATION_ESTABLISHED	SENSITIVITY_ONLY	global genetic correlation; not independent replication or causality	frailty_paper/results/frailty_v1/rg_sleep_latent_factors.tsv
secondary_sleep_x_latent_frailty	SENSITIVITY_ONLY	sleepdur__frailty_factor_5	sleepdur	frailty_factor_5	0.1088	0.0279	3.902	9.533e-05	0.0002669	fixed secondary 84-pair BH	84	POSITIVE	EXPECTED_OR_POSSIBLE; exact overlap UNKNOWN	UNKNOWN	NO_INDEPENDENT_PAIRWISE_REPLICATION_ESTABLISHED	SENSITIVITY_ONLY	global genetic correlation; not independent replication or causality	frailty_paper/results/frailty_v1/rg_sleep_latent_factors.tsv
secondary_sleep_x_latent_frailty	SENSITIVITY_ONLY	chronotype__frailty_general	chronotype	frailty_general	-0.1012	0.0265	-3.816	0.0001	0.000271	fixed secondary 84-pair BH	84	NEGATIVE	EXPECTED_OR_POSSIBLE; exact overlap UNKNOWN	UNKNOWN	NO_INDEPENDENT_PAIRWISE_REPLICATION_ESTABLISHED	SENSITIVITY_ONLY	global genetic correlation; not independent replication or causality	frailty_paper/results/frailty_v1/rg_sleep_latent_factors.tsv
secondary_sleep_x_latent_frailty	SENSITIVITY_ONLY	sleep_timing__frailty_factor_5	sleep_timing	frailty_factor_5	-0.1829	0.049	-3.73	0.0002	0.0004941	fixed secondary 84-pair BH	84	NEGATIVE	EXPECTED_OR_POSSIBLE; exact overlap UNKNOWN	UNKNOWN	NO_INDEPENDENT_PAIRWISE_REPLICATION_ESTABLISHED	SENSITIVITY_ONLY	global genetic correlation; not independent replication or causality	frailty_paper/results/frailty_v1/rg_sleep_latent_factors.tsv
secondary_sleep_x_latent_frailty	SENSITIVITY_ONLY	longsleep__frailty_factor_3	longsleep	frailty_factor_3	0.1192	0.0315	3.78	0.0002	0.0004941	fixed secondary 84-pair BH	84	POSITIVE	EXPECTED_OR_POSSIBLE; exact overlap UNKNOWN	UNKNOWN	NO_INDEPENDENT_PAIRWISE_REPLICATION_ESTABLISHED	SENSITIVITY_ONLY	global genetic correlation; not independent replication or causality	frailty_paper/results/frailty_v1/rg_sleep_latent_factors.tsv
secondary_sleep_x_latent_frailty	SENSITIVITY_ONLY	shortsleep__frailty_factor_5	shortsleep	frailty_factor_5	0.1004	0.0272	3.687	0.0002	0.0004941	fixed secondary 84-pair BH	84	POSITIVE	EXPECTED_OR_POSSIBLE; exact overlap UNKNOWN	UNKNOWN	NO_INDEPENDENT_PAIRWISE_REPLICATION_ESTABLISHED	SENSITIVITY_ONLY	global genetic correlation; not independent replication or causality	frailty_paper/results/frailty_v1/rg_sleep_latent_factors.tsv
secondary_sleep_x_latent_frailty	SENSITIVITY_ONLY	snoring__frailty_factor_1	snoring	frailty_factor_1	-0.1192	0.0328	-3.636	0.0003	0.0007	fixed secondary 84-pair BH	84	NEGATIVE	EXPECTED_OR_POSSIBLE; exact overlap UNKNOWN	UNKNOWN	NO_INDEPENDENT_PAIRWISE_REPLICATION_ESTABLISHED	SENSITIVITY_ONLY	global genetic correlation; not independent replication or causality	frailty_paper/results/frailty_v1/rg_sleep_latent_factors.tsv
secondary_sleep_x_latent_frailty	SENSITIVITY_ONLY	napping__frailty_factor_4	napping	frailty_factor_4	0.1107	0.0303	3.65	0.0003	0.0007	fixed secondary 84-pair BH	84	POSITIVE	EXPECTED_OR_POSSIBLE; exact overlap UNKNOWN	UNKNOWN	NO_INDEPENDENT_PAIRWISE_REPLICATION_ESTABLISHED	SENSITIVITY_ONLY	global genetic correlation; not independent replication or causality	frailty_paper/results/frailty_v1/rg_sleep_latent_factors.tsv
secondary_sleep_x_latent_frailty	SENSITIVITY_ONLY	sleep_efficiency__frailty_general	sleep_efficiency	frailty_general	-0.1668	0.0479	-3.48	0.0005	0.001135	fixed secondary 84-pair BH	84	NEGATIVE	EXPECTED_OR_POSSIBLE; exact overlap UNKNOWN	UNKNOWN	NO_INDEPENDENT_PAIRWISE_REPLICATION_ESTABLISHED	SENSITIVITY_ONLY	global genetic correlation; not independent replication or causality	frailty_paper/results/frailty_v1/rg_sleep_latent_factors.tsv
secondary_sleep_x_latent_frailty	SENSITIVITY_ONLY	longsleep__frailty_factor_4	longsleep	frailty_factor_4	0.1408	0.0435	3.236	0.0012	0.002653	fixed secondary 84-pair BH	84	POSITIVE	EXPECTED_OR_POSSIBLE; exact overlap UNKNOWN	UNKNOWN	NO_INDEPENDENT_PAIRWISE_REPLICATION_ESTABLISHED	SENSITIVITY_ONLY	global genetic correlation; not independent replication or causality	frailty_paper/results/frailty_v1/rg_sleep_latent_factors.tsv
secondary_sleep_x_latent_frailty	SENSITIVITY_ONLY	chronotype__frailty_factor_5	chronotype	frailty_factor_5	0.0722	0.0225	3.213	0.0013	0.0028	fixed secondary 84-pair BH	84	POSITIVE	EXPECTED_OR_POSSIBLE; exact overlap UNKNOWN	UNKNOWN	NO_INDEPENDENT_PAIRWISE_REPLICATION_ESTABLISHED	SENSITIVITY_ONLY	global genetic correlation; not independent replication or causality	frailty_paper/results/frailty_v1/rg_sleep_latent_factors.tsv
secondary_sleep_x_latent_frailty	SENSITIVITY_ONLY	sleep_apnea__frailty_factor_1	sleep_apnea	frailty_factor_1	-0.1183	0.038	-3.108	0.0019	0.00399	fixed secondary 84-pair BH	84	NEGATIVE	EXPECTED_OR_POSSIBLE; exact overlap UNKNOWN	UNKNOWN	NO_INDEPENDENT_PAIRWISE_REPLICATION_ESTABLISHED	SENSITIVITY_ONLY	global genetic correlation; not independent replication or causality	frailty_paper/results/frailty_v1/rg_sleep_latent_factors.tsv
secondary_sleep_x_latent_frailty	SENSITIVITY_ONLY	accel_sleep_duration__frailty_factor_3	accel_sleep_duration	frailty_factor_3	0.0886	0.0295	3.004	0.0027	0.005532	fixed secondary 84-pair BH	84	POSITIVE	EXPECTED_OR_POSSIBLE; exact overlap UNKNOWN	UNKNOWN	NO_INDEPENDENT_PAIRWISE_REPLICATION_ESTABLISHED	SENSITIVITY_ONLY	global genetic correlation; not independent replication or causality	frailty_paper/results/frailty_v1/rg_sleep_latent_factors.tsv
secondary_sleep_x_latent_frailty	SENSITIVITY_ONLY	chronotype__frailty_factor_1	chronotype	frailty_factor_1	-0.0883	0.0297	-2.969	0.003	0.006	fixed secondary 84-pair BH	84	NEGATIVE	EXPECTED_OR_POSSIBLE; exact overlap UNKNOWN	UNKNOWN	NO_INDEPENDENT_PAIRWISE_REPLICATION_ESTABLISHED	SENSITIVITY_ONLY	global genetic correlation; not independent replication or causality	frailty_paper/results/frailty_v1/rg_sleep_latent_factors.tsv
secondary_sleep_x_latent_frailty	SENSITIVITY_ONLY	shortsleep__frailty_factor_1	shortsleep	frailty_factor_1	0.1026	0.0348	2.95	0.0032	0.006251	fixed secondary 84-pair BH	84	POSITIVE	EXPECTED_OR_POSSIBLE; exact overlap UNKNOWN	UNKNOWN	NO_INDEPENDENT_PAIRWISE_REPLICATION_ESTABLISHED	SENSITIVITY_ONLY	global genetic correlation; not independent replication or causality	frailty_paper/results/frailty_v1/rg_sleep_latent_factors.tsv
secondary_sleep_x_latent_frailty	SENSITIVITY_ONLY	napping__frailty_factor_5	napping	frailty_factor_5	0.0706	0.0248	2.844	0.0045	0.008591	fixed secondary 84-pair BH	84	POSITIVE	EXPECTED_OR_POSSIBLE; exact overlap UNKNOWN	UNKNOWN	NO_INDEPENDENT_PAIRWISE_REPLICATION_ESTABLISHED	SENSITIVITY_ONLY	global genetic correlation; not independent replication or causality	frailty_paper/results/frailty_v1/rg_sleep_latent_factors.tsv
secondary_sleep_x_latent_frailty	SENSITIVITY_ONLY	insomnia__frailty_factor_5	insomnia	frailty_factor_5	0.0728	0.0275	2.645	0.0082	0.01531	fixed secondary 84-pair BH	84	POSITIVE	EXPECTED_OR_POSSIBLE; exact overlap UNKNOWN	UNKNOWN	NO_INDEPENDENT_PAIRWISE_REPLICATION_ESTABLISHED	SENSITIVITY_ONLY	global genetic correlation; not independent replication or causality	frailty_paper/results/frailty_v1/rg_sleep_latent_factors.tsv
secondary_sleep_x_latent_frailty	SENSITIVITY_ONLY	chronotype__frailty_factor_4	chronotype	frailty_factor_4	0.0659	0.025	2.636	0.0084	0.01534	fixed secondary 84-pair BH	84	POSITIVE	EXPECTED_OR_POSSIBLE; exact overlap UNKNOWN	UNKNOWN	NO_INDEPENDENT_PAIRWISE_REPLICATION_ESTABLISHED	SENSITIVITY_ONLY	global genetic correlation; not independent replication or causality	frailty_paper/results/frailty_v1/rg_sleep_latent_factors.tsv
secondary_sleep_x_latent_frailty	SENSITIVITY_ONLY	napping__frailty_factor_6	napping	frailty_factor_6	0.0754	0.0312	2.416	0.0157	0.02806	fixed secondary 84-pair BH	84	POSITIVE	EXPECTED_OR_POSSIBLE; exact overlap UNKNOWN	UNKNOWN	NO_INDEPENDENT_PAIRWISE_REPLICATION_ESTABLISHED	SENSITIVITY_ONLY	global genetic correlation; not independent replication or causality	frailty_paper/results/frailty_v1/rg_sleep_latent_factors.tsv
secondary_sleep_x_latent_frailty	SENSITIVITY_ONLY	longsleep__frailty_factor_1	longsleep	frailty_factor_1	0.0989	0.0417	2.372	0.0177	0.03098	fixed secondary 84-pair BH	84	POSITIVE	EXPECTED_OR_POSSIBLE; exact overlap UNKNOWN	UNKNOWN	NO_INDEPENDENT_PAIRWISE_REPLICATION_ESTABLISHED	SENSITIVITY_ONLY	global genetic correlation; not independent replication or causality	frailty_paper/results/frailty_v1/rg_sleep_latent_factors.tsv
secondary_sleep_x_latent_frailty	SENSITIVITY_ONLY	sleep_efficiency__frailty_factor_1	sleep_efficiency	frailty_factor_1	-0.1036	0.0486	-2.133	0.0329	0.0564	fixed secondary 84-pair BH	84	NEGATIVE	EXPECTED_OR_POSSIBLE; exact overlap UNKNOWN	UNKNOWN	NO_INDEPENDENT_PAIRWISE_REPLICATION_ESTABLISHED	SENSITIVITY_ONLY	global genetic correlation; not independent replication or causality	frailty_paper/results/frailty_v1/rg_sleep_latent_factors.tsv
secondary_sleep_x_latent_frailty	SENSITIVITY_ONLY	accel_sleep_duration__frailty_factor_4	accel_sleep_duration	frailty_factor_4	0.0914	0.0454	2.014	0.044	0.07392	fixed secondary 84-pair BH	84	POSITIVE	EXPECTED_OR_POSSIBLE; exact overlap UNKNOWN	UNKNOWN	NO_INDEPENDENT_PAIRWISE_REPLICATION_ESTABLISHED	SENSITIVITY_ONLY	global genetic correlation; not independent replication or causality	frailty_paper/results/frailty_v1/rg_sleep_latent_factors.tsv
secondary_sleep_x_latent_frailty	SENSITIVITY_ONLY	sleep_efficiency__frailty_factor_4	sleep_efficiency	frailty_factor_4	-0.0926	0.052	-1.783	0.0747	0.123	fixed secondary 84-pair BH	84	NEGATIVE	EXPECTED_OR_POSSIBLE; exact overlap UNKNOWN	UNKNOWN	NO_INDEPENDENT_PAIRWISE_REPLICATION_ESTABLISHED	SENSITIVITY_ONLY	global genetic correlation; not independent replication or causality	frailty_paper/results/frailty_v1/rg_sleep_latent_factors.tsv
secondary_sleep_x_latent_frailty	SENSITIVITY_ONLY	sleepiness__frailty_factor_2	sleepiness	frailty_factor_2	0.0546	0.0317	1.722	0.0852	0.1376	fixed secondary 84-pair BH	84	POSITIVE	EXPECTED_OR_POSSIBLE; exact overlap UNKNOWN	UNKNOWN	NO_INDEPENDENT_PAIRWISE_REPLICATION_ESTABLISHED	SENSITIVITY_ONLY	global genetic correlation; not independent replication or causality	frailty_paper/results/frailty_v1/rg_sleep_latent_factors.tsv
secondary_sleep_x_latent_frailty	SENSITIVITY_ONLY	sleep_efficiency__frailty_factor_6	sleep_efficiency	frailty_factor_6	-0.077	0.0459	-1.677	0.0935	0.1482	fixed secondary 84-pair BH	84	NEGATIVE	EXPECTED_OR_POSSIBLE; exact overlap UNKNOWN	UNKNOWN	NO_INDEPENDENT_PAIRWISE_REPLICATION_ESTABLISHED	SENSITIVITY_ONLY	global genetic correlation; not independent replication or causality	frailty_paper/results/frailty_v1/rg_sleep_latent_factors.tsv
secondary_sleep_x_latent_frailty	SENSITIVITY_ONLY	insomnia__frailty_factor_1	insomnia	frailty_factor_1	0.0644	0.0389	1.655	0.0978	0.1503	fixed secondary 84-pair BH	84	POSITIVE	EXPECTED_OR_POSSIBLE; exact overlap UNKNOWN	UNKNOWN	NO_INDEPENDENT_PAIRWISE_REPLICATION_ESTABLISHED	SENSITIVITY_ONLY	global genetic correlation; not independent replication or causality	frailty_paper/results/frailty_v1/rg_sleep_latent_factors.tsv
secondary_sleep_x_latent_frailty	SENSITIVITY_ONLY	sleep_efficiency__frailty_factor_2	sleep_efficiency	frailty_factor_2	-0.072	0.0435	-1.653	0.0984	0.1503	fixed secondary 84-pair BH	84	NEGATIVE	EXPECTED_OR_POSSIBLE; exact overlap UNKNOWN	UNKNOWN	NO_INDEPENDENT_PAIRWISE_REPLICATION_ESTABLISHED	SENSITIVITY_ONLY	global genetic correlation; not independent replication or causality	frailty_paper/results/frailty_v1/rg_sleep_latent_factors.tsv
secondary_sleep_x_latent_frailty	SENSITIVITY_ONLY	sleep_efficiency__frailty_factor_3	sleep_efficiency	frailty_factor_3	-0.0541	0.0345	-1.567	0.117	0.1745	fixed secondary 84-pair BH	84	NEGATIVE	EXPECTED_OR_POSSIBLE; exact overlap UNKNOWN	UNKNOWN	NO_INDEPENDENT_PAIRWISE_REPLICATION_ESTABLISHED	SENSITIVITY_ONLY	global genetic correlation; not independent replication or causality	frailty_paper/results/frailty_v1/rg_sleep_latent_factors.tsv
secondary_sleep_x_latent_frailty	SENSITIVITY_ONLY	chronotype__frailty_factor_2	chronotype	frailty_factor_2	0.0476	0.0305	1.562	0.1184	0.1745	fixed secondary 84-pair BH	84	POSITIVE	EXPECTED_OR_POSSIBLE; exact overlap UNKNOWN	UNKNOWN	NO_INDEPENDENT_PAIRWISE_REPLICATION_ESTABLISHED	SENSITIVITY_ONLY	global genetic correlation; not independent replication or causality	frailty_paper/results/frailty_v1/rg_sleep_latent_factors.tsv
secondary_sleep_x_latent_frailty	SENSITIVITY_ONLY	sleep_apnea__frailty_factor_5	sleep_apnea	frailty_factor_5	0.052	0.0335	1.551	0.121	0.1752	fixed secondary 84-pair BH	84	POSITIVE	EXPECTED_OR_POSSIBLE; exact overlap UNKNOWN	UNKNOWN	NO_INDEPENDENT_PAIRWISE_REPLICATION_ESTABLISHED	SENSITIVITY_ONLY	global genetic correlation; not independent replication or causality	frailty_paper/results/frailty_v1/rg_sleep_latent_factors.tsv
secondary_sleep_x_latent_frailty	SENSITIVITY_ONLY	sleepdur__frailty_factor_3	sleepdur	frailty_factor_3	-0.0349	0.0234	-1.494	0.1351	0.1923	fixed secondary 84-pair BH	84	NEGATIVE	EXPECTED_OR_POSSIBLE; exact overlap UNKNOWN	UNKNOWN	NO_INDEPENDENT_PAIRWISE_REPLICATION_ESTABLISHED	SENSITIVITY_ONLY	global genetic correlation; not independent replication or causality	frailty_paper/results/frailty_v1/rg_sleep_latent_factors.tsv
secondary_sleep_x_latent_frailty	SENSITIVITY_ONLY	shortsleep__frailty_factor_4	shortsleep	frailty_factor_4	0.055	0.0384	1.43	0.1526	0.2136	fixed secondary 84-pair BH	84	POSITIVE	EXPECTED_OR_POSSIBLE; exact overlap UNKNOWN	UNKNOWN	NO_INDEPENDENT_PAIRWISE_REPLICATION_ESTABLISHED	SENSITIVITY_ONLY	global genetic correlation; not independent replication or causality	frailty_paper/results/frailty_v1/rg_sleep_latent_factors.tsv
secondary_sleep_x_latent_frailty	SENSITIVITY_ONLY	sleepdur__frailty_factor_4	sleepdur	frailty_factor_4	0.0429	0.0323	1.326	0.1849	0.2546	fixed secondary 84-pair BH	84	POSITIVE	EXPECTED_OR_POSSIBLE; exact overlap UNKNOWN	UNKNOWN	NO_INDEPENDENT_PAIRWISE_REPLICATION_ESTABLISHED	SENSITIVITY_ONLY	global genetic correlation; not independent replication or causality	frailty_paper/results/frailty_v1/rg_sleep_latent_factors.tsv
secondary_sleep_x_latent_frailty	SENSITIVITY_ONLY	accel_sleep_duration__frailty_factor_1	accel_sleep_duration	frailty_factor_1	-0.0512	0.0422	-1.215	0.2245	0.3037	fixed secondary 84-pair BH	84	NEGATIVE	EXPECTED_OR_POSSIBLE; exact overlap UNKNOWN	UNKNOWN	NO_INDEPENDENT_PAIRWISE_REPLICATION_ESTABLISHED	SENSITIVITY_ONLY	global genetic correlation; not independent replication or causality	frailty_paper/results/frailty_v1/rg_sleep_latent_factors.tsv
secondary_sleep_x_latent_frailty	SENSITIVITY_ONLY	accel_sleep_duration__frailty_general	accel_sleep_duration	frailty_general	-0.0527	0.0437	-1.206	0.2278	0.3037	fixed secondary 84-pair BH	84	NEGATIVE	EXPECTED_OR_POSSIBLE; exact overlap UNKNOWN	UNKNOWN	NO_INDEPENDENT_PAIRWISE_REPLICATION_ESTABLISHED	SENSITIVITY_ONLY	global genetic correlation; not independent replication or causality	frailty_paper/results/frailty_v1/rg_sleep_latent_factors.tsv
secondary_sleep_x_latent_frailty	SENSITIVITY_ONLY	sleepiness__frailty_factor_4	sleepiness	frailty_factor_4	0.0398	0.0337	1.183	0.2369	0.3109	fixed secondary 84-pair BH	84	POSITIVE	EXPECTED_OR_POSSIBLE; exact overlap UNKNOWN	UNKNOWN	NO_INDEPENDENT_PAIRWISE_REPLICATION_ESTABLISHED	SENSITIVITY_ONLY	global genetic correlation; not independent replication or causality	frailty_paper/results/frailty_v1/rg_sleep_latent_factors.tsv
secondary_sleep_x_latent_frailty	SENSITIVITY_ONLY	chronotype__frailty_factor_3	chronotype	frailty_factor_3	0.0238	0.0219	1.09	0.2759	0.3565	fixed secondary 84-pair BH	84	POSITIVE	EXPECTED_OR_POSSIBLE; exact overlap UNKNOWN	UNKNOWN	NO_INDEPENDENT_PAIRWISE_REPLICATION_ESTABLISHED	SENSITIVITY_ONLY	global genetic correlation; not independent replication or causality	frailty_paper/results/frailty_v1/rg_sleep_latent_factors.tsv
secondary_sleep_x_latent_frailty	SENSITIVITY_ONLY	sleepiness__frailty_factor_5	sleepiness	frailty_factor_5	0.029	0.028	1.034	0.3009	0.383	fixed secondary 84-pair BH	84	POSITIVE	EXPECTED_OR_POSSIBLE; exact overlap UNKNOWN	UNKNOWN	NO_INDEPENDENT_PAIRWISE_REPLICATION_ESTABLISHED	SENSITIVITY_ONLY	global genetic correlation; not independent replication or causality	frailty_paper/results/frailty_v1/rg_sleep_latent_factors.tsv
secondary_sleep_x_latent_frailty	SENSITIVITY_ONLY	sleep_timing__frailty_general	sleep_timing	frailty_general	0.0503	0.0509	0.9879	0.3232	0.4052	fixed secondary 84-pair BH	84	POSITIVE	EXPECTED_OR_POSSIBLE; exact overlap UNKNOWN	UNKNOWN	NO_INDEPENDENT_PAIRWISE_REPLICATION_ESTABLISHED	SENSITIVITY_ONLY	global genetic correlation; not independent replication or causality	frailty_paper/results/frailty_v1/rg_sleep_latent_factors.tsv
secondary_sleep_x_latent_frailty	SENSITIVITY_ONLY	sleepdur__frailty_factor_1	sleepdur	frailty_factor_1	-0.0313	0.0329	-0.952	0.3411	0.4214	fixed secondary 84-pair BH	84	NEGATIVE	EXPECTED_OR_POSSIBLE; exact overlap UNKNOWN	UNKNOWN	NO_INDEPENDENT_PAIRWISE_REPLICATION_ESTABLISHED	SENSITIVITY_ONLY	global genetic correlation; not independent replication or causality	frailty_paper/results/frailty_v1/rg_sleep_latent_factors.tsv
secondary_sleep_x_latent_frailty	SENSITIVITY_ONLY	sleep_efficiency__frailty_factor_5	sleep_efficiency	frailty_factor_5	0.0302	0.0364	0.831	0.406	0.4943	fixed secondary 84-pair BH	84	POSITIVE	EXPECTED_OR_POSSIBLE; exact overlap UNKNOWN	UNKNOWN	NO_INDEPENDENT_PAIRWISE_REPLICATION_ESTABLISHED	SENSITIVITY_ONLY	global genetic correlation; not independent replication or causality	frailty_paper/results/frailty_v1/rg_sleep_latent_factors.tsv
secondary_sleep_x_latent_frailty	SENSITIVITY_ONLY	insomnia__frailty_factor_4	insomnia	frailty_factor_4	0.0331	0.0412	0.8033	0.4218	0.5062	fixed secondary 84-pair BH	84	POSITIVE	EXPECTED_OR_POSSIBLE; exact overlap UNKNOWN	UNKNOWN	NO_INDEPENDENT_PAIRWISE_REPLICATION_ESTABLISHED	SENSITIVITY_ONLY	global genetic correlation; not independent replication or causality	frailty_paper/results/frailty_v1/rg_sleep_latent_factors.tsv
secondary_sleep_x_latent_frailty	SENSITIVITY_ONLY	sleepiness__frailty_factor_6	sleepiness	frailty_factor_6	0.0247	0.0326	0.7579	0.4485	0.5306	fixed secondary 84-pair BH	84	POSITIVE	EXPECTED_OR_POSSIBLE; exact overlap UNKNOWN	UNKNOWN	NO_INDEPENDENT_PAIRWISE_REPLICATION_ESTABLISHED	SENSITIVITY_ONLY	global genetic correlation; not independent replication or causality	frailty_paper/results/frailty_v1/rg_sleep_latent_factors.tsv
secondary_sleep_x_latent_frailty	SENSITIVITY_ONLY	sleep_timing__frailty_factor_2	sleep_timing	frailty_factor_2	-0.0415	0.0556	-0.7468	0.4552	0.5311	fixed secondary 84-pair BH	84	NEGATIVE	EXPECTED_OR_POSSIBLE; exact overlap UNKNOWN	UNKNOWN	NO_INDEPENDENT_PAIRWISE_REPLICATION_ESTABLISHED	SENSITIVITY_ONLY	global genetic correlation; not independent replication or causality	frailty_paper/results/frailty_v1/rg_sleep_latent_factors.tsv
secondary_sleep_x_latent_frailty	SENSITIVITY_ONLY	accel_sleep_duration__frailty_factor_6	accel_sleep_duration	frailty_factor_6	0.0296	0.0412	0.7189	0.4722	0.5434	fixed secondary 84-pair BH	84	POSITIVE	EXPECTED_OR_POSSIBLE; exact overlap UNKNOWN	UNKNOWN	NO_INDEPENDENT_PAIRWISE_REPLICATION_ESTABLISHED	SENSITIVITY_ONLY	global genetic correlation; not independent replication or causality	frailty_paper/results/frailty_v1/rg_sleep_latent_factors.tsv
secondary_sleep_x_latent_frailty	SENSITIVITY_ONLY	sleep_timing__frailty_factor_1	sleep_timing	frailty_factor_1	-0.0372	0.0531	-0.7003	0.4837	0.5491	fixed secondary 84-pair BH	84	NEGATIVE	EXPECTED_OR_POSSIBLE; exact overlap UNKNOWN	UNKNOWN	NO_INDEPENDENT_PAIRWISE_REPLICATION_ESTABLISHED	SENSITIVITY_ONLY	global genetic correlation; not independent replication or causality	frailty_paper/results/frailty_v1/rg_sleep_latent_factors.tsv
secondary_sleep_x_latent_frailty	SENSITIVITY_ONLY	sleep_timing__frailty_factor_3	sleep_timing	frailty_factor_3	-0.0284	0.0439	-0.6456	0.5185	0.5807	fixed secondary 84-pair BH	84	NEGATIVE	EXPECTED_OR_POSSIBLE; exact overlap UNKNOWN	UNKNOWN	NO_INDEPENDENT_PAIRWISE_REPLICATION_ESTABLISHED	SENSITIVITY_ONLY	global genetic correlation; not independent replication or causality	frailty_paper/results/frailty_v1/rg_sleep_latent_factors.tsv
secondary_sleep_x_latent_frailty	SENSITIVITY_ONLY	sleepiness__frailty_factor_3	sleepiness	frailty_factor_3	0.015	0.0249	0.6005	0.5482	0.6059	fixed secondary 84-pair BH	84	POSITIVE	EXPECTED_OR_POSSIBLE; exact overlap UNKNOWN	UNKNOWN	NO_INDEPENDENT_PAIRWISE_REPLICATION_ESTABLISHED	SENSITIVITY_ONLY	global genetic correlation; not independent replication or causality	frailty_paper/results/frailty_v1/rg_sleep_latent_factors.tsv
secondary_sleep_x_latent_frailty	SENSITIVITY_ONLY	sleep_timing__frailty_factor_4	sleep_timing	frailty_factor_4	0.0258	0.0493	0.5236	0.6005	0.6551	fixed secondary 84-pair BH	84	POSITIVE	EXPECTED_OR_POSSIBLE; exact overlap UNKNOWN	UNKNOWN	NO_INDEPENDENT_PAIRWISE_REPLICATION_ESTABLISHED	SENSITIVITY_ONLY	global genetic correlation; not independent replication or causality	frailty_paper/results/frailty_v1/rg_sleep_latent_factors.tsv
secondary_sleep_x_latent_frailty	SENSITIVITY_ONLY	napping__frailty_factor_1	napping	frailty_factor_1	0.0155	0.0306	0.5079	0.6116	0.6586	fixed secondary 84-pair BH	84	POSITIVE	EXPECTED_OR_POSSIBLE; exact overlap UNKNOWN	UNKNOWN	NO_INDEPENDENT_PAIRWISE_REPLICATION_ESTABLISHED	SENSITIVITY_ONLY	global genetic correlation; not independent replication or causality	frailty_paper/results/frailty_v1/rg_sleep_latent_factors.tsv
secondary_sleep_x_latent_frailty	SENSITIVITY_ONLY	longsleep__frailty_factor_6	longsleep	frailty_factor_6	-0.0168	0.0396	-0.424	0.6716	0.7141	fixed secondary 84-pair BH	84	NEGATIVE	EXPECTED_OR_POSSIBLE; exact overlap UNKNOWN	UNKNOWN	NO_INDEPENDENT_PAIRWISE_REPLICATION_ESTABLISHED	SENSITIVITY_ONLY	global genetic correlation; not independent replication or causality	frailty_paper/results/frailty_v1/rg_sleep_latent_factors.tsv
secondary_sleep_x_latent_frailty	SENSITIVITY_ONLY	sleepdur__frailty_factor_2	sleepdur	frailty_factor_2	-0.0125	0.0327	-0.3805	0.7035	0.7387	fixed secondary 84-pair BH	84	NEGATIVE	EXPECTED_OR_POSSIBLE; exact overlap UNKNOWN	UNKNOWN	NO_INDEPENDENT_PAIRWISE_REPLICATION_ESTABLISHED	SENSITIVITY_ONLY	global genetic correlation; not independent replication or causality	frailty_paper/results/frailty_v1/rg_sleep_latent_factors.tsv
secondary_sleep_x_latent_frailty	SENSITIVITY_ONLY	sleepiness__frailty_factor_1	sleepiness	frailty_factor_1	0.012	0.0377	0.317	0.7512	0.779	fixed secondary 84-pair BH	84	POSITIVE	EXPECTED_OR_POSSIBLE; exact overlap UNKNOWN	UNKNOWN	NO_INDEPENDENT_PAIRWISE_REPLICATION_ESTABLISHED	SENSITIVITY_ONLY	global genetic correlation; not independent replication or causality	frailty_paper/results/frailty_v1/rg_sleep_latent_factors.tsv
secondary_sleep_x_latent_frailty	SENSITIVITY_ONLY	sleep_timing__frailty_factor_6	sleep_timing	frailty_factor_6	-0.0126	0.0649	-0.1944	0.8459	0.8665	fixed secondary 84-pair BH	84	NEGATIVE	EXPECTED_OR_POSSIBLE; exact overlap UNKNOWN	UNKNOWN	NO_INDEPENDENT_PAIRWISE_REPLICATION_ESTABLISHED	SENSITIVITY_ONLY	global genetic correlation; not independent replication or causality	frailty_paper/results/frailty_v1/rg_sleep_latent_factors.tsv
secondary_sleep_x_latent_frailty	SENSITIVITY_ONLY	accel_sleep_duration__frailty_factor_2	accel_sleep_duration	frailty_factor_2	-0.0064	0.0384	-0.1664	0.8678	0.8772	fixed secondary 84-pair BH	84	NEGATIVE	EXPECTED_OR_POSSIBLE; exact overlap UNKNOWN	UNKNOWN	NO_INDEPENDENT_PAIRWISE_REPLICATION_ESTABLISHED	SENSITIVITY_ONLY	global genetic correlation; not independent replication or causality	frailty_paper/results/frailty_v1/rg_sleep_latent_factors.tsv
secondary_sleep_x_latent_frailty	SENSITIVITY_ONLY	chronotype__frailty_factor_6	chronotype	frailty_factor_6	-0.0045	0.0293	-0.1545	0.8772	0.8772	fixed secondary 84-pair BH	84	NEGATIVE	EXPECTED_OR_POSSIBLE; exact overlap UNKNOWN	UNKNOWN	NO_INDEPENDENT_PAIRWISE_REPLICATION_ESTABLISHED	SENSITIVITY_ONLY	global genetic correlation; not independent replication or causality	frailty_paper/results/frailty_v1/rg_sleep_latent_factors.tsv
frozen_atlas_sleep_x_aging_context	READ_ONLY_CONTEXT_NOT_REPLICATION	insomnia__alz	insomnia	alz	-0.0203	0.0415	-0.4899	0.6242	0.7467770392749244	frozen atlas all-396 BH	396	NEGATIVE	SHARED_COHORT_EXPECTED	UNKNOWN	READ_ONLY_ATLAS_REUSE_NOT_REPLICATION	READ_ONLY_FROZEN_ATLAS_RESULT	Global genetic correlation only; not independent replication, local sharing, colocalization, mechanism, or causality	frailty_paper/analysis/frozen_atlas_aging_context_global_rg.tsv
frozen_atlas_sleep_x_aging_context	READ_ONLY_CONTEXT_NOT_REPLICATION	insomnia__parkinson	insomnia	parkinson	0.0134	0.0381	0.3516	0.7252	0.8324034782608695	frozen atlas all-396 BH	396	POSITIVE	SHARED_COHORT_EXPECTED	UNKNOWN	READ_ONLY_ATLAS_REUSE_NOT_REPLICATION	READ_ONLY_FROZEN_ATLAS_RESULT	Global genetic correlation only; not independent replication, local sharing, colocalization, mechanism, or causality	frailty_paper/analysis/frozen_atlas_aging_context_global_rg.tsv
frozen_atlas_sleep_x_aging_context	READ_ONLY_CONTEXT_NOT_REPLICATION	insomnia__longevity	insomnia	longevity	-0.1291	0.0558	-2.312	0.0208	0.050532515337423305	frozen atlas all-396 BH	396	NEGATIVE	POSSIBLE_OR_UNKNOWN; EXACT OVERLAP UNKNOWN	UNKNOWN	READ_ONLY_ATLAS_REUSE_NOT_REPLICATION	READ_ONLY_FROZEN_ATLAS_RESULT	Global genetic correlation only; not independent replication, local sharing, colocalization, mechanism, or causality	frailty_paper/analysis/frozen_atlas_aging_context_global_rg.tsv
frozen_atlas_sleep_x_aging_context	READ_ONLY_CONTEXT_NOT_REPLICATION	insomnia__parental_lifespan	insomnia	parental_lifespan	-0.274	0.0367	-7.457	8.869e-14	7.982100000000001e-13	frozen atlas all-396 BH	396	NEGATIVE	POSSIBLE_OR_UNKNOWN; EXACT OVERLAP UNKNOWN	UNKNOWN	READ_ONLY_ATLAS_REUSE_NOT_REPLICATION	READ_ONLY_FROZEN_ATLAS_RESULT	Global genetic correlation only; not independent replication, local sharing, colocalization, mechanism, or causality	frailty_paper/analysis/frozen_atlas_aging_context_global_rg.tsv
frozen_atlas_sleep_x_aging_context	READ_ONLY_CONTEXT_NOT_REPLICATION	insomnia__healthspan	insomnia	healthspan	0.3432	0.042	8.166	3.178e-16	3.701435294117647e-15	frozen atlas all-396 BH	396	POSITIVE	SHARED_COHORT_EXPECTED	UNKNOWN	READ_ONLY_ATLAS_REUSE_NOT_REPLICATION	READ_ONLY_FROZEN_ATLAS_RESULT	Global genetic correlation only; not independent replication, local sharing, colocalization, mechanism, or causality	frailty_paper/analysis/frozen_atlas_aging_context_global_rg.tsv
frozen_atlas_sleep_x_aging_context	READ_ONLY_CONTEXT_NOT_REPLICATION	insomnia__grip_strength	insomnia	grip_strength	-0.1651	0.0249	-6.644	3.059e-11	2.243266666666667e-10	frozen atlas all-396 BH	396	NEGATIVE	SHARED_COHORT_EXPECTED	UNKNOWN	READ_ONLY_ATLAS_REUSE_NOT_REPLICATION	READ_ONLY_FROZEN_ATLAS_RESULT	Global genetic correlation only; not independent replication, local sharing, colocalization, mechanism, or causality	frailty_paper/analysis/frozen_atlas_aging_context_global_rg.tsv
frozen_atlas_sleep_x_aging_context	READ_ONLY_CONTEXT_NOT_REPLICATION	sleepdur__alz	sleepdur	alz	-0.0198	0.0351	-0.5647	0.5723	0.70822125	frozen atlas all-396 BH	396	NEGATIVE	SHARED_COHORT_EXPECTED	UNKNOWN	READ_ONLY_ATLAS_REUSE_NOT_REPLICATION	READ_ONLY_FROZEN_ATLAS_RESULT	Global genetic correlation only; not independent replication, local sharing, colocalization, mechanism, or causality	frailty_paper/analysis/frozen_atlas_aging_context_global_rg.tsv
frozen_atlas_sleep_x_aging_context	READ_ONLY_CONTEXT_NOT_REPLICATION	sleepdur__parkinson	sleepdur	parkinson	-0.0297	0.0323	-0.9186	0.3583	0.4961076923076923	frozen atlas all-396 BH	396	NEGATIVE	SHARED_COHORT_EXPECTED	UNKNOWN	READ_ONLY_ATLAS_REUSE_NOT_REPLICATION	READ_ONLY_FROZEN_ATLAS_RESULT	Global genetic correlation only; not independent replication, local sharing, colocalization, mechanism, or causality	frailty_paper/analysis/frozen_atlas_aging_context_global_rg.tsv
frozen_atlas_sleep_x_aging_context	READ_ONLY_CONTEXT_NOT_REPLICATION	sleepdur__longevity	sleepdur	longevity	0.0363	0.0454	0.7989	0.4243	0.5619491638795987	frozen atlas all-396 BH	396	POSITIVE	POSSIBLE_OR_UNKNOWN; EXACT OVERLAP UNKNOWN	UNKNOWN	READ_ONLY_ATLAS_REUSE_NOT_REPLICATION	READ_ONLY_FROZEN_ATLAS_RESULT	Global genetic correlation only; not independent replication, local sharing, colocalization, mechanism, or causality	frailty_paper/analysis/frozen_atlas_aging_context_global_rg.tsv
frozen_atlas_sleep_x_aging_context	READ_ONLY_CONTEXT_NOT_REPLICATION	sleepdur__parental_lifespan	sleepdur	parental_lifespan	0.0926	0.0334	2.771	0.0056	0.01584	frozen atlas all-396 BH	396	POSITIVE	POSSIBLE_OR_UNKNOWN; EXACT OVERLAP UNKNOWN	UNKNOWN	READ_ONLY_ATLAS_REUSE_NOT_REPLICATION	READ_ONLY_FROZEN_ATLAS_RESULT	Global genetic correlation only; not independent replication, local sharing, colocalization, mechanism, or causality	frailty_paper/analysis/frozen_atlas_aging_context_global_rg.tsv
frozen_atlas_sleep_x_aging_context	READ_ONLY_CONTEXT_NOT_REPLICATION	sleepdur__healthspan	sleepdur	healthspan	-0.1238	0.0382	-3.241	0.0012	0.0037417322834645667	frozen atlas all-396 BH	396	NEGATIVE	SHARED_COHORT_EXPECTED	UNKNOWN	READ_ONLY_ATLAS_REUSE_NOT_REPLICATION	READ_ONLY_FROZEN_ATLAS_RESULT	Global genetic correlation only; not independent replication, local sharing, colocalization, mechanism, or causality	frailty_paper/analysis/frozen_atlas_aging_context_global_rg.tsv
frozen_atlas_sleep_x_aging_context	READ_ONLY_CONTEXT_NOT_REPLICATION	sleepdur__grip_strength	sleepdur	grip_strength	0.0906	0.0216	4.195	2.726e-05	0.00010903999999999999	frozen atlas all-396 BH	396	POSITIVE	SHARED_COHORT_EXPECTED	UNKNOWN	READ_ONLY_ATLAS_REUSE_NOT_REPLICATION	READ_ONLY_FROZEN_ATLAS_RESULT	Global genetic correlation only; not independent replication, local sharing, colocalization, mechanism, or causality	frailty_paper/analysis/frozen_atlas_aging_context_global_rg.tsv
frozen_atlas_sleep_x_aging_context	READ_ONLY_CONTEXT_NOT_REPLICATION	shortsleep__alz	shortsleep	alz	-0.0221	0.0382	-0.5787	0.5628	0.7030561514195584	frozen atlas all-396 BH	396	NEGATIVE	SHARED_COHORT_EXPECTED	UNKNOWN	READ_ONLY_ATLAS_REUSE_NOT_REPLICATION	READ_ONLY_FROZEN_ATLAS_RESULT	Global genetic correlation only; not independent replication, local sharing, colocalization, mechanism, or causality	frailty_paper/analysis/frozen_atlas_aging_context_global_rg.tsv
frozen_atlas_sleep_x_aging_context	READ_ONLY_CONTEXT_NOT_REPLICATION	shortsleep__parkinson	shortsleep	parkinson	-0.0366	0.0339	-1.079	0.2804	0.42381068702290076	frozen atlas all-396 BH	396	NEGATIVE	SHARED_COHORT_EXPECTED	UNKNOWN	READ_ONLY_ATLAS_REUSE_NOT_REPLICATION	READ_ONLY_FROZEN_ATLAS_RESULT	Global genetic correlation only; not independent replication, local sharing, colocalization, mechanism, or causality	frailty_paper/analysis/frozen_atlas_aging_context_global_rg.tsv
frozen_atlas_sleep_x_aging_context	READ_ONLY_CONTEXT_NOT_REPLICATION	shortsleep__longevity	shortsleep	longevity	-0.0933	0.0542	-1.72	0.0853	0.168894	frozen atlas all-396 BH	396	NEGATIVE	POSSIBLE_OR_UNKNOWN; EXACT OVERLAP UNKNOWN	UNKNOWN	READ_ONLY_ATLAS_REUSE_NOT_REPLICATION	READ_ONLY_FROZEN_ATLAS_RESULT	Global genetic correlation only; not independent replication, local sharing, colocalization, mechanism, or causality	frailty_paper/analysis/frozen_atlas_aging_context_global_rg.tsv
frozen_atlas_sleep_x_aging_context	READ_ONLY_CONTEXT_NOT_REPLICATION	shortsleep__parental_lifespan	shortsleep	parental_lifespan	-0.2976	0.0349	-8.521	1.583e-17	2.0221548387096774e-16	frozen atlas all-396 BH	396	NEGATIVE	POSSIBLE_OR_UNKNOWN; EXACT OVERLAP UNKNOWN	UNKNOWN	READ_ONLY_ATLAS_REUSE_NOT_REPLICATION	READ_ONLY_FROZEN_ATLAS_RESULT	Global genetic correlation only; not independent replication, local sharing, colocalization, mechanism, or causality	frailty_paper/analysis/frozen_atlas_aging_context_global_rg.tsv
frozen_atlas_sleep_x_aging_context	READ_ONLY_CONTEXT_NOT_REPLICATION	shortsleep__healthspan	shortsleep	healthspan	0.3554	0.0426	8.335	7.716e-17	9.2592e-16	frozen atlas all-396 BH	396	POSITIVE	SHARED_COHORT_EXPECTED	UNKNOWN	READ_ONLY_ATLAS_REUSE_NOT_REPLICATION	READ_ONLY_FROZEN_ATLAS_RESULT	Global genetic correlation only; not independent replication, local sharing, colocalization, mechanism, or causality	frailty_paper/analysis/frozen_atlas_aging_context_global_rg.tsv
frozen_atlas_sleep_x_aging_context	READ_ONLY_CONTEXT_NOT_REPLICATION	shortsleep__grip_strength	shortsleep	grip_strength	-0.1248	0.0236	-5.287	1.244e-07	6.397714285714286e-07	frozen atlas all-396 BH	396	NEGATIVE	SHARED_COHORT_EXPECTED	UNKNOWN	READ_ONLY_ATLAS_REUSE_NOT_REPLICATION	READ_ONLY_FROZEN_ATLAS_RESULT	Global genetic correlation only; not independent replication, local sharing, colocalization, mechanism, or causality	frailty_paper/analysis/frozen_atlas_aging_context_global_rg.tsv
frozen_atlas_sleep_x_aging_context	READ_ONLY_CONTEXT_NOT_REPLICATION	longsleep__alz	longsleep	alz	-0.0912	0.0463	-1.972	0.0486	0.10403027027027027	frozen atlas all-396 BH	396	NEGATIVE	SHARED_COHORT_EXPECTED	UNKNOWN	READ_ONLY_ATLAS_REUSE_NOT_REPLICATION	READ_ONLY_FROZEN_ATLAS_RESULT	Global genetic correlation only; not independent replication, local sharing, colocalization, mechanism, or causality	frailty_paper/analysis/frozen_atlas_aging_context_global_rg.tsv
frozen_atlas_sleep_x_aging_context	READ_ONLY_CONTEXT_NOT_REPLICATION	longsleep__parkinson	longsleep	parkinson	-0.1244	0.0493	-2.522	0.0117	0.030888000000000002	frozen atlas all-396 BH	396	NEGATIVE	SHARED_COHORT_EXPECTED	UNKNOWN	READ_ONLY_ATLAS_REUSE_NOT_REPLICATION	READ_ONLY_FROZEN_ATLAS_RESULT	Global genetic correlation only; not independent replication, local sharing, colocalization, mechanism, or causality	frailty_paper/analysis/frozen_atlas_aging_context_global_rg.tsv
frozen_atlas_sleep_x_aging_context	READ_ONLY_CONTEXT_NOT_REPLICATION	longsleep__longevity	longsleep	longevity	-0.0343	0.071	-0.4834	0.6288	0.7500144578313254	frozen atlas all-396 BH	396	NEGATIVE	POSSIBLE_OR_UNKNOWN; EXACT OVERLAP UNKNOWN	UNKNOWN	READ_ONLY_ATLAS_REUSE_NOT_REPLICATION	READ_ONLY_FROZEN_ATLAS_RESULT	Global genetic correlation only; not independent replication, local sharing, colocalization, mechanism, or causality	frailty_paper/analysis/frozen_atlas_aging_context_global_rg.tsv
frozen_atlas_sleep_x_aging_context	READ_ONLY_CONTEXT_NOT_REPLICATION	longsleep__parental_lifespan	longsleep	parental_lifespan	-0.2395	0.04	-5.984	2.183e-09	1.3299507692307692e-08	frozen atlas all-396 BH	396	NEGATIVE	POSSIBLE_OR_UNKNOWN; EXACT OVERLAP UNKNOWN	UNKNOWN	READ_ONLY_ATLAS_REUSE_NOT_REPLICATION	READ_ONLY_FROZEN_ATLAS_RESULT	Global genetic correlation only; not independent replication, local sharing, colocalization, mechanism, or causality	frailty_paper/analysis/frozen_atlas_aging_context_global_rg.tsv
frozen_atlas_sleep_x_aging_context	READ_ONLY_CONTEXT_NOT_REPLICATION	longsleep__healthspan	longsleep	healthspan	0.2677	0.0409	6.538	6.246e-11	4.12236e-10	frozen atlas all-396 BH	396	POSITIVE	SHARED_COHORT_EXPECTED	UNKNOWN	READ_ONLY_ATLAS_REUSE_NOT_REPLICATION	READ_ONLY_FROZEN_ATLAS_RESULT	Global genetic correlation only; not independent replication, local sharing, colocalization, mechanism, or causality	frailty_paper/analysis/frozen_atlas_aging_context_global_rg.tsv
frozen_atlas_sleep_x_aging_context	READ_ONLY_CONTEXT_NOT_REPLICATION	longsleep__grip_strength	longsleep	grip_strength	-0.0012	0.0302	-0.0386	0.9692	0.9721549367088607	frozen atlas all-396 BH	396	NEGATIVE	SHARED_COHORT_EXPECTED	UNKNOWN	READ_ONLY_ATLAS_REUSE_NOT_REPLICATION	READ_ONLY_FROZEN_ATLAS_RESULT	Global genetic correlation only; not independent replication, local sharing, colocalization, mechanism, or causality	frailty_paper/analysis/frozen_atlas_aging_context_global_rg.tsv
frozen_atlas_sleep_x_aging_context	READ_ONLY_CONTEXT_NOT_REPLICATION	chronotype__alz	chronotype	alz	-0.0638	0.0326	-1.954	0.0506	0.1067936170212766	frozen atlas all-396 BH	396	NEGATIVE	SHARED_COHORT_EXPECTED	UNKNOWN	READ_ONLY_ATLAS_REUSE_NOT_REPLICATION	READ_ONLY_FROZEN_ATLAS_RESULT	Global genetic correlation only; not independent replication, local sharing, colocalization, mechanism, or causality	frailty_paper/analysis/frozen_atlas_aging_context_global_rg.tsv
frozen_atlas_sleep_x_aging_context	READ_ONLY_CONTEXT_NOT_REPLICATION	chronotype__parkinson	chronotype	parkinson	-0.0164	0.0285	-0.5749	0.5653	0.7039584905660378	frozen atlas all-396 BH	396	NEGATIVE	SHARED_COHORT_EXPECTED	UNKNOWN	READ_ONLY_ATLAS_REUSE_NOT_REPLICATION	READ_ONLY_FROZEN_ATLAS_RESULT	Global genetic correlation only; not independent replication, local sharing, colocalization, mechanism, or causality	frailty_paper/analysis/frozen_atlas_aging_context_global_rg.tsv
frozen_atlas_sleep_x_aging_context	READ_ONLY_CONTEXT_NOT_REPLICATION	chronotype__longevity	chronotype	longevity	-0.0475	0.0463	-1.025	0.3052	0.44762666666666673	frozen atlas all-396 BH	396	NEGATIVE	POSSIBLE_OR_UNKNOWN; EXACT OVERLAP UNKNOWN	UNKNOWN	READ_ONLY_ATLAS_REUSE_NOT_REPLICATION	READ_ONLY_FROZEN_ATLAS_RESULT	Global genetic correlation only; not independent replication, local sharing, colocalization, mechanism, or causality	frailty_paper/analysis/frozen_atlas_aging_context_global_rg.tsv
frozen_atlas_sleep_x_aging_context	READ_ONLY_CONTEXT_NOT_REPLICATION	chronotype__parental_lifespan	chronotype	parental_lifespan	-0.0237	0.0304	-0.7792	0.4358	0.5714463576158941	frozen atlas all-396 BH	396	NEGATIVE	POSSIBLE_OR_UNKNOWN; EXACT OVERLAP UNKNOWN	UNKNOWN	READ_ONLY_ATLAS_REUSE_NOT_REPLICATION	READ_ONLY_FROZEN_ATLAS_RESULT	Global genetic correlation only; not independent replication, local sharing, colocalization, mechanism, or causality	frailty_paper/analysis/frozen_atlas_aging_context_global_rg.tsv
frozen_atlas_sleep_x_aging_context	READ_ONLY_CONTEXT_NOT_REPLICATION	chronotype__healthspan	chronotype	healthspan	-0.0173	0.0307	-0.5646	0.5723	0.70822125	frozen atlas all-396 BH	396	NEGATIVE	SHARED_COHORT_EXPECTED	UNKNOWN	READ_ONLY_ATLAS_REUSE_NOT_REPLICATION	READ_ONLY_FROZEN_ATLAS_RESULT	Global genetic correlation only; not independent replication, local sharing, colocalization, mechanism, or causality	frailty_paper/analysis/frozen_atlas_aging_context_global_rg.tsv
frozen_atlas_sleep_x_aging_context	READ_ONLY_CONTEXT_NOT_REPLICATION	chronotype__grip_strength	chronotype	grip_strength	-0.0086	0.0194	-0.4417	0.6587	0.7694548672566371	frozen atlas all-396 BH	396	NEGATIVE	SHARED_COHORT_EXPECTED	UNKNOWN	READ_ONLY_ATLAS_REUSE_NOT_REPLICATION	READ_ONLY_FROZEN_ATLAS_RESULT	Global genetic correlation only; not independent replication, local sharing, colocalization, mechanism, or causality	frailty_paper/analysis/frozen_atlas_aging_context_global_rg.tsv
frozen_atlas_sleep_x_aging_context	READ_ONLY_CONTEXT_NOT_REPLICATION	sleepiness__alz	sleepiness	alz	0.0064	0.0366	0.1746	0.8614	0.9072191489361703	frozen atlas all-396 BH	396	POSITIVE	SHARED_COHORT_EXPECTED	UNKNOWN	READ_ONLY_ATLAS_REUSE_NOT_REPLICATION	READ_ONLY_FROZEN_ATLAS_RESULT	Global genetic correlation only; not independent replication, local sharing, colocalization, mechanism, or causality	frailty_paper/analysis/frozen_atlas_aging_context_global_rg.tsv
frozen_atlas_sleep_x_aging_context	READ_ONLY_CONTEXT_NOT_REPLICATION	sleepiness__parkinson	sleepiness	parkinson	-0.0179	0.0362	-0.495	0.6206	0.7467770392749244	frozen atlas all-396 BH	396	NEGATIVE	SHARED_COHORT_EXPECTED	UNKNOWN	READ_ONLY_ATLAS_REUSE_NOT_REPLICATION	READ_ONLY_FROZEN_ATLAS_RESULT	Global genetic correlation only; not independent replication, local sharing, colocalization, mechanism, or causality	frailty_paper/analysis/frozen_atlas_aging_context_global_rg.tsv
frozen_atlas_sleep_x_aging_context	READ_ONLY_CONTEXT_NOT_REPLICATION	sleepiness__longevity	sleepiness	longevity	-0.0989	0.0542	-1.824	0.0681	0.13758979591836734	frozen atlas all-396 BH	396	NEGATIVE	POSSIBLE_OR_UNKNOWN; EXACT OVERLAP UNKNOWN	UNKNOWN	READ_ONLY_ATLAS_REUSE_NOT_REPLICATION	READ_ONLY_FROZEN_ATLAS_RESULT	Global genetic correlation only; not independent replication, local sharing, colocalization, mechanism, or causality	frailty_paper/analysis/frozen_atlas_aging_context_global_rg.tsv
frozen_atlas_sleep_x_aging_context	READ_ONLY_CONTEXT_NOT_REPLICATION	sleepiness__parental_lifespan	sleepiness	parental_lifespan	-0.1264	0.0303	-4.172	3.021e-05	0.0001184471287128713	frozen atlas all-396 BH	396	NEGATIVE	POSSIBLE_OR_UNKNOWN; EXACT OVERLAP UNKNOWN	UNKNOWN	READ_ONLY_ATLAS_REUSE_NOT_REPLICATION	READ_ONLY_FROZEN_ATLAS_RESULT	Global genetic correlation only; not independent replication, local sharing, colocalization, mechanism, or causality	frailty_paper/analysis/frozen_atlas_aging_context_global_rg.tsv
frozen_atlas_sleep_x_aging_context	READ_ONLY_CONTEXT_NOT_REPLICATION	sleepiness__healthspan	sleepiness	healthspan	0.1588	0.0368	4.317	1.581e-05	6.590273684210526e-05	frozen atlas all-396 BH	396	POSITIVE	SHARED_COHORT_EXPECTED	UNKNOWN	READ_ONLY_ATLAS_REUSE_NOT_REPLICATION	READ_ONLY_FROZEN_ATLAS_RESULT	Global genetic correlation only; not independent replication, local sharing, colocalization, mechanism, or causality	frailty_paper/analysis/frozen_atlas_aging_context_global_rg.tsv
frozen_atlas_sleep_x_aging_context	READ_ONLY_CONTEXT_NOT_REPLICATION	sleepiness__grip_strength	sleepiness	grip_strength	-0.0917	0.0242	-3.789	0.0002	0.00072	frozen atlas all-396 BH	396	NEGATIVE	SHARED_COHORT_EXPECTED	UNKNOWN	READ_ONLY_ATLAS_REUSE_NOT_REPLICATION	READ_ONLY_FROZEN_ATLAS_RESULT	Global genetic correlation only; not independent replication, local sharing, colocalization, mechanism, or causality	frailty_paper/analysis/frozen_atlas_aging_context_global_rg.tsv
frozen_atlas_sleep_x_aging_context	READ_ONLY_CONTEXT_NOT_REPLICATION	napping__alz	napping	alz	-0.0346	0.0328	-1.056	0.2908	0.4329203007518797	frozen atlas all-396 BH	396	NEGATIVE	SHARED_COHORT_EXPECTED	UNKNOWN	READ_ONLY_ATLAS_REUSE_NOT_REPLICATION	READ_ONLY_FROZEN_ATLAS_RESULT	Global genetic correlation only; not independent replication, local sharing, colocalization, mechanism, or causality	frailty_paper/analysis/frozen_atlas_aging_context_global_rg.tsv
frozen_atlas_sleep_x_aging_context	READ_ONLY_CONTEXT_NOT_REPLICATION	napping__parkinson	napping	parkinson	-0.0141	0.0374	-0.3771	0.7061	0.8175894736842104	frozen atlas all-396 BH	396	NEGATIVE	SHARED_COHORT_EXPECTED	UNKNOWN	READ_ONLY_ATLAS_REUSE_NOT_REPLICATION	READ_ONLY_FROZEN_ATLAS_RESULT	Global genetic correlation only; not independent replication, local sharing, colocalization, mechanism, or causality	frailty_paper/analysis/frozen_atlas_aging_context_global_rg.tsv
frozen_atlas_sleep_x_aging_context	READ_ONLY_CONTEXT_NOT_REPLICATION	napping__longevity	napping	longevity	-0.1416	0.0488	-2.902	0.0037	0.010617391304347827	frozen atlas all-396 BH	396	NEGATIVE	POSSIBLE_OR_UNKNOWN; EXACT OVERLAP UNKNOWN	UNKNOWN	READ_ONLY_ATLAS_REUSE_NOT_REPLICATION	READ_ONLY_FROZEN_ATLAS_RESULT	Global genetic correlation only; not independent replication, local sharing, colocalization, mechanism, or causality	frailty_paper/analysis/frozen_atlas_aging_context_global_rg.tsv
frozen_atlas_sleep_x_aging_context	READ_ONLY_CONTEXT_NOT_REPLICATION	napping__parental_lifespan	napping	parental_lifespan	-0.1793	0.0274	-6.545	5.969e-11	4.00631186440678e-10	frozen atlas all-396 BH	396	NEGATIVE	POSSIBLE_OR_UNKNOWN; EXACT OVERLAP UNKNOWN	UNKNOWN	READ_ONLY_ATLAS_REUSE_NOT_REPLICATION	READ_ONLY_FROZEN_ATLAS_RESULT	Global genetic correlation only; not independent replication, local sharing, colocalization, mechanism, or causality	frailty_paper/analysis/frozen_atlas_aging_context_global_rg.tsv
frozen_atlas_sleep_x_aging_context	READ_ONLY_CONTEXT_NOT_REPLICATION	napping__healthspan	napping	healthspan	0.1848	0.0313	5.896	3.724e-09	2.1686823529411762e-08	frozen atlas all-396 BH	396	POSITIVE	SHARED_COHORT_EXPECTED	UNKNOWN	READ_ONLY_ATLAS_REUSE_NOT_REPLICATION	READ_ONLY_FROZEN_ATLAS_RESULT	Global genetic correlation only; not independent replication, local sharing, colocalization, mechanism, or causality	frailty_paper/analysis/frozen_atlas_aging_context_global_rg.tsv
frozen_atlas_sleep_x_aging_context	READ_ONLY_CONTEXT_NOT_REPLICATION	napping__grip_strength	napping	grip_strength	-0.0532	0.0212	-2.514	0.0119	0.031207947019867555	frozen atlas all-396 BH	396	NEGATIVE	SHARED_COHORT_EXPECTED	UNKNOWN	READ_ONLY_ATLAS_REUSE_NOT_REPLICATION	READ_ONLY_FROZEN_ATLAS_RESULT	Global genetic correlation only; not independent replication, local sharing, colocalization, mechanism, or causality	frailty_paper/analysis/frozen_atlas_aging_context_global_rg.tsv
frozen_atlas_sleep_x_aging_context	READ_ONLY_CONTEXT_NOT_REPLICATION	snoring__alz	snoring	alz	-0.0113	0.0362	-0.3132	0.7541	0.8462957507082153	frozen atlas all-396 BH	396	NEGATIVE	SHARED_COHORT_EXPECTED	UNKNOWN	READ_ONLY_ATLAS_REUSE_NOT_REPLICATION	READ_ONLY_FROZEN_ATLAS_RESULT	Global genetic correlation only; not independent replication, local sharing, colocalization, mechanism, or causality	frailty_paper/analysis/frozen_atlas_aging_context_global_rg.tsv
frozen_atlas_sleep_x_aging_context	READ_ONLY_CONTEXT_NOT_REPLICATION	snoring__parkinson	snoring	parkinson	-0.0371	0.0397	-0.9354	0.3496	0.4857600000000001	frozen atlas all-396 BH	396	NEGATIVE	SHARED_COHORT_EXPECTED	UNKNOWN	READ_ONLY_ATLAS_REUSE_NOT_REPLICATION	READ_ONLY_FROZEN_ATLAS_RESULT	Global genetic correlation only; not independent replication, local sharing, colocalization, mechanism, or causality	frailty_paper/analysis/frozen_atlas_aging_context_global_rg.tsv
frozen_atlas_sleep_x_aging_context	READ_ONLY_CONTEXT_NOT_REPLICATION	snoring__longevity	snoring	longevity	-0.0444	0.0561	-0.7922	0.4283	0.565356	frozen atlas all-396 BH	396	NEGATIVE	POSSIBLE_OR_UNKNOWN; EXACT OVERLAP UNKNOWN	UNKNOWN	READ_ONLY_ATLAS_REUSE_NOT_REPLICATION	READ_ONLY_FROZEN_ATLAS_RESULT	Global genetic correlation only; not independent replication, local sharing, colocalization, mechanism, or causality	frailty_paper/analysis/frozen_atlas_aging_context_global_rg.tsv
frozen_atlas_sleep_x_aging_context	READ_ONLY_CONTEXT_NOT_REPLICATION	snoring__parental_lifespan	snoring	parental_lifespan	-0.1647	0.0282	-5.85	4.912e-09	2.7787885714285712e-08	frozen atlas all-396 BH	396	NEGATIVE	POSSIBLE_OR_UNKNOWN; EXACT OVERLAP UNKNOWN	UNKNOWN	READ_ONLY_ATLAS_REUSE_NOT_REPLICATION	READ_ONLY_FROZEN_ATLAS_RESULT	Global genetic correlation only; not independent replication, local sharing, colocalization, mechanism, or causality	frailty_paper/analysis/frozen_atlas_aging_context_global_rg.tsv
frozen_atlas_sleep_x_aging_context	READ_ONLY_CONTEXT_NOT_REPLICATION	snoring__healthspan	snoring	healthspan	0.2927	0.0368	7.952	1.828e-15	1.9049684210526315e-14	frozen atlas all-396 BH	396	POSITIVE	SHARED_COHORT_EXPECTED	UNKNOWN	READ_ONLY_ATLAS_REUSE_NOT_REPLICATION	READ_ONLY_FROZEN_ATLAS_RESULT	Global genetic correlation only; not independent replication, local sharing, colocalization, mechanism, or causality	frailty_paper/analysis/frozen_atlas_aging_context_global_rg.tsv
frozen_atlas_sleep_x_aging_context	READ_ONLY_CONTEXT_NOT_REPLICATION	snoring__grip_strength	snoring	grip_strength	-0.0958	0.0222	-4.321	1.556e-05	6.555063829787234e-05	frozen atlas all-396 BH	396	NEGATIVE	SHARED_COHORT_EXPECTED	UNKNOWN	READ_ONLY_ATLAS_REUSE_NOT_REPLICATION	READ_ONLY_FROZEN_ATLAS_RESULT	Global genetic correlation only; not independent replication, local sharing, colocalization, mechanism, or causality	frailty_paper/analysis/frozen_atlas_aging_context_global_rg.tsv
frozen_atlas_sleep_x_aging_context	READ_ONLY_CONTEXT_NOT_REPLICATION	sleep_apnea__alz	sleep_apnea	alz	-0.0526	0.0454	-1.158	0.2467	0.3858661417322835	frozen atlas all-396 BH	396	NEGATIVE	POSSIBLE_OR_UNKNOWN; EXACT OVERLAP UNKNOWN	UNKNOWN	READ_ONLY_ATLAS_REUSE_NOT_REPLICATION	READ_ONLY_FROZEN_ATLAS_RESULT	Global genetic correlation only; not independent replication, local sharing, colocalization, mechanism, or causality	frailty_paper/analysis/frozen_atlas_aging_context_global_rg.tsv
frozen_atlas_sleep_x_aging_context	READ_ONLY_CONTEXT_NOT_REPLICATION	sleep_apnea__parkinson	sleep_apnea	parkinson	-0.0194	0.0428	-0.4542	0.6497	0.7611869822485208	frozen atlas all-396 BH	396	NEGATIVE	POSSIBLE_OR_UNKNOWN; EXACT OVERLAP UNKNOWN	UNKNOWN	READ_ONLY_ATLAS_REUSE_NOT_REPLICATION	READ_ONLY_FROZEN_ATLAS_RESULT	Global genetic correlation only; not independent replication, local sharing, colocalization, mechanism, or causality	frailty_paper/analysis/frozen_atlas_aging_context_global_rg.tsv
frozen_atlas_sleep_x_aging_context	READ_ONLY_CONTEXT_NOT_REPLICATION	sleep_apnea__longevity	sleep_apnea	longevity	-0.136	0.0718	-1.894	0.0582	0.1200375	frozen atlas all-396 BH	396	NEGATIVE	POSSIBLE_OR_UNKNOWN; EXACT OVERLAP UNKNOWN	UNKNOWN	READ_ONLY_ATLAS_REUSE_NOT_REPLICATION	READ_ONLY_FROZEN_ATLAS_RESULT	Global genetic correlation only; not independent replication, local sharing, colocalization, mechanism, or causality	frailty_paper/analysis/frozen_atlas_aging_context_global_rg.tsv
frozen_atlas_sleep_x_aging_context	READ_ONLY_CONTEXT_NOT_REPLICATION	sleep_apnea__parental_lifespan	sleep_apnea	parental_lifespan	-0.2617	0.0364	-7.187	6.624e-13	5.581072340425531e-12	frozen atlas all-396 BH	396	NEGATIVE	POSSIBLE_OR_UNKNOWN; EXACT OVERLAP UNKNOWN	UNKNOWN	READ_ONLY_ATLAS_REUSE_NOT_REPLICATION	READ_ONLY_FROZEN_ATLAS_RESULT	Global genetic correlation only; not independent replication, local sharing, colocalization, mechanism, or causality	frailty_paper/analysis/frozen_atlas_aging_context_global_rg.tsv
frozen_atlas_sleep_x_aging_context	READ_ONLY_CONTEXT_NOT_REPLICATION	sleep_apnea__healthspan	sleep_apnea	healthspan	0.4005	0.0421	9.504	2.022e-21	3.0796615384615386e-20	frozen atlas all-396 BH	396	POSITIVE	POSSIBLE_OR_UNKNOWN; EXACT OVERLAP UNKNOWN	UNKNOWN	READ_ONLY_ATLAS_REUSE_NOT_REPLICATION	READ_ONLY_FROZEN_ATLAS_RESULT	Global genetic correlation only; not independent replication, local sharing, colocalization, mechanism, or causality	frailty_paper/analysis/frozen_atlas_aging_context_global_rg.tsv
frozen_atlas_sleep_x_aging_context	READ_ONLY_CONTEXT_NOT_REPLICATION	sleep_apnea__grip_strength	sleep_apnea	grip_strength	-0.0927	0.0244	-3.794	0.0001	0.000363302752293578	frozen atlas all-396 BH	396	NEGATIVE	POSSIBLE_OR_UNKNOWN; EXACT OVERLAP UNKNOWN	UNKNOWN	READ_ONLY_ATLAS_REUSE_NOT_REPLICATION	READ_ONLY_FROZEN_ATLAS_RESULT	Global genetic correlation only; not independent replication, local sharing, colocalization, mechanism, or causality	frailty_paper/analysis/frozen_atlas_aging_context_global_rg.tsv
frozen_atlas_sleep_x_aging_context	READ_ONLY_CONTEXT_NOT_REPLICATION	sleep_efficiency__alz	sleep_efficiency	alz	-0.0241	0.0515	-0.4677	0.64	0.7542857142857142	frozen atlas all-396 BH	396	NEGATIVE	SHARED_COHORT_EXPECTED	UNKNOWN	READ_ONLY_ATLAS_REUSE_NOT_REPLICATION	READ_ONLY_FROZEN_ATLAS_RESULT	Global genetic correlation only; not independent replication, local sharing, colocalization, mechanism, or causality	frailty_paper/analysis/frozen_atlas_aging_context_global_rg.tsv
frozen_atlas_sleep_x_aging_context	READ_ONLY_CONTEXT_NOT_REPLICATION	sleep_efficiency__parkinson	sleep_efficiency	parkinson	0.0466	0.0484	0.9629	0.3356	0.47847625899280577	frozen atlas all-396 BH	396	POSITIVE	SHARED_COHORT_EXPECTED	UNKNOWN	READ_ONLY_ATLAS_REUSE_NOT_REPLICATION	READ_ONLY_FROZEN_ATLAS_RESULT	Global genetic correlation only; not independent replication, local sharing, colocalization, mechanism, or causality	frailty_paper/analysis/frozen_atlas_aging_context_global_rg.tsv
frozen_atlas_sleep_x_aging_context	READ_ONLY_CONTEXT_NOT_REPLICATION	sleep_efficiency__longevity	sleep_efficiency	longevity	-0.0776	0.0741	-1.047	0.295	0.43574721189591076	frozen atlas all-396 BH	396	NEGATIVE	POSSIBLE_OR_UNKNOWN; EXACT OVERLAP UNKNOWN	UNKNOWN	READ_ONLY_ATLAS_REUSE_NOT_REPLICATION	READ_ONLY_FROZEN_ATLAS_RESULT	Global genetic correlation only; not independent replication, local sharing, colocalization, mechanism, or causality	frailty_paper/analysis/frozen_atlas_aging_context_global_rg.tsv
frozen_atlas_sleep_x_aging_context	READ_ONLY_CONTEXT_NOT_REPLICATION	sleep_efficiency__parental_lifespan	sleep_efficiency	parental_lifespan	0.1229	0.0411	2.986	0.0028	0.008213333333333333	frozen atlas all-396 BH	396	POSITIVE	POSSIBLE_OR_UNKNOWN; EXACT OVERLAP UNKNOWN	UNKNOWN	READ_ONLY_ATLAS_REUSE_NOT_REPLICATION	READ_ONLY_FROZEN_ATLAS_RESULT	Global genetic correlation only; not independent replication, local sharing, colocalization, mechanism, or causality	frailty_paper/analysis/frozen_atlas_aging_context_global_rg.tsv
frozen_atlas_sleep_x_aging_context	READ_ONLY_CONTEXT_NOT_REPLICATION	sleep_efficiency__healthspan	sleep_efficiency	healthspan	-0.1156	0.0502	-2.303	0.0213	0.051431707317073166	frozen atlas all-396 BH	396	NEGATIVE	SHARED_COHORT_EXPECTED	UNKNOWN	READ_ONLY_ATLAS_REUSE_NOT_REPLICATION	READ_ONLY_FROZEN_ATLAS_RESULT	Global genetic correlation only; not independent replication, local sharing, colocalization, mechanism, or causality	frailty_paper/analysis/frozen_atlas_aging_context_global_rg.tsv
frozen_atlas_sleep_x_aging_context	READ_ONLY_CONTEXT_NOT_REPLICATION	sleep_efficiency__grip_strength	sleep_efficiency	grip_strength	0.0492	0.031	1.588	0.1123	0.207807476635514	frozen atlas all-396 BH	396	POSITIVE	SHARED_COHORT_EXPECTED	UNKNOWN	READ_ONLY_ATLAS_REUSE_NOT_REPLICATION	READ_ONLY_FROZEN_ATLAS_RESULT	Global genetic correlation only; not independent replication, local sharing, colocalization, mechanism, or causality	frailty_paper/analysis/frozen_atlas_aging_context_global_rg.tsv
frozen_atlas_sleep_x_aging_context	READ_ONLY_CONTEXT_NOT_REPLICATION	accel_sleep_duration__alz	accel_sleep_duration	alz	-0.0129	0.0512	-0.2522	0.8009	0.8723967032967033	frozen atlas all-396 BH	396	NEGATIVE	SHARED_COHORT_EXPECTED	UNKNOWN	READ_ONLY_ATLAS_REUSE_NOT_REPLICATION	READ_ONLY_FROZEN_ATLAS_RESULT	Global genetic correlation only; not independent replication, local sharing, colocalization, mechanism, or causality	frailty_paper/analysis/frozen_atlas_aging_context_global_rg.tsv
frozen_atlas_sleep_x_aging_context	READ_ONLY_CONTEXT_NOT_REPLICATION	accel_sleep_duration__parkinson	accel_sleep_duration	parkinson	0.0398	0.0441	0.9016	0.3672	0.5066592334494774	frozen atlas all-396 BH	396	POSITIVE	SHARED_COHORT_EXPECTED	UNKNOWN	READ_ONLY_ATLAS_REUSE_NOT_REPLICATION	READ_ONLY_FROZEN_ATLAS_RESULT	Global genetic correlation only; not independent replication, local sharing, colocalization, mechanism, or causality	frailty_paper/analysis/frozen_atlas_aging_context_global_rg.tsv
frozen_atlas_sleep_x_aging_context	READ_ONLY_CONTEXT_NOT_REPLICATION	accel_sleep_duration__longevity	accel_sleep_duration	longevity	-0.0946	0.0729	-1.298	0.1942	0.32177071129707113	frozen atlas all-396 BH	396	NEGATIVE	POSSIBLE_OR_UNKNOWN; EXACT OVERLAP UNKNOWN	UNKNOWN	READ_ONLY_ATLAS_REUSE_NOT_REPLICATION	READ_ONLY_FROZEN_ATLAS_RESULT	Global genetic correlation only; not independent replication, local sharing, colocalization, mechanism, or causality	frailty_paper/analysis/frozen_atlas_aging_context_global_rg.tsv
frozen_atlas_sleep_x_aging_context	READ_ONLY_CONTEXT_NOT_REPLICATION	accel_sleep_duration__parental_lifespan	accel_sleep_duration	parental_lifespan	-0.0084	0.039	-0.216	0.829	0.8836548387096773	frozen atlas all-396 BH	396	NEGATIVE	POSSIBLE_OR_UNKNOWN; EXACT OVERLAP UNKNOWN	UNKNOWN	READ_ONLY_ATLAS_REUSE_NOT_REPLICATION	READ_ONLY_FROZEN_ATLAS_RESULT	Global genetic correlation only; not independent replication, local sharing, colocalization, mechanism, or causality	frailty_paper/analysis/frozen_atlas_aging_context_global_rg.tsv
frozen_atlas_sleep_x_aging_context	READ_ONLY_CONTEXT_NOT_REPLICATION	accel_sleep_duration__healthspan	accel_sleep_duration	healthspan	0.0067	0.0502	0.134	0.8934	0.9257921671018277	frozen atlas all-396 BH	396	POSITIVE	SHARED_COHORT_EXPECTED	UNKNOWN	READ_ONLY_ATLAS_REUSE_NOT_REPLICATION	READ_ONLY_FROZEN_ATLAS_RESULT	Global genetic correlation only; not independent replication, local sharing, colocalization, mechanism, or causality	frailty_paper/analysis/frozen_atlas_aging_context_global_rg.tsv
frozen_atlas_sleep_x_aging_context	READ_ONLY_CONTEXT_NOT_REPLICATION	accel_sleep_duration__grip_strength	accel_sleep_duration	grip_strength	0.0577	0.0295	1.956	0.0504	0.1067936170212766	frozen atlas all-396 BH	396	POSITIVE	SHARED_COHORT_EXPECTED	UNKNOWN	READ_ONLY_ATLAS_REUSE_NOT_REPLICATION	READ_ONLY_FROZEN_ATLAS_RESULT	Global genetic correlation only; not independent replication, local sharing, colocalization, mechanism, or causality	frailty_paper/analysis/frozen_atlas_aging_context_global_rg.tsv
frozen_atlas_sleep_x_aging_context	READ_ONLY_CONTEXT_NOT_REPLICATION	sleep_timing__alz	sleep_timing	alz	0.1083	0.0682	1.589	0.1122	0.207807476635514	frozen atlas all-396 BH	396	POSITIVE	SHARED_COHORT_EXPECTED	UNKNOWN	READ_ONLY_ATLAS_REUSE_NOT_REPLICATION	READ_ONLY_FROZEN_ATLAS_RESULT	Global genetic correlation only; not independent replication, local sharing, colocalization, mechanism, or causality	frailty_paper/analysis/frozen_atlas_aging_context_global_rg.tsv
frozen_atlas_sleep_x_aging_context	READ_ONLY_CONTEXT_NOT_REPLICATION	sleep_timing__parkinson	sleep_timing	parkinson	0.0161	0.0495	0.3263	0.7442	0.844421776504298	frozen atlas all-396 BH	396	POSITIVE	SHARED_COHORT_EXPECTED	UNKNOWN	READ_ONLY_ATLAS_REUSE_NOT_REPLICATION	READ_ONLY_FROZEN_ATLAS_RESULT	Global genetic correlation only; not independent replication, local sharing, colocalization, mechanism, or causality	frailty_paper/analysis/frozen_atlas_aging_context_global_rg.tsv
frozen_atlas_sleep_x_aging_context	READ_ONLY_CONTEXT_NOT_REPLICATION	sleep_timing__longevity	sleep_timing	longevity	0.0813	0.0858	0.9475	0.3434	0.4822212765957447	frozen atlas all-396 BH	396	POSITIVE	POSSIBLE_OR_UNKNOWN; EXACT OVERLAP UNKNOWN	UNKNOWN	READ_ONLY_ATLAS_REUSE_NOT_REPLICATION	READ_ONLY_FROZEN_ATLAS_RESULT	Global genetic correlation only; not independent replication, local sharing, colocalization, mechanism, or causality	frailty_paper/analysis/frozen_atlas_aging_context_global_rg.tsv
frozen_atlas_sleep_x_aging_context	READ_ONLY_CONTEXT_NOT_REPLICATION	sleep_timing__parental_lifespan	sleep_timing	parental_lifespan	0.0465	0.054	0.8611	0.3892	0.5289041095890411	frozen atlas all-396 BH	396	POSITIVE	POSSIBLE_OR_UNKNOWN; EXACT OVERLAP UNKNOWN	UNKNOWN	READ_ONLY_ATLAS_REUSE_NOT_REPLICATION	READ_ONLY_FROZEN_ATLAS_RESULT	Global genetic correlation only; not independent replication, local sharing, colocalization, mechanism, or causality	frailty_paper/analysis/frozen_atlas_aging_context_global_rg.tsv
frozen_atlas_sleep_x_aging_context	READ_ONLY_CONTEXT_NOT_REPLICATION	sleep_timing__healthspan	sleep_timing	healthspan	-0.0621	0.061	-1.018	0.3086	0.449285294117647	frozen atlas all-396 BH	396	NEGATIVE	SHARED_COHORT_EXPECTED	UNKNOWN	READ_ONLY_ATLAS_REUSE_NOT_REPLICATION	READ_ONLY_FROZEN_ATLAS_RESULT	Global genetic correlation only; not independent replication, local sharing, colocalization, mechanism, or causality	frailty_paper/analysis/frozen_atlas_aging_context_global_rg.tsv
frozen_atlas_sleep_x_aging_context	READ_ONLY_CONTEXT_NOT_REPLICATION	sleep_timing__grip_strength	sleep_timing	grip_strength	-0.02	0.0345	-0.5787	0.5628	0.7030561514195584	frozen atlas all-396 BH	396	NEGATIVE	SHARED_COHORT_EXPECTED	UNKNOWN	READ_ONLY_ATLAS_REUSE_NOT_REPLICATION	READ_ONLY_FROZEN_ATLAS_RESULT	Global genetic correlation only; not independent replication, local sharing, colocalization, mechanism, or causality	frailty_paper/analysis/frozen_atlas_aging_context_global_rg.tsv
