analysis_family	trait_id	label	domain	source_id	source_release_label	phenotype_definition	ancestry	build	sample_size	cases	controls	phenotype_type	PMID	DOI	source_note
core	insomnia	Insomnia	sleep	jansen_2019_insomnia_ukb	Jansen_2019_UKB_only_public	UK Biobank field 1200: usually having trouble falling asleep or waking during the night versus never/rarely or sometimes	EUR	hg19	386533	109402	277131	binary	30804565	10.1038/s41588-018-0333-3	Jansen 2019 Nat Genet — UKB-only public release without 23andMe
core	sleepdur	Sleep duration (continuous)	sleep	dashti_2019_sleep_duration	Dashti_2019_continuous	Continuous self-reported sleep duration in hours	EUR	hg19	446118	NA	NA	continuous	30846698	10.1038/s41467-019-08917-4	Dashti 2019 Nat Commun — UKB continuous sleep duration
core	shortsleep	Short sleep (<7 h)	sleep	dashti_2019_short_sleep	Dashti_2019_lt7h	Self-reported sleep duration <7 h; 7–8 h controls	EUR	hg19	411934	106192	305742	binary	30846698	10.1038/s41467-019-08917-4	Dashti 2019 Nat Commun — UKB short-sleep tail
core	longsleep	Long sleep (>=9 h)	sleep	dashti_2019_long_sleep	Dashti_2019_ge9h	Self-reported sleep duration >=9 h; 7–8 h controls	EUR	hg19	339926	34184	305742	binary	30846698	10.1038/s41467-019-08917-4	Dashti 2019 Nat Commun — UKB long-sleep tail
core	chronotype	Chronotype / morningness	sleep	jones_2019_morning_person_ukb	GCST007565_UKB_morning_person	Definitely or more a morning person versus definitely or more an evening person in UK Biobank field 1180	EUR	hg19	403195	252287	150908	binary	30696823	10.1038/s41467-018-08259-7	Jones 2019 Nat Commun — UKB morningness
core	sleepiness	Daytime sleepiness	sleep	wang_2019_daytime_sleepiness	Wang_2019_daytime_sleepiness	Continuous UKB daytime-sleepiness phenotype	EUR	hg19	452071	NA	NA	continuous	31409809	UNRESOLVED	Wang 2019 Nat Commun — UKB daytime sleepiness
core	napping	Daytime napping	sleep	dashti_2021_daytime_napping	Dashti_2021_napping	Daytime-napping frequency	EUR	hg19	452633	NA	NA	continuous	33568662	UNRESOLVED	Dashti 2021 Nat Commun — UKB daytime napping frequency
core	snoring	Habitual snoring	sleep	campos_2020_snoring	GCST009760_Campos_main_analysis	UK Biobank field 1210: yes versus no to whether a partner, close relative, or friend complains about the participant's snoring	EUR	hg19	408317	152302	256015	binary	32060260	10.1038/s41467-020-14625-1	Campos 2020 Nat Commun — UKB habitual snoring
core	sleep_apnea	Sleep apnea	sleep	finngen_r9_sleep_apnoea	FinnGen_R9_G6_SLEEPAPNO_2023-05-04	FinnGen R9 G6_SLEEPAPNO: hospital-discharge or cause-of-death ICD-10 G47.3 / ICD-9 3472, with G6_NARCOCATA and G6_SLEEPDISOTH excluded from controls	EUR	hg38	375657	38998	336659	binary	36653562	10.1038/s41586-022-05473-8	FinnGen R9 G6_SLEEPAPNO
core	sleep_efficiency	Actigraphy sleep efficiency	sleep	jones_2019_accelerometer_sleep	GCST007803_sleep_efficiency	Rank-normalized actigraphy sleep efficiency	EUR	hg19	84810	NA	NA	continuous	30952852	UNRESOLVED	Jones 2019 Nat Commun — GCST007803 European subset
core	accel_sleep_duration	Actigraphy sleep duration	sleep	jones_2019_accelerometer_sleep	GCST007803_sleep_duration	Rank-normalized actigraphy SPT-window sleep duration	EUR	hg19	85449	NA	NA	continuous	30952852	UNRESOLVED	Jones 2019 Nat Commun — GCST007803 European subset
core	sleep_timing	Actigraphy sleep timing	sleep	jones_2019_accelerometer_sleep	GCST007803_sleep_midpoint	Rank-normalized actigraphy SPT-window midpoint	EUR	hg19	84810	NA	NA	continuous	30952852	UNRESOLVED	Jones 2019 Nat Commun — GCST007803 European subset
core	alz	Alzheimer's disease	neuro	bellenguez_2022_alzheimer_stage1	GCST90027158_stage1_GRCh38	Bellenguez 2022 Stage I meta-analysis of clinically diagnosed Alzheimer disease and UK Biobank proxy-ADD based on parental dementia; UKB controls report neither dementia nor family history of dementia	EUR	hg38	487511	85934	401577	binary	35379992	10.1038/s41588-022-01024-z	Bellenguez 2022 Nat Genet — all-European Stage I discovery meta-analysis
core	parkinson	Parkinson's disease	neuro	nalls_2019_parkinson_public_proxy	GCST009325_public_EUR_proxy_GRCh37	Nalls 2019 public European meta-analysis of 15,056 Parkinson disease cases plus 18,618 UK Biobank proxy cases without PD but with a first-degree relative with PD versus 449,056 controls	EUR	hg19	482730	33674	449056	binary	31701892	10.1016/S1474-4422(19)30320-5	Nalls 2019 Lancet Neurol — public restricted-cohort-excluded release with UKB proxy cases
core	mdd	Major depressive disorder	psychiatric	howard_2019_mdd_no23andme	PGC_UKB_depression_genome-wide_no23andMe	Meta-analysis of UK Biobank broad-depression help-seeking cases (ever saw a GP or psychiatrist for nerves, anxiety, tension, or depression, with specified severe-psychiatric exclusions) and primarily clinically ascertained PGC_139k MDD, excluding 23andMe and overlapping earlier UK Biobank samples	EUR	UNRESOLVED	500199	170756	329443	binary	30718901	10.1038/s41593-018-0326-7	Howard 2019 Nat Neurosci — public genome-wide UKB plus PGC_139k release without 23andMe
core	scz	Schizophrenia	psychiatric	trubetskoy_2022_scz_eur	PGC3_SCZ_wave3_european_autosome_public_v3	Schizophrenia or schizoaffective-disorder case status in the European-ancestry PGC3 Wave 3 core cohorts; each parent-proband trio contributes one case and one control	EUR	hg19	130644	53386	77258	binary	35396580	10.1038/s41586-022-04434-5	Trubetskoy 2022 Nature — PGC3 Wave 3 European autosomal stratum
core	bipolar	Bipolar disorder	psychiatric	mullins_2021_bipolar_eur	pgc-bip2021-all_Figshare_v2	Lifetime bipolar-disorder case status under DSM-IV, ICD-9, or ICD-10, established by structured interview, clinician checklist, medical-record review, or mostly ICD codes in the five external biobanks	EUR	hg19	413466	41917	371549	binary	34002096	10.1038/s41588-021-00857-4	Mullins 2021 Nat Genet — PGC3 all-bipolar-disorder cases
core	adhd	ADHD	psychiatric	demontis_2023_adhd_eur	ADHD2022_iPSYCH_deCODE_PGC_January_2022_release	ADHD case status from psychiatrist-assigned ICD-10 codes in iPSYCH, clinical ICD-10 diagnosis or ADHD-specific medication in deCODE, and ten European-ancestry PGC cohorts; controls are cohort-specific noncases	EUR	hg19	225534	38691	186843	binary	36702997	10.1038/s41588-022-01285-8	Demontis 2023 Nat Genet — iPSYCH, deCODE, and PGC European meta-analysis
core	ibd	Inflammatory bowel disease	immune	delange_2017_ibd	GCST004131_build37_59957_20161107	Combined inflammatory-bowel-disease case status in the de Lange 2017 European meta-analysis	EUR	hg19	59957	25042	34915	binary	28067908	10.1038/ng.3760	de Lange 2017 Nat Genet — IIBDGC
core	crohn	Crohn's disease	immune	delange_2017_crohn	GCST004132_build37_40266_20161107	Crohn's-disease case status in the de Lange 2017 European meta-analysis	EUR	hg19	40266	12194	28072	binary	28067908	10.1038/ng.3760	de Lange 2017 Nat Genet — IIBDGC Crohn's stratum
core	uc	Ulcerative colitis	immune	delange_2017_uc	GCST004133_build37_45975_20161107	Ulcerative-colitis case status in the de Lange 2017 European meta-analysis	EUR	hg19	45975	12366	33609	binary	28067908	10.1038/ng.3760	de Lange 2017 Nat Genet — IIBDGC UC stratum
core	ra	Rheumatoid arthritis	immune	ishigaki_2022_ra_eur	GCST90132223_Ishigaki_2022_EUR	Rheumatoid-arthritis case status in the Ishigaki 2022 European-only stratum	EUR	hg19	97173	22350	74823	binary	36333501	10.1038/s41588-022-01213-w	Ishigaki 2022 Nat Genet — European subset
core	ms	Multiple sclerosis	immune	finngen_r9_ms	FinnGen_R9_G6_MS_2023-05-04	FinnGen R9 G6_MS register endpoint: MS-disease / Multiple Sclerosis	EUR	hg38	376169	2182	373987	binary	36653562	10.1038/s41586-022-05473-8	FinnGen R9 G6_MS Finnish-ancestry public release; smaller register-based substitute for the unavailable IMSGC discovery meta-analysis
core	asthma	Asthma	immune	finngen_r9_asthma_exmore	FinnGen_R9_J10_ASTHMA_EXMORE_2023-05-04	FinnGen R9 J10_ASTHMA_EXMORE register endpoint: asthma with additional control exclusions	EUR	hg38	244562	42163	202399	binary	36653562	10.1038/s41586-022-05473-8	FinnGen R9 J10_ASTHMA_EXMORE Finnish-ancestry public release; ascertainment differs from the replaced Han main-UKB analysis
core	bmi	BMI	metabolic	yengo_2018_bmi	GCST006900_Yengo_2018_GIANT_UKB	Continuous body-mass index	EUR	hg19	681275	NA	NA	continuous	30124842	10.1093/hmg/ddy271	Yengo 2018 — GIANT+UKB
core	t2d	Type 2 diabetes	metabolic	finngen_r9_t2d	FinnGen_R9_T2D_2023-05-04	FinnGen R9 T2D register endpoint: type 2 diabetes, definitions combined	EUR	hg38	365950	57698	308252	binary	36653562	10.1038/s41586-022-05473-8	FinnGen R9 T2D Finnish-ancestry public release; smaller public substitute for the terms-gated DIAMANTE analysis
core	ldl	LDL cholesterol	metabolic	graham_2021_ldl_eur	GCST90239658_LDL_INV_EUR	Inverse-normalized LDL cholesterol in the Graham 2021 European GLGC stratum	EUR	hg19	1320016	NA	NA	continuous	34887591	10.1038/s41586-021-04064-3	Graham 2021 Nature — GLGC
core	hdl	HDL cholesterol	metabolic	graham_2021_hdl_eur	GCST90239652_HDL_INV_EUR	Inverse-normalized HDL cholesterol in the Graham 2021 European GLGC stratum	EUR	hg19	1320016	NA	NA	continuous	34887591	10.1038/s41586-021-04064-3	Graham 2021 Nature — GLGC
core	triglycerides	Triglycerides	metabolic	graham_2021_triglycerides_eur	GCST90239664_logTG_INV_EUR	Inverse-normalized log triglycerides in the Graham 2021 European GLGC stratum	EUR	hg19	1320016	NA	NA	continuous	34887591	10.1038/s41586-021-04064-3	Graham 2021 Nature — GLGC
core	cad	Coronary artery disease	cardio	finngen_r9_ihd	FinnGen_R9_I9_IHD_2023-05-04	FinnGen R9 I9_IHD register endpoint: ischaemic heart disease, wide definition; used as a broader proxy for the locked CAD trait	EUR	hg38	377277	63744	313533	binary	36653562	10.1038/s41586-022-05473-8	FinnGen R9 I9_IHD Finnish-ancestry public release; phenotype-breadth sensitivity flag required in every CAD interpretation
core	stroke	Stroke (any)	cardio	mishra_2022_any_stroke_eur	GCST90104539_any_stroke_EUR	Any-stroke case status in the Mishra 2022 GIGASTROKE European stratum; subtype strata excluded	EUR	hg19	1308460	73652	1234808	binary	36180795	10.1038/s41586-022-05165-3	Mishra 2022 Nature — GIGASTROKE European subset
core	atrial_fibrillation	Atrial fibrillation	cardio	nielsen_2018_atrial_fibrillation	GCST006061_AF_HRC_GWAS_ALLv11	Atrial-fibrillation case status in the Nielsen 2018 HRC-imputed European meta-analysis	EUR	hg19	1030836	60620	970216	binary	29892015	10.1038/s41588-018-0133-9	Nielsen 2018 Nat Genet — AFGen
core	sbp	Systolic blood pressure	cardio	evangelou_2018_sbp_opengwas	OpenGWAS_ieu-b-38_Evangelou2018_SBP	Continuous untransformed systolic blood pressure in mmHg; UK Biobank used the mean of two available automated or manual readings (one when only one was available) and added 15 mmHg for antihypertensive medication before the European UKB+ICBP meta-analysis	EUR	hg19	757601	NA	NA	continuous	30224653	10.1038/s41588-018-0205-x	Evangelou 2018 Nat Genet — UKB+ICBP European SBP meta-analysis
core	longevity	Longevity (90th percentile)	aging	deelen_2019_longevity_90th	GCST008598_90th_percentile	Survival beyond the cohort-specific 90th percentile	EUR	hg19	36745	11262	25483	binary	31413261	10.1038/s41467-019-11558-2	Deelen 2019 Nat Commun
core	parental_lifespan	Parental lifespan	aging	timmers_2019_parental_lifespan	GCST009890	Parental survival/lifespan with per-SNP sample size	EUR	hg19	1012240	NA	NA	continuous	30642433	10.7554/eLife.39856	Timmers 2019 eLife — GCST009890
core	healthspan	Healthspan	aging	zenin_2019_healthspan	GCST007406	Healthspan in genetically Caucasian British UKB participants	EUR	hg19	300447	NA	NA	continuous	30729179	10.1038/s42003-019-0290-0	Zenin 2019 Commun Biol — GCST007406
core	frailty	Frailty index	aging	atkins_2021_frailty_index	GCST90020053	Continuous frailty index in a European-descent meta-analysis	EUR	hg19	175226	NA	NA	continuous	34431594	10.1111/acel.13459	Atkins 2021 Aging Cell — GCST90020053
core	telomere_length	Leukocyte telomere length	aging	burren_2024_telomere_nfe	GCST90435144_Burren_2024_NFE	Continuous leukocyte telomere length in the UK Biobank non-Finnish-European whole-genome-sequence analysis	EUR	hg38	438351	NA	NA	continuous	39192095	10.1038/s41588-024-01884-7	Burren 2024 Nat Genet — GWAS Catalog GCST90435144 non-Finnish-European stratum
core	grip_strength	Hand grip strength	aging	neale_2018_left_grip_strength	Neale_round2_field46	Inverse-rank-normalized left-hand grip strength in white-British UKB participants	EUR	hg19	359704	NA	NA	continuous	UNRESOLVED	UNRESOLVED	Neale Lab UKB round 2 — field 46
core	breast_cancer	Breast cancer (overall)	cancer	bcac_2020_overall_breast_cancer	BCAC_2020_overall_EUR	Overall breast-cancer case status in the selected European-ancestry meta-analysis	EUR	hg19	247173	133384	113789	binary	32424353	10.1038/s41588-020-0609-2	Zhang 2020 Nat Genet — BCAC overall European release
core	prostate_cancer	Prostate cancer (overall)	cancer	schumacher_2018_prostate_cancer	GCST006085_EUR	Overall prostate-cancer case status in the selected European-ancestry meta-analysis	EUR	hg19	140254	79148	61106	binary	29892016	10.1038/s41588-018-0142-8	Schumacher 2018 Nat Genet — PRACTICAL EUR fixed-effect meta-analysis
core	colorectal_cancer	Colorectal cancer	cancer	fernandez_rozadilla_2023_colorectal_eur	GCST90255675_EUR	Colorectal-cancer case status in the Fernandez-Rozadilla 2023 European-only main stratum	EUR	hg19	185616	78473	107143	binary	36539618	10.1038/s41588-022-01222-9	Fernandez-Rozadilla 2023 Nat Genet — European stratum
core	lung_cancer	Lung cancer	cancer	mckay_2017_lung_cancer_eur	GCST004748_overall	Overall lung-cancer case status across histological subtypes in the McKay 2017 European meta-analysis	EUR	hg19	85716	29266	56450	binary	28604730	10.1038/ng.3892	McKay 2017 Nat Genet — ILCCO overall lung cancer
core	melanoma	Cutaneous melanoma	cancer	finngen_r9_melanoma_skin_exallc	FinnGen_R9_C3_MELANOMA_SKIN_EXALLC_2023-05-04	FinnGen R9 C3_MELANOMA_SKIN_EXALLC register endpoint: malignant melanoma of skin with controls excluding all cancers	EUR	hg38	290130	2993	287137	binary	36653562	10.1038/s41586-022-05473-8	FinnGen R9 C3_MELANOMA_SKIN_EXALLC Finnish-ancestry public release; smaller register-based substitute with a distinct control definition
core	ovarian_cancer	Ovarian cancer (all invasive epithelial)	cancer	phelan_2017_ovarian_cancer	GCST004462_EUR	All invasive epithelial ovarian-cancer case status	EUR	hg19	63347	22406	40941	binary	28346442	10.1038/ng.3826	Phelan 2017 Nat Genet — OCAC European GCST004462
extension	panukbb_biomarkers__30890__both_sexes__na__irnt	Vitamin D	molecular_biomarker	PANUKBB_2025_RELEASE	Pan-UK Biobank 2025 EUR	Vitamin D	EUR	GRCh37	383324	NA	NA	continuous	40968291	10.1038/s41588-025-02335-7	Source release label is copied from the frozen panel; it is not independent proof of a separate regenerated release.
extension	panukbb_continuous__30060__both_sexes__na__irnt	Mean corpuscular haemoglobin concentration	molecular_biomarker	PANUKBB_2025_RELEASE	Pan-UK Biobank 2025 EUR	"Mean corpuscular haemoglobin concentration | Result of ""Mean Corpuscular Haemoglobin Concentration"" assay, performed on blood sample, obtained from UK Biobank assessment centre visit. Mean Corpuscular Haemoglobin Concentration (g/dL) is the average weight of haemoglobin in a measured dilution, computed by the formula: (haemoglobin/haematocrit) x 100."	EUR	GRCh37	408000	NA	NA	continuous	40968291	10.1038/s41588-025-02335-7	Source release label is copied from the frozen panel; it is not independent proof of a separate regenerated release.
extension	panukbb_continuous__30510__both_sexes__na__irnt	Creatinine (enzymatic) in urine	renal_urinary	PANUKBB_2025_RELEASE	Pan-UK Biobank 2025 EUR	Creatinine (enzymatic) in urine | Measured by enzymatic analysis on a Beckman Coulter AU5400.	EUR	GRCh37	408485	NA	NA	continuous	40968291	10.1038/s41588-025-02335-7	Source release label is copied from the frozen panel; it is not independent proof of a separate regenerated release.
extension	panukbb_continuous__30520__both_sexes__na__irnt	Potassium in urine	renal_urinary	PANUKBB_2025_RELEASE	Pan-UK Biobank 2025 EUR	Potassium in urine | Measured by ISE (ion selective electrode) analysis on a Beckman Coulter AU5400.	EUR	GRCh37	407598	NA	NA	continuous	40968291	10.1038/s41588-025-02335-7	Source release label is copied from the frozen panel; it is not independent proof of a separate regenerated release.
extension	panukbb_continuous__30530__both_sexes__na__irnt	Sodium in urine	renal_urinary	PANUKBB_2025_RELEASE	Pan-UK Biobank 2025 EUR	Sodium in urine | Measured by ISE (ion selective electrode) analysis using Beckman Coulter AU5400.	EUR	GRCh37	407610	NA	NA	continuous	40968291	10.1038/s41588-025-02335-7	Source release label is copied from the frozen panel; it is not independent proof of a separate regenerated release.
extension	panukbb_phecode__594__both_sexes__na__na	Urinary calculus	renal_urinary	PANUKBB_2025_RELEASE	Pan-UK Biobank 2025 EUR	Urinary calculus	EUR	GRCh37	418800	7593	411207	binary	40968291	10.1038/s41588-025-02335-7	Source release label is copied from the frozen panel; it is not independent proof of a separate regenerated release.
extension	panukbb_icd10__j44__both_sexes__na__na	J44 Other chronic obstructive pulmonary disease	pulmonary	PANUKBB_2025_RELEASE	Pan-UK Biobank 2025 EUR	J44 Other chronic obstructive pulmonary disease | truncated: true	EUR	GRCh37	420531	11536	408995	binary	40968291	10.1038/s41588-025-02335-7	Source release label is copied from the frozen panel; it is not independent proof of a separate regenerated release.
extension	panukbb_continuous__3064__both_sexes__na__irnt	Peak expiratory flow (PEF)	pulmonary	PANUKBB_2025_RELEASE	Pan-UK Biobank 2025 EUR	Peak expiratory flow (PEF) | Peak expiratory flow during blow	EUR	GRCh37	383471	NA	NA	continuous	40968291	10.1038/s41588-025-02335-7	Source release label is copied from the frozen panel; it is not independent proof of a separate regenerated release.
extension	panukbb_categorical__2316__both_sexes__2316__na	Wheeze or whistling in the chest in last year	pulmonary	PANUKBB_2025_RELEASE	Pan-UK Biobank 2025 EUR	"Wheeze or whistling in the chest in last year | ACE touchscreen question ""In the last year have you ever had wheeze or whistling in the chest?"""	EUR	GRCh37	412753	86595	326158	binary	40968291	10.1038/s41588-025-02335-7	Source release label is copied from the frozen panel; it is not independent proof of a separate regenerated release.
extension	panukbb_phecode__496_2__both_sexes__na__na	Chronic bronchitis	pulmonary	PANUKBB_2025_RELEASE	Pan-UK Biobank 2025 EUR	Chronic bronchitis	EUR	GRCh37	391420	11764	379656	binary	40968291	10.1038/s41588-025-02335-7	Source release label is copied from the frozen panel; it is not independent proof of a separate regenerated release.
extension	panukbb_icd10__k21__both_sexes__na__na	K21 Gastro-oesophageal reflux disease	gastrointestinal	PANUKBB_2025_RELEASE	Pan-UK Biobank 2025 EUR	K21 Gastro-oesophageal reflux disease | truncated: true	EUR	GRCh37	420531	29975	390556	binary	40968291	10.1038/s41588-025-02335-7	Source release label is copied from the frozen panel; it is not independent proof of a separate regenerated release.
extension	panukbb_icd10__k80__both_sexes__na__na	K80 Cholelithiasis	gastrointestinal	PANUKBB_2025_RELEASE	Pan-UK Biobank 2025 EUR	K80 Cholelithiasis | truncated: true	EUR	GRCh37	420531	16983	403548	binary	40968291	10.1038/s41588-025-02335-7	Source release label is copied from the frozen panel; it is not independent proof of a separate regenerated release.
extension	panukbb_phecode__550_2__both_sexes__na__na	Diaphragmatic hernia	gastrointestinal	PANUKBB_2025_RELEASE	Pan-UK Biobank 2025 EUR	Diaphragmatic hernia	EUR	GRCh37	397345	33482	363863	binary	40968291	10.1038/s41588-025-02335-7	Source release label is copied from the frozen panel; it is not independent proof of a separate regenerated release.
extension	panukbb_phecode__550_4__both_sexes__na__na	Umbilical hernia	gastrointestinal	PANUKBB_2025_RELEASE	Pan-UK Biobank 2025 EUR	Umbilical hernia	EUR	GRCh37	368404	4541	363863	binary	40968291	10.1038/s41588-025-02335-7	Source release label is copied from the frozen panel; it is not independent proof of a separate regenerated release.
extension	panukbb_phecode__558__both_sexes__na__na	Noninfectious gastroenteritis	gastrointestinal	PANUKBB_2025_RELEASE	Pan-UK Biobank 2025 EUR	Noninfectious gastroenteritis	EUR	GRCh37	347358	17088	330270	binary	40968291	10.1038/s41588-025-02335-7	Source release label is copied from the frozen panel; it is not independent proof of a separate regenerated release.
extension	panukbb_phecode__785__both_sexes__na__na	Abdominal pain	gastrointestinal	PANUKBB_2025_RELEASE	Pan-UK Biobank 2025 EUR	Abdominal pain	EUR	GRCh37	420531	47295	373236	binary	40968291	10.1038/s41588-025-02335-7	Source release label is copied from the frozen panel; it is not independent proof of a separate regenerated release.
extension	panukbb_categorical__41200__both_sexes__j183__na	Operative procedures - main OPCS4	gastrointestinal	PANUKBB_2025_RELEASE	Pan-UK Biobank 2025 EUR	Operative procedures - main OPCS4 | J18.3 Total cholecystectomy NEC | This field is a summary of the main operation and procedure codes a participant has had recorded across all their hospital inpatient records. Operative procedures are coded according to the Office of Population Censuses and Surveys Classification of Interventions and Procedures, version 4 (OPCS-4).  The corresponding date when each main procedure was first recorded in the inpatient data can be found in ~F41260~.	EUR	GRCh37	420531	14065	406466	binary	40968291	10.1038/s41588-025-02335-7	Source release label is copied from the frozen panel; it is not independent proof of a separate regenerated release.
extension	panukbb_categorical__20004__both_sexes__1483__na	Operation code	gastrointestinal	PANUKBB_2025_RELEASE	Pan-UK Biobank 2025 EUR	"Operation code | haemorroidectomy / piles surgery/ banding of piles | Code for operation. If the participant was uncertain of the type of operation they had undergone, then they described it to the interviewer (a trained nurse) who attempted to place it within the coding tree. If the operation could not be located in the coding tree then the interviewer entered a free-text description of it. These free-text descriptions were subsequently examined by a doctor and, where possible, matched to entries in the coding tree. Free-text descriptions which could not be matched with very high probability have been marked as ""unclassifiable""."	EUR	GRCh37	420473	7412	413061	binary	40968291	10.1038/s41588-025-02335-7	Source release label is copied from the frozen panel; it is not independent proof of a separate regenerated release.
extension	panukbb_continuous__5116__both_sexes__na__irnt	3mm cylindrical power (right)	sensory	PANUKBB_2025_RELEASE	Pan-UK Biobank 2025 EUR	3mm cylindrical power (right) | This is the cylindrical power of keratometry results taken at 3mm for the right eye (0 indicates none)	EUR	GRCh37	85881	NA	NA	continuous	40968291	10.1038/s41588-025-02335-7	Source release label is copied from the frozen panel; it is not independent proof of a separate regenerated release.
extension	panukbb_continuous__5096__both_sexes__na__irnt	3mm weak meridian (left)	sensory	PANUKBB_2025_RELEASE	Pan-UK Biobank 2025 EUR	3mm weak meridian (left) | This is the weak meridian of keratometry results taken at 3mm for the left eye	EUR	GRCh37	85870	NA	NA	continuous	40968291	10.1038/s41588-025-02335-7	Source release label is copied from the frozen panel; it is not independent proof of a separate regenerated release.
extension	panukbb_continuous__5257__both_sexes__na__irnt	Corneal resistance factor (right)	sensory	PANUKBB_2025_RELEASE	Pan-UK Biobank 2025 EUR	Corneal resistance factor (right) | corneal resistance factor for right eye	EUR	GRCh37	87199	NA	NA	continuous	40968291	10.1038/s41588-025-02335-7	Source release label is copied from the frozen panel; it is not independent proof of a separate regenerated release.
extension	panukbb_continuous__2217__both_sexes__na__irnt	Age started wearing glasses or contact lenses	sensory	PANUKBB_2025_RELEASE	Pan-UK Biobank 2025 EUR	"Age started wearing glasses or contact lenses | ACE touchscreen question ""What age did you first start to wear glasses or contact lenses?"" The following checks were performed:  If answer   If answer > Participants age then rejected  If answer    If the participant activated the Help button they were shown the message:     If you are unsure, please provide an estimate or select Do not know.      ~F2217~ was collected from participants who indicated they wear glasses or contact lenses to correct their vision, as defined by their answers to ~F2207~"	EUR	GRCh37	361940	NA	NA	continuous	40968291	10.1038/s41588-025-02335-7	Source release label is copied from the frozen panel; it is not independent proof of a separate regenerated release.
extension	panukbb_categorical__2207__both_sexes__2207__na	Wears glasses or contact lenses	sensory	PANUKBB_2025_RELEASE	Pan-UK Biobank 2025 EUR	"Wears glasses or contact lenses | ACE touchscreen question ""Do you wear glasses or contact lenses to correct your vision?"""	EUR	GRCh37	419938	374539	45399	binary	40968291	10.1038/s41588-025-02335-7	Source release label is copied from the frozen panel; it is not independent proof of a separate regenerated release.
extension	panukbb_categorical__3393__both_sexes__3393__na	Hearing aid user	sensory	PANUKBB_2025_RELEASE	Pan-UK Biobank 2025 EUR	"Hearing aid user | ACE touchscreen question ""Do you use a hearing aid most of the time?""  Initially this information was collected from all participants answering Yes to either ~F2247~ (~F10793~ in the pilot) or ~F2257~. When the speech-in-noise hearing test was introduced (2009), program logic was altered so that the information was collected from all participants except those who indicated they were completely deaf, as defined by their answers to ~F2247~."	EUR	GRCh37	254583	12940	241643	binary	40968291	10.1038/s41588-025-02335-7	Source release label is copied from the frozen panel; it is not independent proof of a separate regenerated release.
extension	panukbb_categorical__2257__both_sexes__2257__na	Hearing difficulty/problems with background noise	sensory	PANUKBB_2025_RELEASE	Pan-UK Biobank 2025 EUR	"Hearing difficulty/problems with background noise | ACE touchscreen question ""Do you find it difficult to follow a conversation if there is background noise (such as TV, radio, children playing)?"" ~F2257~ was collected from all participants except those who indicated they were completely deaf, as defined by their answers to ~F2247~"	EUR	GRCh37	412175	156336	255839	binary	40968291	10.1038/s41588-025-02335-7	Source release label is copied from the frozen panel; it is not independent proof of a separate regenerated release.
extension	panukbb_prescriptions__latanoprost__both_sexes__na__na	latanoprost	sensory	PANUKBB_2025_RELEASE	Pan-UK Biobank 2025 EUR	latanoprost	EUR	GRCh37	420531	2914	417617	binary	40968291	10.1038/s41588-025-02335-7	Source release label is copied from the frozen panel; it is not independent proof of a separate regenerated release.
extension	panukbb_icd10__m16__both_sexes__na__na	M16 Coxarthrosis [arthrosis of hip]	musculoskeletal_pain	PANUKBB_2025_RELEASE	Pan-UK Biobank 2025 EUR	M16 Coxarthrosis [arthrosis of hip] | truncated: true	EUR	GRCh37	420531	14999	405532	binary	40968291	10.1038/s41588-025-02335-7	Source release label is copied from the frozen panel; it is not independent proof of a separate regenerated release.
extension	panukbb_icd10__m17__both_sexes__na__na	M17 Gonarthrosis [arthrosis of knee]	musculoskeletal_pain	PANUKBB_2025_RELEASE	Pan-UK Biobank 2025 EUR	M17 Gonarthrosis [arthrosis of knee] | truncated: true	EUR	GRCh37	420531	24753	395778	binary	40968291	10.1038/s41588-025-02335-7	Source release label is copied from the frozen panel; it is not independent proof of a separate regenerated release.
extension	panukbb_icd10__m51__both_sexes__na__na	M51 Other intervertebral disk disorders	musculoskeletal_pain	PANUKBB_2025_RELEASE	Pan-UK Biobank 2025 EUR	M51 Other intervertebral disk disorders | truncated: true	EUR	GRCh37	420531	9053	411478	binary	40968291	10.1038/s41588-025-02335-7	Source release label is copied from the frozen panel; it is not independent proof of a separate regenerated release.
extension	panukbb_continuous__4105__both_sexes__na__irnt	Heel bone mineral density (BMD) (left)	musculoskeletal_pain	PANUKBB_2025_RELEASE	Pan-UK Biobank 2025 EUR	Heel bone mineral density (BMD) (left) | Estimation of bone mineral density (BMD) in the left heel is based on the Quantitative Ultrasound Index through the calcaneus. Direct entry.	EUR	GRCh37	132090	NA	NA	continuous	40968291	10.1038/s41588-025-02335-7	Source release label is copied from the frozen panel; it is not independent proof of a separate regenerated release.
extension	panukbb_categorical__6151__both_sexes__7__na	Fractured bone site(s)	musculoskeletal_pain	PANUKBB_2025_RELEASE	Pan-UK Biobank 2025 EUR	"Fractured bone site(s) | Other bones | ACE touchscreen question ""Which bones did you fracture/break? (You can select more than one answer)"" The following checks were performed:  If code -1 was selected, then no additional choices were allowed.  If code -3 was selected, then no additional choices were allowed.   ~F6151~ was collected from participants who indicated they have had fractured/broken bones in the last 5 years, as defined by their answers to ~F2463~"	EUR	GRCh37	418261	21833	396428	binary	40968291	10.1038/s41588-025-02335-7	Source release label is copied from the frozen panel; it is not independent proof of a separate regenerated release.
extension	panukbb_categorical__3571__both_sexes__3571__na	Back pain for 3+ months	musculoskeletal_pain	PANUKBB_2025_RELEASE	Pan-UK Biobank 2025 EUR	"Back pain for 3+ months | ACE touchscreen question ""Have you had back pains for more than 3 months?"" ~F3571~ was collected from participants who indicated that in the last month they experienced back pain that interfered with their usual activities, as defined by their answers to ~F6159~"	EUR	GRCh37	105996	72789	33207	binary	40968291	10.1038/s41588-025-02335-7	Source release label is copied from the frozen panel; it is not independent proof of a separate regenerated release.
extension	panukbb_categorical__6159__both_sexes__7__na	Pain type(s) experienced in last month	musculoskeletal_pain	PANUKBB_2025_RELEASE	Pan-UK Biobank 2025 EUR	"Pain type(s) experienced in last month | Knee pain | ACE touchscreen question ""In the last month have you experienced any of the following that interfered with your usual activites? (You can select more than one answer)"" The following checks were performed:  If code 8 was selected, then no additional choices were allowed.  If code -7 was selected, then no additional choices were allowed.  If code -3 was selected, then no additional choices were allowed.  "	EUR	GRCh37	419588	89827	329761	binary	40968291	10.1038/s41588-025-02335-7	Source release label is copied from the frozen panel; it is not independent proof of a separate regenerated release.
extension	panukbb_categorical__6159__both_sexes__8__na	Pain type(s) experienced in last month	musculoskeletal_pain	PANUKBB_2025_RELEASE	Pan-UK Biobank 2025 EUR	"Pain type(s) experienced in last month | Pain all over the body | ACE touchscreen question ""In the last month have you experienced any of the following that interfered with your usual activites? (You can select more than one answer)"" The following checks were performed:  If code 8 was selected, then no additional choices were allowed.  If code -7 was selected, then no additional choices were allowed.  If code -3 was selected, then no additional choices were allowed.  "	EUR	GRCh37	419588	6603	412985	binary	40968291	10.1038/s41588-025-02335-7	Source release label is copied from the frozen panel; it is not independent proof of a separate regenerated release.
extension	panukbb_phecode__740__both_sexes__na__na	Osteoarthrosis	musculoskeletal_pain	PANUKBB_2025_RELEASE	Pan-UK Biobank 2025 EUR	Osteoarthrosis	EUR	GRCh37	420531	36073	384458	binary	40968291	10.1038/s41588-025-02335-7	Source release label is copied from the frozen panel; it is not independent proof of a separate regenerated release.
extension	panukbb_phecode__835__both_sexes__na__na	Internal derangement of knee	musculoskeletal_pain	PANUKBB_2025_RELEASE	Pan-UK Biobank 2025 EUR	Internal derangement of knee	EUR	GRCh37	415264	17832	397432	binary	40968291	10.1038/s41588-025-02335-7	Source release label is copied from the frozen panel; it is not independent proof of a separate regenerated release.
extension	panukbb_icd10__z88__both_sexes__na__na	Z88 Personal history of allergy to drugs, medicaments and biologocal substances	allergy_infectious	PANUKBB_2025_RELEASE	Pan-UK Biobank 2025 EUR	Z88 Personal history of allergy to drugs, medicaments and biologocal substances | truncated: true	EUR	GRCh37	420531	32513	388018	binary	40968291	10.1038/s41588-025-02335-7	Source release label is copied from the frozen panel; it is not independent proof of a separate regenerated release.
extension	panukbb_phecode__960_2__both_sexes__na__na	Allergy/adverse effect of penicillin	allergy_infectious	PANUKBB_2025_RELEASE	Pan-UK Biobank 2025 EUR	Allergy/adverse effect of penicillin	EUR	GRCh37	403260	20021	383239	binary	40968291	10.1038/s41588-025-02335-7	Source release label is copied from the frozen panel; it is not independent proof of a separate regenerated release.
extension	panukbb_phecode__960__both_sexes__na__na	Poisoning by antibiotics	allergy_infectious	PANUKBB_2025_RELEASE	Pan-UK Biobank 2025 EUR	Poisoning by antibiotics	EUR	GRCh37	406300	23061	383239	binary	40968291	10.1038/s41588-025-02335-7	Source release label is copied from the frozen panel; it is not independent proof of a separate regenerated release.
extension	panukbb_prescriptions__amoxicillin_clavulanic_acid__both_sexes__na__na	amoxicillin/clavulanic acid	allergy_infectious	PANUKBB_2025_RELEASE	Pan-UK Biobank 2025 EUR	amoxicillin/clavulanic acid	EUR	GRCh37	420531	27703	392828	binary	40968291	10.1038/s41588-025-02335-7	Source release label is copied from the frozen panel; it is not independent proof of a separate regenerated release.
extension	panukbb_prescriptions__clarithromycin__both_sexes__na__na	clarithromycin	allergy_infectious	PANUKBB_2025_RELEASE	Pan-UK Biobank 2025 EUR	clarithromycin	EUR	GRCh37	420531	23797	396734	binary	40968291	10.1038/s41588-025-02335-7	Source release label is copied from the frozen panel; it is not independent proof of a separate regenerated release.
extension	panukbb_categorical__20004__both_sexes__1478__na	Operation code	allergy_infectious	PANUKBB_2025_RELEASE	Pan-UK Biobank 2025 EUR	"Operation code | tonsillectomy +/- adenoids | Code for operation. If the participant was uncertain of the type of operation they had undergone, then they described it to the interviewer (a trained nurse) who attempted to place it within the coding tree. If the operation could not be located in the coding tree then the interviewer entered a free-text description of it. These free-text descriptions were subsequently examined by a doctor and, where possible, matched to entries in the coding tree. Free-text descriptions which could not be matched with very high probability have been marked as ""unclassifiable""."	EUR	GRCh37	420473	65576	354897	binary	40968291	10.1038/s41588-025-02335-7	Source release label is copied from the frozen panel; it is not independent proof of a separate regenerated release.
extension	panukbb_prescriptions__gabapentin__both_sexes__na__na	gabapentin	medication_use	PANUKBB_2025_RELEASE	Pan-UK Biobank 2025 EUR	gabapentin	EUR	GRCh37	420531	9937	410594	binary	40968291	10.1038/s41588-025-02335-7	Source release label is copied from the frozen panel; it is not independent proof of a separate regenerated release.
extension	panukbb_prescriptions__paracetamol__both_sexes__na__na	paracetamol	medication_use	PANUKBB_2025_RELEASE	Pan-UK Biobank 2025 EUR	paracetamol	EUR	GRCh37	420531	40391	380140	binary	40968291	10.1038/s41588-025-02335-7	Source release label is copied from the frozen panel; it is not independent proof of a separate regenerated release.
extension	panukbb_prescriptions__mebeverine__both_sexes__na__na	mebeverine	medication_use	PANUKBB_2025_RELEASE	Pan-UK Biobank 2025 EUR	mebeverine	EUR	GRCh37	420531	14876	405655	binary	40968291	10.1038/s41588-025-02335-7	Source release label is copied from the frozen panel; it is not independent proof of a separate regenerated release.
extension	panukbb_prescriptions__amlodipine__both_sexes__na__na	amlodipine	medication_use	PANUKBB_2025_RELEASE	Pan-UK Biobank 2025 EUR	amlodipine	EUR	GRCh37	420531	27258	393273	binary	40968291	10.1038/s41588-025-02335-7	Source release label is copied from the frozen panel; it is not independent proof of a separate regenerated release.
extension	panukbb_prescriptions__orlistat__both_sexes__na__na	orlistat	medication_use	PANUKBB_2025_RELEASE	Pan-UK Biobank 2025 EUR	orlistat	EUR	GRCh37	420531	4289	416242	binary	40968291	10.1038/s41588-025-02335-7	Source release label is copied from the frozen panel; it is not independent proof of a separate regenerated release.
extension	panukbb_prescriptions__tramadol__both_sexes__na__na	tramadol	medication_use	PANUKBB_2025_RELEASE	Pan-UK Biobank 2025 EUR	tramadol	EUR	GRCh37	420531	22929	397602	binary	40968291	10.1038/s41588-025-02335-7	Source release label is copied from the frozen panel; it is not independent proof of a separate regenerated release.
extension	panukbb_prescriptions__citalopram__both_sexes__na__na	citalopram	medication_use	PANUKBB_2025_RELEASE	Pan-UK Biobank 2025 EUR	citalopram	EUR	GRCh37	420531	17807	402724	binary	40968291	10.1038/s41588-025-02335-7	Source release label is copied from the frozen panel; it is not independent proof of a separate regenerated release.
extension	panukbb_prescriptions__bendroflumethiazide__both_sexes__na__na	bendroflumethiazide	medication_use	PANUKBB_2025_RELEASE	Pan-UK Biobank 2025 EUR	bendroflumethiazide	EUR	GRCh37	420531	23899	396632	binary	40968291	10.1038/s41588-025-02335-7	Source release label is copied from the frozen panel; it is not independent proof of a separate regenerated release.
extension	panukbb_categorical__20003__both_sexes__1140874420__na	Treatment/medication code	medication_use	PANUKBB_2025_RELEASE	Pan-UK Biobank 2025 EUR	Treatment/medication code | quinine | Code for treatment Negative codes indicate free-text entry.	EUR	GRCh37	420473	2846	417627	binary	40968291	10.1038/s41588-025-02335-7	Source release label is copied from the frozen panel; it is not independent proof of a separate regenerated release.
extension	panukbb_categorical__20003__both_sexes__1140881856__na	Treatment/medication code	medication_use	PANUKBB_2025_RELEASE	Pan-UK Biobank 2025 EUR	Treatment/medication code | salbutamol | Code for treatment Negative codes indicate free-text entry.	EUR	GRCh37	420473	5047	415426	binary	40968291	10.1038/s41588-025-02335-7	Source release label is copied from the frozen panel; it is not independent proof of a separate regenerated release.
extension	panukbb_categorical__6149__both_sexes__3__na	Mouth/teeth dental problems	oral_dental	PANUKBB_2025_RELEASE	Pan-UK Biobank 2025 EUR	"Mouth/teeth dental problems | Bleeding gums | ACE touchscreen question ""Do you have any of the following? (You can select more than one answer)"" The following checks were performed:  If code -7 was selected, then no additional choices were allowed.  If code -3 was selected, then no additional choices were allowed.   If the participant activated the Help button they were shown the message:     Answer this question thinking about the past year.     "	EUR	GRCh37	418978	54141	364837	binary	40968291	10.1038/s41588-025-02335-7	Source release label is copied from the frozen panel; it is not independent proof of a separate regenerated release.
extension	panukbb_categorical__6149__both_sexes__4__na	Mouth/teeth dental problems	oral_dental	PANUKBB_2025_RELEASE	Pan-UK Biobank 2025 EUR	"Mouth/teeth dental problems | Loose teeth | ACE touchscreen question ""Do you have any of the following? (You can select more than one answer)"" The following checks were performed:  If code -7 was selected, then no additional choices were allowed.  If code -3 was selected, then no additional choices were allowed.   If the participant activated the Help button they were shown the message:     Answer this question thinking about the past year.     "	EUR	GRCh37	418978	16744	402234	binary	40968291	10.1038/s41588-025-02335-7	Source release label is copied from the frozen panel; it is not independent proof of a separate regenerated release.
extension	panukbb_categorical__6149__both_sexes__6__na	Mouth/teeth dental problems	oral_dental	PANUKBB_2025_RELEASE	Pan-UK Biobank 2025 EUR	"Mouth/teeth dental problems | Dentures | ACE touchscreen question ""Do you have any of the following? (You can select more than one answer)"" The following checks were performed:  If code -7 was selected, then no additional choices were allowed.  If code -3 was selected, then no additional choices were allowed.   If the participant activated the Help button they were shown the message:     Answer this question thinking about the past year.     "	EUR	GRCh37	418978	71479	347499	binary	40968291	10.1038/s41588-025-02335-7	Source release label is copied from the frozen panel; it is not independent proof of a separate regenerated release.
extension	panukbb_categorical__20004__both_sexes__1480__na	Operation code	oral_dental	PANUKBB_2025_RELEASE	Pan-UK Biobank 2025 EUR	"Operation code | wisdom teeth surgery | Code for operation. If the participant was uncertain of the type of operation they had undergone, then they described it to the interviewer (a trained nurse) who attempted to place it within the coding tree. If the operation could not be located in the coding tree then the interviewer entered a free-text description of it. These free-text descriptions were subsequently examined by a doctor and, where possible, matched to entries in the coding tree. Free-text descriptions which could not be matched with very high probability have been marked as ""unclassifiable""."	EUR	GRCh37	420473	16504	403969	binary	40968291	10.1038/s41588-025-02335-7	Source release label is copied from the frozen panel; it is not independent proof of a separate regenerated release.
extension	panukbb_continuous__398__both_sexes__na__na	Number of correct matches in round	cognitive	PANUKBB_2025_RELEASE	Pan-UK Biobank 2025 EUR	Number of correct matches in round | This is the number of correct matches in the round. It should always be 3 for a 2x3 game and 6 for a 3x4 game, unless the participant abandoned before finishing.	EUR	GRCh37	419951	NA	NA	continuous	40968291	10.1038/s41588-025-02335-7	Source release label is copied from the frozen panel; it is not independent proof of a separate regenerated release.
extension	panukbb_continuous__400__both_sexes__na__irnt	Time to complete round	cognitive	PANUKBB_2025_RELEASE	Pan-UK Biobank 2025 EUR	Time to complete round	EUR	GRCh37	413099	NA	NA	continuous	40968291	10.1038/s41588-025-02335-7	Source release label is copied from the frozen panel; it is not independent proof of a separate regenerated release.
extension	panukbb_categorical__4294__both_sexes__0__na	Final attempt correct	cognitive	PANUKBB_2025_RELEASE	Pan-UK Biobank 2025 EUR	Final attempt correct | no | True if final answer given was correct.	EUR	GRCh37	137999	5328	132671	binary	40968291	10.1038/s41588-025-02335-7	Source release label is copied from the frozen panel; it is not independent proof of a separate regenerated release.
extension	panukbb_continuous__20023__both_sexes__na__irnt	Mean time to correctly identify matches	cognitive	PANUKBB_2025_RELEASE	Pan-UK Biobank 2025 EUR	"Mean time to correctly identify matches | This field is the mean duration to first press of snap-button summed over rounds in which both cards matched. It gives a crude measure of the raw processing+reaction speed of a participant.   The following data points were excluded when forming the average:   Rounds 0-4 were regarded as ""training"";   Times under 50ms must be due to anticipation rather than reaction;   Times over 2000ms were ignored as the cards had disappeared by then.     Values were rounded to the nearest whole number."	EUR	GRCh37	417660	NA	NA	continuous	40968291	10.1038/s41588-025-02335-7	Source release label is copied from the frozen panel; it is not independent proof of a separate regenerated release.
extension	panukbb_categorical__5001__both_sexes__5001__na	FI7 : synonym	cognitive	PANUKBB_2025_RELEASE	Pan-UK Biobank 2025 EUR	"FI7 : synonym | ACE touchscreen question ""Stop means the same as?"". Part 7 of Fluid Intelligence test.  Offered choice from Pause, Close, Cease, Break or Rest."	EUR	GRCh37	97600	85333	12267	binary	40968291	10.1038/s41588-025-02335-7	Source release label is copied from the frozen panel; it is not independent proof of a separate regenerated release.
extension	panukbb_continuous__20409__both_sexes__na__na	Frequency of feeling guilt or remorse after drinking alcohol in last year	mental_psychosocial	PANUKBB_2025_RELEASE	Pan-UK Biobank 2025 EUR	"Frequency of feeling guilt or remorse after drinking alcohol in last year | Question asked: ""How often during the last year have you had a feeling of guilt or remorse after drinking?""  Question was asked when the sum of the answer to ~F20403~ plus the answer to ~F20416~ was 3 or above. Participants responding ""prefer not to answer"" to one of these trigger questions were scored as 1 for that question."	EUR	GRCh37	75091	NA	NA	continuous	40968291	10.1038/s41588-025-02335-7	Source release label is copied from the frozen panel; it is not independent proof of a separate regenerated release.
extension	panukbb_continuous__20515__both_sexes__na__na	Recent trouble relaxing	mental_psychosocial	PANUKBB_2025_RELEASE	Pan-UK Biobank 2025 EUR	"Recent trouble relaxing | Question asked: ""Over the last 2 weeks, how often have you been bothered by any of the following problems? [anxiety symptoms] Trouble relaxing"""	EUR	GRCh37	135937	NA	NA	continuous	40968291	10.1038/s41588-025-02335-7	Source release label is copied from the frozen panel; it is not independent proof of a separate regenerated release.
extension	panukbb_continuous__20520__both_sexes__na__na	Recent worrying too much about different things	mental_psychosocial	PANUKBB_2025_RELEASE	Pan-UK Biobank 2025 EUR	"Recent worrying too much about different things | Question asked: ""Over the last 2 weeks, how often have you been bothered by any of the following problems? [anxiety symptoms] Worrying too much about different things"""	EUR	GRCh37	135794	NA	NA	continuous	40968291	10.1038/s41588-025-02335-7	Source release label is copied from the frozen panel; it is not independent proof of a separate regenerated release.
extension	panukbb_continuous__20485__both_sexes__na__na	Ever contemplated self-harm	mental_psychosocial	PANUKBB_2025_RELEASE	Pan-UK Biobank 2025 EUR	"Ever contemplated self-harm | Question asked: ""Have you contemplated harming yourself (for example by cutting, biting, hitting yourself or taking an overdose)?"""	EUR	GRCh37	135819	NA	NA	continuous	40968291	10.1038/s41588-025-02335-7	Source release label is copied from the frozen panel; it is not independent proof of a separate regenerated release.
extension	panukbb_continuous__20498__both_sexes__na__na	Felt very upset when reminded of stressful experience in past month	mental_psychosocial	PANUKBB_2025_RELEASE	Pan-UK Biobank 2025 EUR	"Felt very upset when reminded of stressful experience in past month | Question asked: ""Next is a list of problems and complaints that people sometimes have in response to such extremely stressful experiences. Please indicate how much you have been bothered by that problem in the past month: Feeling very upset when something reminded you of a stressful experience?"""	EUR	GRCh37	136151	NA	NA	continuous	40968291	10.1038/s41588-025-02335-7	Source release label is copied from the frozen panel; it is not independent proof of a separate regenerated release.
extension	panukbb_categorical__6145__both_sexes__6__na	Illness, injury, bereavement, stress in last 2 years	mental_psychosocial	PANUKBB_2025_RELEASE	Pan-UK Biobank 2025 EUR	"Illness, injury, bereavement, stress in last 2 years | Financial difficulties | ACE touchscreen question ""In the last 2 years have you experienced any of the following? (You can select more than one answer)"" The following checks were performed:  If code -7 was selected, then no additional choices were allowed.  If code -3 was selected, then no additional choices were allowed.  "	EUR	GRCh37	417785	47588	370197	binary	40968291	10.1038/s41588-025-02335-7	Source release label is copied from the frozen panel; it is not independent proof of a separate regenerated release.
extension	panukbb_categorical__2020__both_sexes__2020__na	Loneliness, isolation	mental_psychosocial	PANUKBB_2025_RELEASE	Pan-UK Biobank 2025 EUR	"Loneliness, isolation | ACE touchscreen question ""Do you often feel lonely?"" If the participant activated the Help button they were shown the message:     Work through these questions quickly and do not think about the exact meaning of the question     "	EUR	GRCh37	413936	74098	339838	binary	40968291	10.1038/s41588-025-02335-7	Source release label is copied from the frozen panel; it is not independent proof of a separate regenerated release.
extension	panukbb_categorical__2040__both_sexes__2040__na	Risk taking	mental_psychosocial	PANUKBB_2025_RELEASE	Pan-UK Biobank 2025 EUR	"Risk taking | ACE touchscreen question ""Would you describe yourself as someone who takes risks?"" If the participant activated the Help button they were shown the message:     Work through these questions quickly and do not think about the exact meaning of the question     "	EUR	GRCh37	405831	104809	301022	binary	40968291	10.1038/s41588-025-02335-7	Source release label is copied from the frozen panel; it is not independent proof of a separate regenerated release.
extension	panukbb_categorical__1677__both_sexes__1677__na	Breastfed as a baby	early_life	PANUKBB_2025_RELEASE	Pan-UK Biobank 2025 EUR	"Breastfed as a baby | ACE touchscreen question ""Were you breastfed when you were a baby?""   This question was dropped from the touchscreen protocol on 24/10/2016."	EUR	GRCh37	319408	227321	92087	binary	40968291	10.1038/s41588-025-02335-7	Source release label is copied from the frozen panel; it is not independent proof of a separate regenerated release.
extension	panukbb_categorical__1707__both_sexes__2__na	Handedness (chirality/laterality)	early_life	PANUKBB_2025_RELEASE	Pan-UK Biobank 2025 EUR	"Handedness (chirality/laterality) | Left-handed | ACE touchscreen question ""Are you right or left handed?""   This question was dropped from the touchscreen protocol on 24/10/2016."	EUR	GRCh37	420210	40185	380025	binary	40968291	10.1038/s41588-025-02335-7	Source release label is copied from the frozen panel; it is not independent proof of a separate regenerated release.
extension	panukbb_continuous__20022__both_sexes__na__irnt	Birth weight	early_life	PANUKBB_2025_RELEASE	Pan-UK Biobank 2025 EUR	Birth weight | Participants were asked to enter their own birth-weight.  The weight could be entered either in Kg or in Imperial pounds+ounces. Values entered as Imperial units are held in ~F121~ and ~F122~, and their values have been converted into Kg and incorporated into this field.   This question was dropped from the touchscreen protocol on 24/10/2016.	EUR	GRCh37	239716	NA	NA	continuous	40968291	10.1038/s41588-025-02335-7	Source release label is copied from the frozen panel; it is not independent proof of a separate regenerated release.
extension	panukbb_categorical__1538__both_sexes__1__na	Major dietary changes in the last 5 years	diet	PANUKBB_2025_RELEASE	Pan-UK Biobank 2025 EUR	"Major dietary changes in the last 5 years | Yes, because of illness | ACE touchscreen question ""Have you made any major changes to your diet in the last 5 years?"""	EUR	GRCh37	419509	44564	374945	binary	40968291	10.1038/s41588-025-02335-7	Source release label is copied from the frozen panel; it is not independent proof of a separate regenerated release.
extension	panukbb_categorical__1418__both_sexes__1__na	Milk type used	diet	PANUKBB_2025_RELEASE	Pan-UK Biobank 2025 EUR	"Milk type used | Full cream | ACE touchscreen question ""What type of milk do you mainly use?"" If the participant activated the Help button they were shown the message:     If you use more than one type of milk, please select the one that you drink the most. If you are unsure, select Do not know.     "	EUR	GRCh37	420090	26497	393593	binary	40968291	10.1038/s41588-025-02335-7	Source release label is copied from the frozen panel; it is not independent proof of a separate regenerated release.
extension	panukbb_continuous__1548__both_sexes__na__na	Variation in diet	diet	PANUKBB_2025_RELEASE	Pan-UK Biobank 2025 EUR	"Variation in diet | ACE touchscreen question ""Does your diet vary much from week to week?"""	EUR	GRCh37	418883	NA	NA	continuous	40968291	10.1038/s41588-025-02335-7	Source release label is copied from the frozen panel; it is not independent proof of a separate regenerated release.
extension	panukbb_continuous__1349__both_sexes__na__na	Processed meat intake	diet	PANUKBB_2025_RELEASE	Pan-UK Biobank 2025 EUR	"Processed meat intake | ACE touchscreen question ""How often do you eat processed meats (such as bacon, ham, sausages, meat pies, kebabs, burgers, chicken nuggets)?"" If the participant activated the Help button they were shown the message:     Please provide an average considering your intake over the last year If you are unsure, please provide an estimate or select Do not know.     "	EUR	GRCh37	419698	NA	NA	continuous	40968291	10.1038/s41588-025-02335-7	Source release label is copied from the frozen panel; it is not independent proof of a separate regenerated release.
extension	panukbb_categorical__1468__both_sexes__4__na	Cereal type	diet	PANUKBB_2025_RELEASE	Pan-UK Biobank 2025 EUR	"Cereal type | Muesli | ACE touchscreen question ""What type of cereal do you mainly eat?"" If the participant activated the Help button they were shown the message:     If you eat more than one type of cereal, please select the one that you eat the most. If you are unsure, select Do not know.      ~F1468~ was collected from all participants except those who indicated that they do not eat cereal or less than one bowl of cereal each week, as defined by their answers to ~F1458~"	EUR	GRCh37	349527	70931	278596	binary	40968291	10.1038/s41588-025-02335-7	Source release label is copied from the frozen panel; it is not independent proof of a separate regenerated release.
extension	panukbb_continuous__1140__both_sexes__na__na	Difference in mobile phone use compared to two years previously	digital_environment	PANUKBB_2025_RELEASE	Pan-UK Biobank 2025 EUR	"Difference in mobile phone use compared to two years previously | ACE touchscreen question ""Is there any difference between your mobile phone use now compared to two years ago?"" If the participant activated the Help button they were shown the message:     If you are unsure, please provide an estimate or select Do not know.      ~F1140~ was collected from participants who indicated they have used a mobile phone at least once per week in the past or do not know whether they have used or not, as defined by their answers to ~F1110~"	EUR	GRCh37	347207	NA	NA	continuous	40968291	10.1038/s41588-025-02335-7	Source release label is copied from the frozen panel; it is not independent proof of a separate regenerated release.
extension	panukbb_continuous__2237__both_sexes__na__na	Plays computer games	digital_environment	PANUKBB_2025_RELEASE	Pan-UK Biobank 2025 EUR	"Plays computer games | ACE touchscreen question ""Do you play computer games?"" If the participant activated the Help button they were shown the message:     Answer this question thinking about the past year.     "	EUR	GRCh37	420102	NA	NA	continuous	40968291	10.1038/s41588-025-02335-7	Source release label is copied from the frozen panel; it is not independent proof of a separate regenerated release.
extension	panukbb_continuous__1757__both_sexes__na__na	Facial ageing	digital_environment	PANUKBB_2025_RELEASE	Pan-UK Biobank 2025 EUR	"Facial ageing | ACE touchscreen question ""Do people say that you look:"""	EUR	GRCh37	384866	NA	NA	continuous	40968291	10.1038/s41588-025-02335-7	Source release label is copied from the frozen panel; it is not independent proof of a separate regenerated release.
extension	panukbb_continuous__2267__both_sexes__na__na	Use of sun/uv protection	digital_environment	PANUKBB_2025_RELEASE	Pan-UK Biobank 2025 EUR	"Use of sun/uv protection | ACE touchscreen question ""Do you wear sun protection (e.g. sunscreen lotion, hat) when you spend time outdoors in the summer?"" If the participant activated the Help button they were shown the message:     If you are unsure, please provide an estimate or select Do not know.     "	EUR	GRCh37	417485	NA	NA	continuous	40968291	10.1038/s41588-025-02335-7	Source release label is copied from the frozen panel; it is not independent proof of a separate regenerated release.
extension	panukbb_continuous__874__both_sexes__na__irnt	Duration of walks	physical_activity	PANUKBB_2025_RELEASE	Pan-UK Biobank 2025 EUR	"Duration of walks | ACE touchscreen question ""How many minutes did you usually spend walking on a typical DAY?"" The following checks were performed:  If answer   If answer > 1440 then rejected  If answer   If answer > 300 then participant asked to confirm   If the participant activated the Help button they were shown the message:     Count the number of minutes that you usually spend walking in one day. If the time you usually spend walking on each day of the week varies a lot, give an average of the time you spend walking. For instance if on one day of the week you usually walk for 4 hours but on the other day you walk 2 hours then give the average - that is 3 hours.      ~F874~ was collected from participants who indicated that they walked for 10 minutes on at least 1 day per week in the previous 4 weeks, as defined by their answers to ~F864~"	EUR	GRCh37	359309	NA	NA	continuous	40968291	10.1038/s41588-025-02335-7	Source release label is copied from the frozen panel; it is not independent proof of a separate regenerated release.
extension	panukbb_continuous__943__both_sexes__na__na	Frequency of stair climbing in last 4 weeks	physical_activity	PANUKBB_2025_RELEASE	Pan-UK Biobank 2025 EUR	"Frequency of stair climbing in last 4 weeks | ACE touchscreen question ""At home, during the last 4 weeks, about how many times a DAY do you climb a flight of stairs? (approx 10 steps)"" If the participant activated the Help button they were shown the message:     If you are unsure, please provide an estimate or select Do not know.      ~F943~ was collected from all participants except those who indicated they were unable to walk, as defined by their answers to ~F864~"	EUR	GRCh37	416452	NA	NA	continuous	40968291	10.1038/s41588-025-02335-7	Source release label is copied from the frozen panel; it is not independent proof of a separate regenerated release.
extension	panukbb_continuous__904__both_sexes__na__na	Number of days/week of vigorous physical activity 10+ minutes	physical_activity	PANUKBB_2025_RELEASE	Pan-UK Biobank 2025 EUR	"Number of days/week of vigorous physical activity 10+ minutes | ACE touchscreen question ""In a typical WEEK, how many days did you do 10 minutes or more of vigorous physical activity? (These are activities that make you sweat or breathe hard such as fast cycling, aerobics, heavy lifting)"" The following checks were performed:  If answer   If answer > 7 then rejected   If the participant activated the Help button they were shown the message:     Count the number of days in a week that you do vigorous physical activities for at least 10 minutes continuously at a time. Remember to include activities that you do for work, leisure, travel and around the house.     "	EUR	GRCh37	400340	NA	NA	continuous	40968291	10.1038/s41588-025-02335-7	Source release label is copied from the frozen panel; it is not independent proof of a separate regenerated release.
extension	panukbb_categorical__6164__both_sexes__5__na	Types of physical activity in last 4 weeks	physical_activity	PANUKBB_2025_RELEASE	Pan-UK Biobank 2025 EUR	"Types of physical activity in last 4 weeks | Heavy DIY (eg: weeding, lawn mowing, carpentry, digging) | ACE touchscreen question ""In the last 4 weeks did you spend any time doing the following? (You can select more than one answer)"" The following checks were performed:  If code -7 was selected, then no additional choices were allowed.  If code -3 was selected, then no additional choices were allowed.   If the participant activated the Help button they were shown the message:     Strenuous sports include sports that make you sweat or breathe hard. Heavy DIY includes chopping wood, home or car maintenance, lifting heavy objects or using heavy tools.     "	EUR	GRCh37	418278	182086	236192	binary	40968291	10.1038/s41588-025-02335-7	Source release label is copied from the frozen panel; it is not independent proof of a separate regenerated release.
extension	panukbb_continuous__924__both_sexes__na__na	Usual walking pace	physical_activity	PANUKBB_2025_RELEASE	Pan-UK Biobank 2025 EUR	"Usual walking pace | ACE touchscreen question ""How would you describe your usual walking pace? "" If the participant activated the Help button they were shown the message:     Slow pace is defined as less than 3 miles per hour. Steady average pace is defined as between 3-4 miles per hour. Fast pace is defined as more than 4 miles per hour.      ~F924~ was collected from all participants except those who indicated they were unable to walk, as defined by their answers to ~F864~"	EUR	GRCh37	417933	NA	NA	continuous	40968291	10.1038/s41588-025-02335-7	Source release label is copied from the frozen panel; it is not independent proof of a separate regenerated release.
extension	panukbb_categorical__6138__both_sexes__5__na	Qualifications	socioeconomic_occupational	PANUKBB_2025_RELEASE	Pan-UK Biobank 2025 EUR	"Qualifications | NVQ or HND or HNC or equivalent | ACE touchscreen question ""Which of the following qualifications do you have? (You can select more than one)"" The following checks were performed:  If code -7 was selected, then no additional choices were allowed.  If code -3 was selected, then no additional choices were allowed.   If the participant activated the Help button they were shown the message:     A levels/AS levels and equivalent includes the Higher School Certificate  O levels/GCSEs and equivalent includes the School Certificate.     "	EUR	GRCh37	416316	78286	338030	binary	40968291	10.1038/s41588-025-02335-7	Source release label is copied from the frozen panel; it is not independent proof of a separate regenerated release.
extension	panukbb_categorical__6142__both_sexes__6__na	Current employment status	socioeconomic_occupational	PANUKBB_2025_RELEASE	Pan-UK Biobank 2025 EUR	"Current employment status | Doing unpaid or voluntary work | ACE touchscreen question ""Which of the following describes your current situation? (You can select more than one answer)"" The following checks were performed:  If code -7 was selected, then no additional choices were allowed.  If code -3 was selected, then no additional choices were allowed.   If the participant activated the Help button they were shown the message:     If more than one situation applies, select all that are appropriate.     "	EUR	GRCh37	419116	15484	403632	binary	40968291	10.1038/s41588-025-02335-7	Source release label is copied from the frozen panel; it is not independent proof of a separate regenerated release.
extension	panukbb_continuous__816__both_sexes__na__na	Job involves heavy manual or physical work	socioeconomic_occupational	PANUKBB_2025_RELEASE	Pan-UK Biobank 2025 EUR	"Job involves heavy manual or physical work | ACE touchscreen question ""Does your work involve heavy manual or physical work?"" If the participant activated the Help button they were shown the message:     If you have more than one 'current job' then answer this question for your MAIN job only. Physical work includes work that involves handling of heavy objects and use of heavy tools.      ~F816~ was collected from participants who indicated they were in paid employment or self-employed as defined by their answers to ~F6142~"	EUR	GRCh37	237993	NA	NA	continuous	40968291	10.1038/s41588-025-02335-7	Source release label is copied from the frozen panel; it is not independent proof of a separate regenerated release.
extension	panukbb_continuous__728__both_sexes__na__na	Number of vehicles in household	socioeconomic_occupational	PANUKBB_2025_RELEASE	Pan-UK Biobank 2025 EUR	"Number of vehicles in household | ACE touchscreen question ""How many cars or vans are owned, or available for use, by you or members of your household? (Please include company vehicles if available for private use) "" If the participant activated the Help button they were shown the message:     Do not include motorcycles.      ~F728~ was collected from all participants except those who indicated they were living in a sheltered accommodation or in a care home as defined by their answers to ~F670~"	EUR	GRCh37	417715	NA	NA	continuous	40968291	10.1038/s41588-025-02335-7	Source release label is copied from the frozen panel; it is not independent proof of a separate regenerated release.
extension	panukbb_continuous__699__both_sexes__na__irnt	Length of time at current address	socioeconomic_occupational	PANUKBB_2025_RELEASE	Pan-UK Biobank 2025 EUR	"Length of time at current address | ACE touchscreen question ""How many years have you lived at your current address?"" The following checks were performed:  If answer   If answer > Participants age then rejected   If the participant activated the Help button they were shown the message:     If you have lived there for less than one year select Less than a year. If you are unsure, please provide an estimate or select Do not know. If you have lived at your current address at different times, add up the total number of years you lived there. For instance if you lived at your current address for 3 years, moved overseas for one year and returned to your current address for another 5 years, then you would enter 8 years.     "	EUR	GRCh37	410728	NA	NA	continuous	40968291	10.1038/s41588-025-02335-7	Source release label is copied from the frozen panel; it is not independent proof of a separate regenerated release.
extension	panukbb_icd10__i83__both_sexes__na__na	I83 Varicose veins of lower extremities	other_clinical	PANUKBB_2025_RELEASE	Pan-UK Biobank 2025 EUR	I83 Varicose veins of lower extremities | truncated: true	EUR	GRCh37	420531	12059	408472	binary	40968291	10.1038/s41588-025-02335-7	Source release label is copied from the frozen panel; it is not independent proof of a separate regenerated release.
extension	panukbb_icd10__z95__both_sexes__na__na	Z95 Presence of cardiac and vascular implants and grafts	other_clinical	PANUKBB_2025_RELEASE	Pan-UK Biobank 2025 EUR	Z95 Presence of cardiac and vascular implants and grafts | truncated: true	EUR	GRCh37	420531	15774	404757	binary	40968291	10.1038/s41588-025-02335-7	Source release label is copied from the frozen panel; it is not independent proof of a separate regenerated release.
extension	panukbb_categorical__20002__both_sexes__1226__na	Non-cancer illness code, self-reported	other_clinical	PANUKBB_2025_RELEASE	Pan-UK Biobank 2025 EUR	"Non-cancer illness code, self-reported | hypothyroidism/myxoedema | Code for non-cancer illness. If the participant was uncertain of the type of illness they had had, then they described it to the interviewer (a trained nurse) who attempted to place it within the coding tree. If the illness could not be located in the coding tree then the interviewer entered a free-text description of it. These free-text descriptions were subsequently examined by a doctor and, where possible, matched to entries in the coding tree. Free-text descriptions which could not be matched with very high probability have been marked as ""unclassifiable"".   Note that myasthenia gravis appears twice (under codes 1260 and 1437). Please ensure you use both codes to capture all relevant diagnoses."	EUR	GRCh37	420473	20563	399910	binary	40968291	10.1038/s41588-025-02335-7	Source release label is copied from the frozen panel; it is not independent proof of a separate regenerated release.
extension	panukbb_continuous__135__both_sexes__na__na	Number of self-reported non-cancer illnesses	other_clinical	PANUKBB_2025_RELEASE	Pan-UK Biobank 2025 EUR	Number of self-reported non-cancer illnesses | Number of non-cancer illnesses entered	EUR	GRCh37	420473	NA	NA	continuous	40968291	10.1038/s41588-025-02335-7	Source release label is copied from the frozen panel; it is not independent proof of a separate regenerated release.
extension	panukbb_continuous__4195__both_sexes__na__irnt	Pulse wave reflection index	other_clinical	PANUKBB_2025_RELEASE	Pan-UK Biobank 2025 EUR	Pulse wave reflection index | reflection index is a measure of reflection A digital volume pulse can be considered to be the summation of a direct and a reflected component. The direct component is due to transmission of a pressure wave from the left ventricle to the finger via the most direct route. The reflected component is formed by pressure transmitted from the heart to the lower body where it is reflected back up the aorta and thence to the finger. if 'b' is the height of direct wave peak and 'a' is the height of reflected wave peak the reflected index = (a/b) * 100%	EUR	GRCh37	136938	NA	NA	continuous	40968291	10.1038/s41588-025-02335-7	Source release label is copied from the frozen panel; it is not independent proof of a separate regenerated release.
extension	panukbb_categorical__20117__both_sexes__2__na	Alcohol drinker status	alcohol_tobacco	PANUKBB_2025_RELEASE	Pan-UK Biobank 2025 EUR	Alcohol drinker status | Current	EUR	GRCh37	419936	392125	27811	binary	40968291	10.1038/s41588-025-02335-7	Source release label is copied from the frozen panel; it is not independent proof of a separate regenerated release.
extension	panukbb_continuous__1588__both_sexes__na__na	Average weekly beer plus cider intake	alcohol_tobacco	PANUKBB_2025_RELEASE	Pan-UK Biobank 2025 EUR	"Average weekly beer plus cider intake | ACE touchscreen question ""In an average WEEK, how many pints of beer or cider would you drink? (Include bitter, lager, stout, ale, Guinness)""  The following checks were performed:    If answer    If answer > 250 then rejected   If answer > 100 then participant asked to confirm     ~F1588~ was collected from participants who indicated they drink alcohol more often than one to three times per month, as defined by their answers to ~F1558~"	EUR	GRCh37	299743	NA	NA	continuous	40968291	10.1038/s41588-025-02335-7	Source release label is copied from the frozen panel; it is not independent proof of a separate regenerated release.
extension	panukbb_continuous__1259__both_sexes__na__na	Smoking/smokers in household	alcohol_tobacco	PANUKBB_2025_RELEASE	Pan-UK Biobank 2025 EUR	"Smoking/smokers in household | ACE touchscreen question ""Does anyone in your household smoke?"" ~F1259~ was collected from all participants except those who indicated they currently smoke tobacco on most or all days, as defined by their answers to ~F1239~"	EUR	GRCh37	387100	NA	NA	continuous	40968291	10.1038/s41588-025-02335-7	Source release label is copied from the frozen panel; it is not independent proof of a separate regenerated release.
extension	panukbb_phecode__318__both_sexes__na__na	Tobacco use disorder	alcohol_tobacco	PANUKBB_2025_RELEASE	Pan-UK Biobank 2025 EUR	Tobacco use disorder	EUR	GRCh37	407034	14988	392046	binary	40968291	10.1038/s41588-025-02335-7	Source release label is copied from the frozen panel; it is not independent proof of a separate regenerated release.
validation	finngen_r13_J10_BRONCHNAS	Unspecified chronic bronchitis	external validation outcome	finngen_r13_J10_BRONCHNAS	FINNGEN_R13_J10_BRONCHNAS	Unspecified chronic bronchitis	EUR					UNKNOWN			Sample counts/build/rights are not included because the frozen validation metadata did not establish them in this release crosswalk.
validation	finngen_r13_J10_COPD	COPD	external validation outcome	finngen_r13_J10_COPD	FINNGEN_R13_J10_COPD	COPD	EUR					UNKNOWN			Sample counts/build/rights are not included because the frozen validation metadata did not establish them in this release crosswalk.
validation	finngen_r13_K11_CHOLELITH	Cholelithiasis	external validation outcome	finngen_r13_K11_CHOLELITH	FINNGEN_R13_K11_CHOLELITH	Cholelithiasis	EUR					UNKNOWN			Sample counts/build/rights are not included because the frozen validation metadata did not establish them in this release crosswalk.
validation	finngen_r13_K11_DIAHER	Diaphragmatic hernia	external validation outcome	finngen_r13_K11_DIAHER	FINNGEN_R13_K11_DIAHER	Diaphragmatic hernia	EUR					UNKNOWN			Sample counts/build/rights are not included because the frozen validation metadata did not establish them in this release crosswalk.
validation	finngen_r13_K11_OTHENTERCOL	Other noninfective gastroenteritis and colitis	external validation outcome	finngen_r13_K11_OTHENTERCOL	FINNGEN_R13_K11_OTHENTERCOL	Other noninfective gastroenteritis and colitis	EUR					UNKNOWN			Sample counts/build/rights are not included because the frozen validation metadata did not establish them in this release crosswalk.
validation	finngen_r13_K11_REFLUX	Gastro-oesophageal reflux disease	external validation outcome	finngen_r13_K11_REFLUX	FINNGEN_R13_K11_REFLUX	Gastro-oesophageal reflux disease	EUR					UNKNOWN			Sample counts/build/rights are not included because the frozen validation metadata did not establish them in this release crosswalk.
validation	finngen_r13_M13_ARTHROSIS	Arthrosis	external validation outcome	finngen_r13_M13_ARTHROSIS	FINNGEN_R13_M13_ARTHROSIS	Arthrosis	EUR					UNKNOWN			Sample counts/build/rights are not included because the frozen validation metadata did not establish them in this release crosswalk.
validation	finngen_r13_M13_ARTHROSIS_KNEE	Gonarthrosis	external validation outcome	finngen_r13_M13_ARTHROSIS_KNEE	FINNGEN_R13_M13_ARTHROSIS_KNEE	Gonarthrosis	EUR					UNKNOWN			Sample counts/build/rights are not included because the frozen validation metadata did not establish them in this release crosswalk.
validation	finngen_r13_M13_INTERVERTEB	Other intervertebral disc disorders	external validation outcome	finngen_r13_M13_INTERVERTEB	FINNGEN_R13_M13_INTERVERTEB	Other intervertebral disc disorders	EUR					UNKNOWN			Sample counts/build/rights are not included because the frozen validation metadata did not establish them in this release crosswalk.
validation	finngen_r13_N14_CALCUKIDUR	Calculus of kidney and ureter	external validation outcome	finngen_r13_N14_CALCUKIDUR	FINNGEN_R13_N14_CALCUKIDUR	Calculus of kidney and ureter	EUR					UNKNOWN			Sample counts/build/rights are not included because the frozen validation metadata did not establish them in this release crosswalk.
validation	finngen_r13_SMOKING_DEPEND	Smoking dependency	external validation outcome	finngen_r13_SMOKING_DEPEND	FINNGEN_R13_SMOKING_DEPEND	Smoking dependency	EUR					UNKNOWN			Sample counts/build/rights are not included because the frozen validation metadata did not establish them in this release crosswalk.
validation	gwas_catalog_GCST90479148	Abdominal pain (PheCode 785)	external validation outcome	gwas_catalog_GCST90479148	GCST90479148	Abdominal pain (PheCode 785)	EUR					UNKNOWN			Sample counts/build/rights are not included because the frozen validation metadata did not establish them in this release crosswalk.
validation	gwas_catalog_GCST90479330	Personal history of allergy to medicinal agents (PheCode 977)	external validation outcome	gwas_catalog_GCST90479330	GCST90479330	Personal history of allergy to medicinal agents (PheCode 977)	EUR					UNKNOWN			Sample counts/build/rights are not included because the frozen validation metadata did not establish them in this release crosswalk.
