trait_id	label	standalone_intercept	pairwise_intercept_min	pairwise_intercept_max	historical_tier
alz	Alzheimer's disease	1.069	1.089	1.092	PRIMARY_PHASE1
parkinson	Parkinson's disease	0.984	0.9785	0.9793	PRIMARY_PHASE1
mdd	Major depressive disorder	1.002	0.9927	0.9959	PRIMARY_PHASE1
scz	Schizophrenia	1.079	1.06	1.062	PRIMARY_PHASE1
bipolar	Bipolar disorder	1.025	1.02	1.022	PRIMARY_PHASE1
adhd	ADHD	1.042	1.037	1.039	PRIMARY_PHASE1
ibd	Inflammatory bowel disease	1.144	1.129	1.13	PRIMARY_PHASE1
crohn	Crohn's disease	1.114	1.096	1.099	PRIMARY_PHASE1
uc	Ulcerative colitis	1.093	1.099	1.104	PRIMARY_PHASE1
ra	Rheumatoid arthritis	1.068	1.061	1.063	PRIMARY_PHASE1
ms	Multiple sclerosis	1.029	1.027	1.03	PRIMARY_PHASE1
asthma	Asthma	1.157	1.148	1.152	PRIMARY_PHASE1
bmi	BMI	1.187	1.024	1.028	PRIMARY_PHASE1
t2d	Type 2 diabetes	1.315	1.31	1.318	QC_FAILED_SENSITIVITY
ldl	LDL cholesterol	1.141	1.222	1.247	PRIMARY_PHASE1
hdl	HDL cholesterol	1.196	1.408	1.423	PRIMARY_PHASE1
triglycerides	Triglycerides	1.165	1.205	1.214	PRIMARY_PHASE1
cad	Coronary artery disease	1.162	1.162	1.165	PRIMARY_PHASE1
stroke	Stroke (any)	1.073	1.073	1.076	PRIMARY_PHASE1
atrial_fibrillation	Atrial fibrillation	1.012	1.017	1.02	PRIMARY_PHASE1
sbp	Systolic blood pressure	1.153	1.085	1.095	PRIMARY_PHASE1
longevity	Longevity (90th percentile)	1.006	1.008	1.009	PRIMARY_PHASE1
parental_lifespan	Parental lifespan	1.047	1.052	1.056	PRIMARY_PHASE1
healthspan	Healthspan	1.052	1.052	1.054	PRIMARY_PHASE1
frailty	Frailty index	1.02	1.019	1.022	PRIMARY_PHASE1
telomere_length	Leukocyte telomere length	1.089	1.077	1.081	PRIMARY_PHASE1
grip_strength	Hand grip strength	1.058	1.04	1.044	PRIMARY_PHASE1
breast_cancer	Breast cancer (overall)	1.089	1.084	1.087	PRIMARY_PHASE1
prostate_cancer	Prostate cancer (overall)	1.06	1.112	1.118	PRIMARY_PHASE1
colorectal_cancer	Colorectal cancer	1.106	1.115	1.119	PRIMARY_PHASE1
lung_cancer	Lung cancer	1.046	1.041	1.043	PRIMARY_PHASE1
melanoma	Cutaneous melanoma	1.034	1.033	1.034	QC_FAILED_SENSITIVITY
ovarian_cancer	Ovarian cancer (all invasive epithelial)	1.031	1.029	1.031	PRIMARY_PHASE1
