trait_id	source_path	source_sha256	expected_sha256	total_template_rows	finite_N_Z_rows	missing_or_nonfinite_N_Z_rows	nonpositive_N_rows	h2_log_input_count	h2_log_count_matches_finite_rows	historical_rg_template_count	rg_count_matches_total_rows
panukbb_biomarkers__30890__both_sexes__na__irnt	/Volumes/Extreme SSD/sleep-unified-research-v1/recovery-2026-10-08/native_inputs/discovery_extension/data/munged/panukbb_biomarkers__30890__both_sexes__na__irnt.sumstats.gz	19ed816a79f1a82c59aad746dbd446006c0c3fcb660b3a7f9d4397aa74186a83	19ed816a79f1a82c59aad746dbd446006c0c3fcb660b3a7f9d4397aa74186a83	1217311	1166890	50421	0	1166890	True	1217311	True
panukbb_categorical__1418__both_sexes__1__na	/Volumes/Extreme SSD/sleep-unified-research-v1/recovery-2026-10-08/native_inputs/discovery_extension/data/munged/panukbb_categorical__1418__both_sexes__1__na.sumstats.gz	43aa3f401407ffeff3942d06c221bd97214b308ab514e26e1b2f1baf8848859b	43aa3f401407ffeff3942d06c221bd97214b308ab514e26e1b2f1baf8848859b	1217311	1166905	50406	0	1166905	True	1217311	True
panukbb_categorical__1468__both_sexes__4__na	/Volumes/Extreme SSD/sleep-unified-research-v1/recovery-2026-10-08/native_inputs/discovery_extension/data/munged/panukbb_categorical__1468__both_sexes__4__na.sumstats.gz	30a457b7fa609ad59f74564d814fc0e3deaa46f76c754d6f5cbfa13ceddeddd3	30a457b7fa609ad59f74564d814fc0e3deaa46f76c754d6f5cbfa13ceddeddd3	1217311	1166884	50427	0	1166884	True	1217311	True
panukbb_categorical__1538__both_sexes__1__na	/Volumes/Extreme SSD/sleep-unified-research-v1/recovery-2026-10-08/native_inputs/discovery_extension/data/munged/panukbb_categorical__1538__both_sexes__1__na.sumstats.gz	85a7326a39f9e30a4742a0afeb4aa5afb790db218ccea8f5c06dcb667464fd69	85a7326a39f9e30a4742a0afeb4aa5afb790db218ccea8f5c06dcb667464fd69	1217311	1166902	50409	0	1166902	True	1217311	True
panukbb_categorical__1677__both_sexes__1677__na	/Volumes/Extreme SSD/sleep-unified-research-v1/recovery-2026-10-08/native_inputs/discovery_extension/data/munged/panukbb_categorical__1677__both_sexes__1677__na.sumstats.gz	c4947419ef60a003916885d1b41e25e63ea73a6f6e267a1c80e9bd3cc902fab7	c4947419ef60a003916885d1b41e25e63ea73a6f6e267a1c80e9bd3cc902fab7	1217311	1166509	50802	0	1166509	True	1217311	True
panukbb_categorical__1707__both_sexes__2__na	/Volumes/Extreme SSD/sleep-unified-research-v1/recovery-2026-10-08/native_inputs/discovery_extension/data/munged/panukbb_categorical__1707__both_sexes__2__na.sumstats.gz	af21dbe8f235be1928caa64f8c91b75746dd851b1c1469e8147ca1f150e08de8	af21dbe8f235be1928caa64f8c91b75746dd851b1c1469e8147ca1f150e08de8	1217311	1166902	50409	0	1166902	True	1217311	True
panukbb_categorical__20002__both_sexes__1226__na	/Volumes/Extreme SSD/sleep-unified-research-v1/recovery-2026-10-08/native_inputs/discovery_extension/data/munged/panukbb_categorical__20002__both_sexes__1226__na.sumstats.gz	8d224340210b511bcc2777135fa439b9f559fb334445287207b34ba22b0fff88	8d224340210b511bcc2777135fa439b9f559fb334445287207b34ba22b0fff88	1217311	1166901	50410	0	1166901	True	1217311	True
panukbb_categorical__20003__both_sexes__1140874420__na	/Volumes/Extreme SSD/sleep-unified-research-v1/recovery-2026-10-08/native_inputs/discovery_extension/data/munged/panukbb_categorical__20003__both_sexes__1140874420__na.sumstats.gz	35f2593d11140827e4054df4c13da12889cd68ff7f36db4265842e7a5f5b3ce7	35f2593d11140827e4054df4c13da12889cd68ff7f36db4265842e7a5f5b3ce7	1217311	1166901	50410	0	1166901	True	1217311	True
panukbb_categorical__20003__both_sexes__1140881856__na	/Volumes/Extreme SSD/sleep-unified-research-v1/recovery-2026-10-08/native_inputs/discovery_extension/data/munged/panukbb_categorical__20003__both_sexes__1140881856__na.sumstats.gz	dafdddce3567e410bc543423fc9c726442a1f40b07fdcbc00e938e53075a4cd8	dafdddce3567e410bc543423fc9c726442a1f40b07fdcbc00e938e53075a4cd8	1217311	1166902	50409	0	1166902	True	1217311	True
panukbb_categorical__20004__both_sexes__1478__na	/Volumes/Extreme SSD/sleep-unified-research-v1/recovery-2026-10-08/native_inputs/discovery_extension/data/munged/panukbb_categorical__20004__both_sexes__1478__na.sumstats.gz	879d353a2a6fb1f7e2520f0c591cf8e7cd268b90b6eca02efc341e59c3bea659	879d353a2a6fb1f7e2520f0c591cf8e7cd268b90b6eca02efc341e59c3bea659	1217311	1166903	50408	0	1166903	True	1217311	True
panukbb_categorical__20004__both_sexes__1480__na	/Volumes/Extreme SSD/sleep-unified-research-v1/recovery-2026-10-08/native_inputs/discovery_extension/data/munged/panukbb_categorical__20004__both_sexes__1480__na.sumstats.gz	cf9a58562a92a01bf29bf90d1b554ac1f4005af606a8f789b265b8c85a1a0f18	cf9a58562a92a01bf29bf90d1b554ac1f4005af606a8f789b265b8c85a1a0f18	1217311	1166902	50409	0	1166902	True	1217311	True
panukbb_categorical__20004__both_sexes__1483__na	/Volumes/Extreme SSD/sleep-unified-research-v1/recovery-2026-10-08/native_inputs/discovery_extension/data/munged/panukbb_categorical__20004__both_sexes__1483__na.sumstats.gz	ecc4273051c10d50a842e46a3ae8490ff93013250831775027785d77f56faf64	ecc4273051c10d50a842e46a3ae8490ff93013250831775027785d77f56faf64	1217311	1166906	50405	0	1166906	True	1217311	True
panukbb_categorical__20117__both_sexes__2__na	/Volumes/Extreme SSD/sleep-unified-research-v1/recovery-2026-10-08/native_inputs/discovery_extension/data/munged/panukbb_categorical__20117__both_sexes__2__na.sumstats.gz	7b591100ab4e6feb9e047ea079066103f0512cd856ae61080891c5f6896bbd83	7b591100ab4e6feb9e047ea079066103f0512cd856ae61080891c5f6896bbd83	1217311	1166908	50403	0	1166908	True	1217311	True
panukbb_categorical__2020__both_sexes__2020__na	/Volumes/Extreme SSD/sleep-unified-research-v1/recovery-2026-10-08/native_inputs/discovery_extension/data/munged/panukbb_categorical__2020__both_sexes__2020__na.sumstats.gz	7d752763d783c5712555b3cedcff9bbeca758cdf2eb52653ace53ac649fea6c5	7d752763d783c5712555b3cedcff9bbeca758cdf2eb52653ace53ac649fea6c5	1217311	1166905	50406	0	1166905	True	1217311	True
panukbb_categorical__2040__both_sexes__2040__na	/Volumes/Extreme SSD/sleep-unified-research-v1/recovery-2026-10-08/native_inputs/discovery_extension/data/munged/panukbb_categorical__2040__both_sexes__2040__na.sumstats.gz	a93b991df8bd91074b770836e08efca5392f56919596132d863381255508d54b	a93b991df8bd91074b770836e08efca5392f56919596132d863381255508d54b	1217311	1166898	50413	0	1166898	True	1217311	True
panukbb_categorical__2207__both_sexes__2207__na	/Volumes/Extreme SSD/sleep-unified-research-v1/recovery-2026-10-08/native_inputs/discovery_extension/data/munged/panukbb_categorical__2207__both_sexes__2207__na.sumstats.gz	bde59800d83544bd0364e093c308ffc6d38af2f1d3448ea3e2ab7d616d35369c	bde59800d83544bd0364e093c308ffc6d38af2f1d3448ea3e2ab7d616d35369c	1217311	1166904	50407	0	1166904	True	1217311	True
panukbb_categorical__2257__both_sexes__2257__na	/Volumes/Extreme SSD/sleep-unified-research-v1/recovery-2026-10-08/native_inputs/discovery_extension/data/munged/panukbb_categorical__2257__both_sexes__2257__na.sumstats.gz	70eefc5ff2ae585ee9bc184338bd217f1c51d81b255d181c74547d44f226311c	70eefc5ff2ae585ee9bc184338bd217f1c51d81b255d181c74547d44f226311c	1217311	1166899	50412	0	1166899	True	1217311	True
panukbb_categorical__2316__both_sexes__2316__na	/Volumes/Extreme SSD/sleep-unified-research-v1/recovery-2026-10-08/native_inputs/discovery_extension/data/munged/panukbb_categorical__2316__both_sexes__2316__na.sumstats.gz	3826e84a41f95a76970583f143f496edbd8ea92f04cfd3158a2305d97bd074a9	3826e84a41f95a76970583f143f496edbd8ea92f04cfd3158a2305d97bd074a9	1217311	1166899	50412	0	1166899	True	1217311	True
panukbb_categorical__3393__both_sexes__3393__na	/Volumes/Extreme SSD/sleep-unified-research-v1/recovery-2026-10-08/native_inputs/discovery_extension/data/munged/panukbb_categorical__3393__both_sexes__3393__na.sumstats.gz	131369c859c0ed88db5746939dd6d0bdec3aeb1c4002a165c2e52d59d72406c2	131369c859c0ed88db5746939dd6d0bdec3aeb1c4002a165c2e52d59d72406c2	1217311	1166901	50410	0	1166901	True	1217311	True
panukbb_categorical__3571__both_sexes__3571__na	/Volumes/Extreme SSD/sleep-unified-research-v1/recovery-2026-10-08/native_inputs/discovery_extension/data/munged/panukbb_categorical__3571__both_sexes__3571__na.sumstats.gz	68728dc788176ceb1b7c15d77a801d426b62dd2d6ec493f6492acca51854cd56	68728dc788176ceb1b7c15d77a801d426b62dd2d6ec493f6492acca51854cd56	1217311	1166885	50426	0	1166885	True	1217311	True
panukbb_categorical__41200__both_sexes__j183__na	/Volumes/Extreme SSD/sleep-unified-research-v1/recovery-2026-10-08/native_inputs/discovery_extension/data/munged/panukbb_categorical__41200__both_sexes__j183__na.sumstats.gz	c719888de545e166c4a7e8a706a7be46e9008b29b1912f9ffd51519f0a571374	c719888de545e166c4a7e8a706a7be46e9008b29b1912f9ffd51519f0a571374	1217311	1165648	51663	0	1165648	True	1217311	True
panukbb_categorical__4294__both_sexes__0__na	/Volumes/Extreme SSD/sleep-unified-research-v1/recovery-2026-10-08/native_inputs/discovery_extension/data/munged/panukbb_categorical__4294__both_sexes__0__na.sumstats.gz	5df85471b4243d9713acc6ea67b6d71ed8bb6e7b7e46a768cff55453517afb03	5df85471b4243d9713acc6ea67b6d71ed8bb6e7b7e46a768cff55453517afb03	1217311	1166588	50723	0	1166588	True	1217311	True
panukbb_categorical__5001__both_sexes__5001__na	/Volumes/Extreme SSD/sleep-unified-research-v1/recovery-2026-10-08/native_inputs/discovery_extension/data/munged/panukbb_categorical__5001__both_sexes__5001__na.sumstats.gz	142eeea194d2f1ddb56f1088f67a717f1d375f19648080fd53abba660ea231b7	142eeea194d2f1ddb56f1088f67a717f1d375f19648080fd53abba660ea231b7	1217311	1166921	50390	0	1166921	True	1217311	True
panukbb_categorical__6138__both_sexes__5__na	/Volumes/Extreme SSD/sleep-unified-research-v1/recovery-2026-10-08/native_inputs/discovery_extension/data/munged/panukbb_categorical__6138__both_sexes__5__na.sumstats.gz	57348d45b753500657a35ac20c0254cb2eff9bc340deaa3744c4453f5729c8d0	57348d45b753500657a35ac20c0254cb2eff9bc340deaa3744c4453f5729c8d0	1217311	1166900	50411	0	1166900	True	1217311	True
panukbb_categorical__6142__both_sexes__6__na	/Volumes/Extreme SSD/sleep-unified-research-v1/recovery-2026-10-08/native_inputs/discovery_extension/data/munged/panukbb_categorical__6142__both_sexes__6__na.sumstats.gz	4e8ee1030f424f0e29952026ef6db7d165a2fb6494049da7581ec38cc2df6adc	4e8ee1030f424f0e29952026ef6db7d165a2fb6494049da7581ec38cc2df6adc	1217311	1166904	50407	0	1166904	True	1217311	True
panukbb_categorical__6145__both_sexes__6__na	/Volumes/Extreme SSD/sleep-unified-research-v1/recovery-2026-10-08/native_inputs/discovery_extension/data/munged/panukbb_categorical__6145__both_sexes__6__na.sumstats.gz	7fb362bd358b1e86b12ae18cc2c80f21ec296cd3fbdef17f41497865f736f24c	7fb362bd358b1e86b12ae18cc2c80f21ec296cd3fbdef17f41497865f736f24c	1217311	1166892	50419	0	1166892	True	1217311	True
panukbb_categorical__6149__both_sexes__3__na	/Volumes/Extreme SSD/sleep-unified-research-v1/recovery-2026-10-08/native_inputs/discovery_extension/data/munged/panukbb_categorical__6149__both_sexes__3__na.sumstats.gz	379e90e56e55b10cff407dd059acdb3eb41f58b6637709532cc8378559d0cbe0	379e90e56e55b10cff407dd059acdb3eb41f58b6637709532cc8378559d0cbe0	1217311	1166898	50413	0	1166898	True	1217311	True
panukbb_categorical__6149__both_sexes__4__na	/Volumes/Extreme SSD/sleep-unified-research-v1/recovery-2026-10-08/native_inputs/discovery_extension/data/munged/panukbb_categorical__6149__both_sexes__4__na.sumstats.gz	fb097626266548aa10b491b7fa0a6c3d057fdbb9fd4400afba726d8bd4e976bd	fb097626266548aa10b491b7fa0a6c3d057fdbb9fd4400afba726d8bd4e976bd	1217311	1166903	50408	0	1166903	True	1217311	True
panukbb_categorical__6149__both_sexes__6__na	/Volumes/Extreme SSD/sleep-unified-research-v1/recovery-2026-10-08/native_inputs/discovery_extension/data/munged/panukbb_categorical__6149__both_sexes__6__na.sumstats.gz	1915cd8434fa14593044076295f49e7589151766167cbfdea8182191e40a111e	1915cd8434fa14593044076295f49e7589151766167cbfdea8182191e40a111e	1217311	1166902	50409	0	1166902	True	1217311	True
panukbb_categorical__6151__both_sexes__7__na	/Volumes/Extreme SSD/sleep-unified-research-v1/recovery-2026-10-08/native_inputs/discovery_extension/data/munged/panukbb_categorical__6151__both_sexes__7__na.sumstats.gz	8f1100182d5793831f059083fb9c2d4fca835f658933d874b4eae7fe158ae4e3	8f1100182d5793831f059083fb9c2d4fca835f658933d874b4eae7fe158ae4e3	1217311	1166899	50412	0	1166899	True	1217311	True
panukbb_categorical__6159__both_sexes__7__na	/Volumes/Extreme SSD/sleep-unified-research-v1/recovery-2026-10-08/native_inputs/discovery_extension/data/munged/panukbb_categorical__6159__both_sexes__7__na.sumstats.gz	9b9a6bcec21e163d12f947a7b975da6989222e35adabfdf9f5a934c786ee1c28	9b9a6bcec21e163d12f947a7b975da6989222e35adabfdf9f5a934c786ee1c28	1217311	1166901	50410	0	1166901	True	1217311	True
panukbb_categorical__6159__both_sexes__8__na	/Volumes/Extreme SSD/sleep-unified-research-v1/recovery-2026-10-08/native_inputs/discovery_extension/data/munged/panukbb_categorical__6159__both_sexes__8__na.sumstats.gz	70d306a4a4f02b48fb9c3788e9342686a6f8d5ce1f932ae1d1a443d1b94b3b2f	70d306a4a4f02b48fb9c3788e9342686a6f8d5ce1f932ae1d1a443d1b94b3b2f	1217311	1166903	50408	0	1166903	True	1217311	True
panukbb_categorical__6164__both_sexes__5__na	/Volumes/Extreme SSD/sleep-unified-research-v1/recovery-2026-10-08/native_inputs/discovery_extension/data/munged/panukbb_categorical__6164__both_sexes__5__na.sumstats.gz	051dd4fb52405e42ea2a85d95dd3c067fe5a0c44eaba623dda04e80270ecc624	051dd4fb52405e42ea2a85d95dd3c067fe5a0c44eaba623dda04e80270ecc624	1217311	1166905	50406	0	1166905	True	1217311	True
panukbb_continuous__1140__both_sexes__na__na	/Volumes/Extreme SSD/sleep-unified-research-v1/recovery-2026-10-08/native_inputs/discovery_extension/data/munged/panukbb_continuous__1140__both_sexes__na__na.sumstats.gz	f4fc13089aa6af60e119e7f80bb749ef06a4d83566a51b286191bcf659d8673c	f4fc13089aa6af60e119e7f80bb749ef06a4d83566a51b286191bcf659d8673c	1217311	1166866	50445	0	1166866	True	1217311	True
panukbb_continuous__1259__both_sexes__na__na	/Volumes/Extreme SSD/sleep-unified-research-v1/recovery-2026-10-08/native_inputs/discovery_extension/data/munged/panukbb_continuous__1259__both_sexes__na__na.sumstats.gz	ad104be41baa43811cf61967091a16b6e27083ef4fe44c678df5340e43468035	ad104be41baa43811cf61967091a16b6e27083ef4fe44c678df5340e43468035	1217311	1166901	50410	0	1166901	True	1217311	True
panukbb_continuous__1349__both_sexes__na__na	/Volumes/Extreme SSD/sleep-unified-research-v1/recovery-2026-10-08/native_inputs/discovery_extension/data/munged/panukbb_continuous__1349__both_sexes__na__na.sumstats.gz	c879dea7e612d91917a77f073076cb0082b6184ce33c4783649696ade91dc20f	c879dea7e612d91917a77f073076cb0082b6184ce33c4783649696ade91dc20f	1217311	1166903	50408	0	1166903	True	1217311	True
panukbb_continuous__135__both_sexes__na__na	/Volumes/Extreme SSD/sleep-unified-research-v1/recovery-2026-10-08/native_inputs/discovery_extension/data/munged/panukbb_continuous__135__both_sexes__na__na.sumstats.gz	ec820e571d1f47425a79d55e12d532de9f1f2b6bc79ce32889e2c3ff52286ee9	ec820e571d1f47425a79d55e12d532de9f1f2b6bc79ce32889e2c3ff52286ee9	1217311	1166906	50405	0	1166906	True	1217311	True
panukbb_continuous__1548__both_sexes__na__na	/Volumes/Extreme SSD/sleep-unified-research-v1/recovery-2026-10-08/native_inputs/discovery_extension/data/munged/panukbb_continuous__1548__both_sexes__na__na.sumstats.gz	11f87dd9e542de83624397ae8535635dcc9600e09ad490f12f32848570710112	11f87dd9e542de83624397ae8535635dcc9600e09ad490f12f32848570710112	1217311	1166903	50408	0	1166903	True	1217311	True
panukbb_continuous__1588__both_sexes__na__na	/Volumes/Extreme SSD/sleep-unified-research-v1/recovery-2026-10-08/native_inputs/discovery_extension/data/munged/panukbb_continuous__1588__both_sexes__na__na.sumstats.gz	0ea5c8dd1f0d5be56a89be04d03c5885533e759c8fe467324fe78577e6385d7a	0ea5c8dd1f0d5be56a89be04d03c5885533e759c8fe467324fe78577e6385d7a	1217311	1166460	50851	0	1166460	True	1217311	True
panukbb_continuous__1757__both_sexes__na__na	/Volumes/Extreme SSD/sleep-unified-research-v1/recovery-2026-10-08/native_inputs/discovery_extension/data/munged/panukbb_continuous__1757__both_sexes__na__na.sumstats.gz	e69b65a63ee99f56f2777ad95aa4eb5cb35c425898a922a043d56fdf64de1638	e69b65a63ee99f56f2777ad95aa4eb5cb35c425898a922a043d56fdf64de1638	1217311	1166905	50406	0	1166905	True	1217311	True
panukbb_continuous__20022__both_sexes__na__irnt	/Volumes/Extreme SSD/sleep-unified-research-v1/recovery-2026-10-08/native_inputs/discovery_extension/data/munged/panukbb_continuous__20022__both_sexes__na__irnt.sumstats.gz	ce498a61671a502353cefca7de15c0a7caf1a6fb1cd0d210962909e39567591f	ce498a61671a502353cefca7de15c0a7caf1a6fb1cd0d210962909e39567591f	1217311	1166911	50400	0	1166911	True	1217311	True
panukbb_continuous__20023__both_sexes__na__irnt	/Volumes/Extreme SSD/sleep-unified-research-v1/recovery-2026-10-08/native_inputs/discovery_extension/data/munged/panukbb_continuous__20023__both_sexes__na__irnt.sumstats.gz	5c8f2f4859527ded398a23fed95be31401ecb2d3084c3d16ea36e2d84b5f1ae1	5c8f2f4859527ded398a23fed95be31401ecb2d3084c3d16ea36e2d84b5f1ae1	1217311	1166904	50407	0	1166904	True	1217311	True
panukbb_continuous__20409__both_sexes__na__na	/Volumes/Extreme SSD/sleep-unified-research-v1/recovery-2026-10-08/native_inputs/discovery_extension/data/munged/panukbb_continuous__20409__both_sexes__na__na.sumstats.gz	a3660028c5431d1fbf91a39cb73840e67c305e707636e208e6ddc81b3018bee0	a3660028c5431d1fbf91a39cb73840e67c305e707636e208e6ddc81b3018bee0	1217311	1166900	50411	0	1166900	True	1217311	True
panukbb_continuous__20485__both_sexes__na__na	/Volumes/Extreme SSD/sleep-unified-research-v1/recovery-2026-10-08/native_inputs/discovery_extension/data/munged/panukbb_continuous__20485__both_sexes__na__na.sumstats.gz	8d93afb560aeb11fe908ac1f799f8f137241af8fc307d0b278579327e55c01c6	8d93afb560aeb11fe908ac1f799f8f137241af8fc307d0b278579327e55c01c6	1217311	1166940	50371	0	1166940	True	1217311	True
panukbb_continuous__20498__both_sexes__na__na	/Volumes/Extreme SSD/sleep-unified-research-v1/recovery-2026-10-08/native_inputs/discovery_extension/data/munged/panukbb_continuous__20498__both_sexes__na__na.sumstats.gz	865c05411728e8353d2924a9e56df33720c4a23dc4cd78b0d3608e57e792eadc	865c05411728e8353d2924a9e56df33720c4a23dc4cd78b0d3608e57e792eadc	1217311	1166528	50783	0	1166528	True	1217311	True
panukbb_continuous__20515__both_sexes__na__na	/Volumes/Extreme SSD/sleep-unified-research-v1/recovery-2026-10-08/native_inputs/discovery_extension/data/munged/panukbb_continuous__20515__both_sexes__na__na.sumstats.gz	37a147951ab65686b05257d97422f2cd48dc25b834c8d9e1db8ba511a10bf668	37a147951ab65686b05257d97422f2cd48dc25b834c8d9e1db8ba511a10bf668	1217311	1166939	50372	0	1166939	True	1217311	True
panukbb_continuous__20520__both_sexes__na__na	/Volumes/Extreme SSD/sleep-unified-research-v1/recovery-2026-10-08/native_inputs/discovery_extension/data/munged/panukbb_continuous__20520__both_sexes__na__na.sumstats.gz	c6a65715e9f2641c19b44ba60a7c79b0dd34fc634c55c3fb60689a81edd76f34	c6a65715e9f2641c19b44ba60a7c79b0dd34fc634c55c3fb60689a81edd76f34	1217311	1166942	50369	0	1166942	True	1217311	True
panukbb_continuous__2217__both_sexes__na__irnt	/Volumes/Extreme SSD/sleep-unified-research-v1/recovery-2026-10-08/native_inputs/discovery_extension/data/munged/panukbb_continuous__2217__both_sexes__na__irnt.sumstats.gz	a56cd82a46ceebc794ce7876d39158cd391c47cc3cc31ea9a987dcd8fa7e0ce3	a56cd82a46ceebc794ce7876d39158cd391c47cc3cc31ea9a987dcd8fa7e0ce3	1217311	1166896	50415	0	1166896	True	1217311	True
panukbb_continuous__2237__both_sexes__na__na	/Volumes/Extreme SSD/sleep-unified-research-v1/recovery-2026-10-08/native_inputs/discovery_extension/data/munged/panukbb_continuous__2237__both_sexes__na__na.sumstats.gz	bf39f20e3d9049c475c2aa27e4e822314a88b5efcfd45f6fda897848d57266b6	bf39f20e3d9049c475c2aa27e4e822314a88b5efcfd45f6fda897848d57266b6	1217311	1166905	50406	0	1166905	True	1217311	True
panukbb_continuous__2267__both_sexes__na__na	/Volumes/Extreme SSD/sleep-unified-research-v1/recovery-2026-10-08/native_inputs/discovery_extension/data/munged/panukbb_continuous__2267__both_sexes__na__na.sumstats.gz	d9f8d5899808add6913e2ca0fc7983ff167934170877a78ee6498f6a66139428	d9f8d5899808add6913e2ca0fc7983ff167934170877a78ee6498f6a66139428	1217311	1166907	50404	0	1166907	True	1217311	True
panukbb_continuous__30060__both_sexes__na__irnt	/Volumes/Extreme SSD/sleep-unified-research-v1/recovery-2026-10-08/native_inputs/discovery_extension/data/munged/panukbb_continuous__30060__both_sexes__na__irnt.sumstats.gz	e92022dbc3125c75a6772f38250ad2622897b008aa4a4d97bcfc540ebc057b1b	e92022dbc3125c75a6772f38250ad2622897b008aa4a4d97bcfc540ebc057b1b	1217311	1166893	50418	0	1166893	True	1217311	True
panukbb_continuous__30510__both_sexes__na__irnt	/Volumes/Extreme SSD/sleep-unified-research-v1/recovery-2026-10-08/native_inputs/discovery_extension/data/munged/panukbb_continuous__30510__both_sexes__na__irnt.sumstats.gz	e2dd159081e7c0a73a77dc036a2974c0d54b35829996821a8399e97e5be40b6d	e2dd159081e7c0a73a77dc036a2974c0d54b35829996821a8399e97e5be40b6d	1217311	1166891	50420	0	1166891	True	1217311	True
panukbb_continuous__30520__both_sexes__na__irnt	/Volumes/Extreme SSD/sleep-unified-research-v1/recovery-2026-10-08/native_inputs/discovery_extension/data/munged/panukbb_continuous__30520__both_sexes__na__irnt.sumstats.gz	ce611e10612c929e24cf942922608b3d4905c14986a177e6b83647ccc84400a7	ce611e10612c929e24cf942922608b3d4905c14986a177e6b83647ccc84400a7	1217311	1166896	50415	0	1166896	True	1217311	True
panukbb_continuous__30530__both_sexes__na__irnt	/Volumes/Extreme SSD/sleep-unified-research-v1/recovery-2026-10-08/native_inputs/discovery_extension/data/munged/panukbb_continuous__30530__both_sexes__na__irnt.sumstats.gz	cbae364a564246590ca2e54146f5cc8b8219b49d3bc21398b0ef58fd7ef2abcc	cbae364a564246590ca2e54146f5cc8b8219b49d3bc21398b0ef58fd7ef2abcc	1217311	1166893	50418	0	1166893	True	1217311	True
panukbb_continuous__3064__both_sexes__na__irnt	/Volumes/Extreme SSD/sleep-unified-research-v1/recovery-2026-10-08/native_inputs/discovery_extension/data/munged/panukbb_continuous__3064__both_sexes__na__irnt.sumstats.gz	4bfbde8e529dedcff15e0ceae3efcc2511632d510e8d924decc9e9bd40380fc7	4bfbde8e529dedcff15e0ceae3efcc2511632d510e8d924decc9e9bd40380fc7	1217311	1166896	50415	0	1166896	True	1217311	True
panukbb_continuous__398__both_sexes__na__na	/Volumes/Extreme SSD/sleep-unified-research-v1/recovery-2026-10-08/native_inputs/discovery_extension/data/munged/panukbb_continuous__398__both_sexes__na__na.sumstats.gz	780468abbf54b1e9948ca0803add708b35220d4195b4bc975840a1a289877b00	780468abbf54b1e9948ca0803add708b35220d4195b4bc975840a1a289877b00	1217311	1166905	50406	0	1166905	True	1217311	True
panukbb_continuous__400__both_sexes__na__irnt	/Volumes/Extreme SSD/sleep-unified-research-v1/recovery-2026-10-08/native_inputs/discovery_extension/data/munged/panukbb_continuous__400__both_sexes__na__irnt.sumstats.gz	398953d3b905c607d0fe006d2cf51fdc3ab1acf61b3cbe1e75db27bf99e8f267	398953d3b905c607d0fe006d2cf51fdc3ab1acf61b3cbe1e75db27bf99e8f267	1217311	1166899	50412	0	1166899	True	1217311	True
panukbb_continuous__4105__both_sexes__na__irnt	/Volumes/Extreme SSD/sleep-unified-research-v1/recovery-2026-10-08/native_inputs/discovery_extension/data/munged/panukbb_continuous__4105__both_sexes__na__irnt.sumstats.gz	246b15a9135cc95c561dbb695e22271c20cceeb986c7f1bd5d85f5f8ee25c2ed	246b15a9135cc95c561dbb695e22271c20cceeb986c7f1bd5d85f5f8ee25c2ed	1217311	1166927	50384	0	1166927	True	1217311	True
panukbb_continuous__4195__both_sexes__na__irnt	/Volumes/Extreme SSD/sleep-unified-research-v1/recovery-2026-10-08/native_inputs/discovery_extension/data/munged/panukbb_continuous__4195__both_sexes__na__irnt.sumstats.gz	b502fa347aafb055b14e840cc4db9fa791d4c2982726421dff3003603e7dfc35	b502fa347aafb055b14e840cc4db9fa791d4c2982726421dff3003603e7dfc35	1217311	1166910	50401	0	1166910	True	1217311	True
panukbb_continuous__5096__both_sexes__na__irnt	/Volumes/Extreme SSD/sleep-unified-research-v1/recovery-2026-10-08/native_inputs/discovery_extension/data/munged/panukbb_continuous__5096__both_sexes__na__irnt.sumstats.gz	62359e729c8027ec5122ece390637325b1ee450783b834170b378ff9beb95d84	62359e729c8027ec5122ece390637325b1ee450783b834170b378ff9beb95d84	1217311	1166920	50391	0	1166920	True	1217311	True
panukbb_continuous__5116__both_sexes__na__irnt	/Volumes/Extreme SSD/sleep-unified-research-v1/recovery-2026-10-08/native_inputs/discovery_extension/data/munged/panukbb_continuous__5116__both_sexes__na__irnt.sumstats.gz	5978b40b9311b3bc826e05c984979574d48a442986ac593d602856e7efe4fed8	5978b40b9311b3bc826e05c984979574d48a442986ac593d602856e7efe4fed8	1217311	1166911	50400	0	1166911	True	1217311	True
panukbb_continuous__5257__both_sexes__na__irnt	/Volumes/Extreme SSD/sleep-unified-research-v1/recovery-2026-10-08/native_inputs/discovery_extension/data/munged/panukbb_continuous__5257__both_sexes__na__irnt.sumstats.gz	26047098d0986fb36420f8fbc09f96f40f8fb7b9354a924b936442a1da9f46b3	26047098d0986fb36420f8fbc09f96f40f8fb7b9354a924b936442a1da9f46b3	1217311	1166918	50393	0	1166918	True	1217311	True
panukbb_continuous__699__both_sexes__na__irnt	/Volumes/Extreme SSD/sleep-unified-research-v1/recovery-2026-10-08/native_inputs/discovery_extension/data/munged/panukbb_continuous__699__both_sexes__na__irnt.sumstats.gz	a8affa2676598108e4ef777f1ed73c1ddd32c4a98dda8d2c120f63190c181933	a8affa2676598108e4ef777f1ed73c1ddd32c4a98dda8d2c120f63190c181933	1217311	1166905	50406	0	1166905	True	1217311	True
panukbb_continuous__728__both_sexes__na__na	/Volumes/Extreme SSD/sleep-unified-research-v1/recovery-2026-10-08/native_inputs/discovery_extension/data/munged/panukbb_continuous__728__both_sexes__na__na.sumstats.gz	5220b5a12d798a0aa7cadcb01db722760d045bdaeb1abf0750858ccd84cb7f15	5220b5a12d798a0aa7cadcb01db722760d045bdaeb1abf0750858ccd84cb7f15	1217311	1166903	50408	0	1166903	True	1217311	True
panukbb_continuous__816__both_sexes__na__na	/Volumes/Extreme SSD/sleep-unified-research-v1/recovery-2026-10-08/native_inputs/discovery_extension/data/munged/panukbb_continuous__816__both_sexes__na__na.sumstats.gz	1629823abbc1413c46515c94b94280d0789e32f5ee40f18e28666a7e379dbf4a	1629823abbc1413c46515c94b94280d0789e32f5ee40f18e28666a7e379dbf4a	1217311	1166876	50435	0	1166876	True	1217311	True
panukbb_continuous__874__both_sexes__na__irnt	/Volumes/Extreme SSD/sleep-unified-research-v1/recovery-2026-10-08/native_inputs/discovery_extension/data/munged/panukbb_continuous__874__both_sexes__na__irnt.sumstats.gz	34fdb3053e5d52ebdbb34b8aba9c8678144c366093a4a3f45ec2d7b43454c366	34fdb3053e5d52ebdbb34b8aba9c8678144c366093a4a3f45ec2d7b43454c366	1217311	1166878	50433	0	1166878	True	1217311	True
panukbb_continuous__904__both_sexes__na__na	/Volumes/Extreme SSD/sleep-unified-research-v1/recovery-2026-10-08/native_inputs/discovery_extension/data/munged/panukbb_continuous__904__both_sexes__na__na.sumstats.gz	096281a2808ac6414667ffd72aad6ba9fe075e60d9730a64002bc67095406742	096281a2808ac6414667ffd72aad6ba9fe075e60d9730a64002bc67095406742	1217311	1166897	50414	0	1166897	True	1217311	True
panukbb_continuous__924__both_sexes__na__na	/Volumes/Extreme SSD/sleep-unified-research-v1/recovery-2026-10-08/native_inputs/discovery_extension/data/munged/panukbb_continuous__924__both_sexes__na__na.sumstats.gz	942f89a0f3589b1ce5310a54f13f98ae123b7d45676c101816c06b0509908635	942f89a0f3589b1ce5310a54f13f98ae123b7d45676c101816c06b0509908635	1217311	1166903	50408	0	1166903	True	1217311	True
panukbb_continuous__943__both_sexes__na__na	/Volumes/Extreme SSD/sleep-unified-research-v1/recovery-2026-10-08/native_inputs/discovery_extension/data/munged/panukbb_continuous__943__both_sexes__na__na.sumstats.gz	b8c08765a5a6285162b93500f6001def37250304fa5b6e411b3fb326128f4da1	b8c08765a5a6285162b93500f6001def37250304fa5b6e411b3fb326128f4da1	1217311	1166907	50404	0	1166907	True	1217311	True
panukbb_icd10__i83__both_sexes__na__na	/Volumes/Extreme SSD/sleep-unified-research-v1/recovery-2026-10-08/native_inputs/discovery_extension/data/munged/panukbb_icd10__i83__both_sexes__na__na.sumstats.gz	48c63721a31447c5f66ad47c63f75ccf24461187ed9eb28b1b31724aaae87468	48c63721a31447c5f66ad47c63f75ccf24461187ed9eb28b1b31724aaae87468	1217311	1166899	50412	0	1166899	True	1217311	True
panukbb_icd10__j44__both_sexes__na__na	/Volumes/Extreme SSD/sleep-unified-research-v1/recovery-2026-10-08/native_inputs/discovery_extension/data/munged/panukbb_icd10__j44__both_sexes__na__na.sumstats.gz	a1806f9cb7edda980afcfa8e9adb2c6a94016bbdb18058e5dd43016b2e59e969	a1806f9cb7edda980afcfa8e9adb2c6a94016bbdb18058e5dd43016b2e59e969	1217311	1166903	50408	0	1166903	True	1217311	True
panukbb_icd10__k21__both_sexes__na__na	/Volumes/Extreme SSD/sleep-unified-research-v1/recovery-2026-10-08/native_inputs/discovery_extension/data/munged/panukbb_icd10__k21__both_sexes__na__na.sumstats.gz	96d70e30e7a0b7c9410cbe7b69cde7002f6b0c8f45c979c98f770c1ebae6a303	96d70e30e7a0b7c9410cbe7b69cde7002f6b0c8f45c979c98f770c1ebae6a303	1217311	1166900	50411	0	1166900	True	1217311	True
panukbb_icd10__k80__both_sexes__na__na	/Volumes/Extreme SSD/sleep-unified-research-v1/recovery-2026-10-08/native_inputs/discovery_extension/data/munged/panukbb_icd10__k80__both_sexes__na__na.sumstats.gz	fd31249dbba51579ded7085a5ab7b47ff1d11ebc6785cf322a59a9c70676ba94	fd31249dbba51579ded7085a5ab7b47ff1d11ebc6785cf322a59a9c70676ba94	1217311	1166410	50901	0	1166410	True	1217311	True
panukbb_icd10__m16__both_sexes__na__na	/Volumes/Extreme SSD/sleep-unified-research-v1/recovery-2026-10-08/native_inputs/discovery_extension/data/munged/panukbb_icd10__m16__both_sexes__na__na.sumstats.gz	cfc101dadcaed408df2d28c70d05301d5116476376883932bce1f61ff326c9ef	cfc101dadcaed408df2d28c70d05301d5116476376883932bce1f61ff326c9ef	1217311	1166902	50409	0	1166902	True	1217311	True
panukbb_icd10__m17__both_sexes__na__na	/Volumes/Extreme SSD/sleep-unified-research-v1/recovery-2026-10-08/native_inputs/discovery_extension/data/munged/panukbb_icd10__m17__both_sexes__na__na.sumstats.gz	69720b4460f4c76f2129f569565f36c8ca739f6f00896f257a78f5111ea0a4c1	69720b4460f4c76f2129f569565f36c8ca739f6f00896f257a78f5111ea0a4c1	1217311	1166360	50951	0	1166360	True	1217311	True
panukbb_icd10__m51__both_sexes__na__na	/Volumes/Extreme SSD/sleep-unified-research-v1/recovery-2026-10-08/native_inputs/discovery_extension/data/munged/panukbb_icd10__m51__both_sexes__na__na.sumstats.gz	fa5aca480aaca66c13bd9ab28df4f4c9cd0b4128143654bda6ef767582068834	fa5aca480aaca66c13bd9ab28df4f4c9cd0b4128143654bda6ef767582068834	1217311	1166902	50409	0	1166902	True	1217311	True
panukbb_icd10__z88__both_sexes__na__na	/Volumes/Extreme SSD/sleep-unified-research-v1/recovery-2026-10-08/native_inputs/discovery_extension/data/munged/panukbb_icd10__z88__both_sexes__na__na.sumstats.gz	746a7ad8d724da0037427b1cc64559ed9a427496176bdb6243b282c575ea15e1	746a7ad8d724da0037427b1cc64559ed9a427496176bdb6243b282c575ea15e1	1217311	1166904	50407	0	1166904	True	1217311	True
panukbb_icd10__z95__both_sexes__na__na	/Volumes/Extreme SSD/sleep-unified-research-v1/recovery-2026-10-08/native_inputs/discovery_extension/data/munged/panukbb_icd10__z95__both_sexes__na__na.sumstats.gz	be1cf634e3a6c2dced9fa9bb07da5d3ad2936ab6d457e174e27445c9c0eb3883	be1cf634e3a6c2dced9fa9bb07da5d3ad2936ab6d457e174e27445c9c0eb3883	1217311	1166901	50410	0	1166901	True	1217311	True
panukbb_phecode__318__both_sexes__na__na	/Volumes/Extreme SSD/sleep-unified-research-v1/recovery-2026-10-08/native_inputs/discovery_extension/data/munged/panukbb_phecode__318__both_sexes__na__na.sumstats.gz	9cd6a1e8e05bcc6b5b2a41cf916dbfd4513a82d2fbebf424fcbf81af4b42b983	9cd6a1e8e05bcc6b5b2a41cf916dbfd4513a82d2fbebf424fcbf81af4b42b983	1217311	1166890	50421	0	1166890	True	1217311	True
panukbb_phecode__496_2__both_sexes__na__na	/Volumes/Extreme SSD/sleep-unified-research-v1/recovery-2026-10-08/native_inputs/discovery_extension/data/munged/panukbb_phecode__496_2__both_sexes__na__na.sumstats.gz	3f00a9cc531c9d9b208934dffaa0f75e70f6284edb1a5f07f94e8f3d386200f4	3f00a9cc531c9d9b208934dffaa0f75e70f6284edb1a5f07f94e8f3d386200f4	1217311	1166890	50421	0	1166890	True	1217311	True
panukbb_phecode__550_2__both_sexes__na__na	/Volumes/Extreme SSD/sleep-unified-research-v1/recovery-2026-10-08/native_inputs/discovery_extension/data/munged/panukbb_phecode__550_2__both_sexes__na__na.sumstats.gz	a88e6929f9cf8b260955e9798dc4f0b4f5d4f7fa9ec4c57262f3d9cf28df428d	a88e6929f9cf8b260955e9798dc4f0b4f5d4f7fa9ec4c57262f3d9cf28df428d	1217311	1166880	50431	0	1166880	True	1217311	True
panukbb_phecode__550_4__both_sexes__na__na	/Volumes/Extreme SSD/sleep-unified-research-v1/recovery-2026-10-08/native_inputs/discovery_extension/data/munged/panukbb_phecode__550_4__both_sexes__na__na.sumstats.gz	a617780ee1db510151f34805f19dc0650213d25e064bf9a251f9868e705d8d24	a617780ee1db510151f34805f19dc0650213d25e064bf9a251f9868e705d8d24	1217311	1166887	50424	0	1166887	True	1217311	True
panukbb_phecode__558__both_sexes__na__na	/Volumes/Extreme SSD/sleep-unified-research-v1/recovery-2026-10-08/native_inputs/discovery_extension/data/munged/panukbb_phecode__558__both_sexes__na__na.sumstats.gz	a34aa3fe332bb620fc3274e072e98de39edf253981a19b5fd27704a64b553e50	a34aa3fe332bb620fc3274e072e98de39edf253981a19b5fd27704a64b553e50	1217311	1166891	50420	0	1166891	True	1217311	True
panukbb_phecode__594__both_sexes__na__na	/Volumes/Extreme SSD/sleep-unified-research-v1/recovery-2026-10-08/native_inputs/discovery_extension/data/munged/panukbb_phecode__594__both_sexes__na__na.sumstats.gz	34046cf79174a5dd75ab1f8a5740d37730e6faca504b68d74b4de9f432e8202d	34046cf79174a5dd75ab1f8a5740d37730e6faca504b68d74b4de9f432e8202d	1217311	1166900	50411	0	1166900	True	1217311	True
panukbb_phecode__740__both_sexes__na__na	/Volumes/Extreme SSD/sleep-unified-research-v1/recovery-2026-10-08/native_inputs/discovery_extension/data/munged/panukbb_phecode__740__both_sexes__na__na.sumstats.gz	98861cc9a50b93eac61c7fac4ea7e3218666fbc07b358ab67f4b93848575f2be	98861cc9a50b93eac61c7fac4ea7e3218666fbc07b358ab67f4b93848575f2be	1217311	1166901	50410	0	1166901	True	1217311	True
panukbb_phecode__785__both_sexes__na__na	/Volumes/Extreme SSD/sleep-unified-research-v1/recovery-2026-10-08/native_inputs/discovery_extension/data/munged/panukbb_phecode__785__both_sexes__na__na.sumstats.gz	84dac6943aa1263976b702a40c134284ed5f10c2b6ab364768f826f90dd4699a	84dac6943aa1263976b702a40c134284ed5f10c2b6ab364768f826f90dd4699a	1217311	1166901	50410	0	1166901	True	1217311	True
panukbb_phecode__835__both_sexes__na__na	/Volumes/Extreme SSD/sleep-unified-research-v1/recovery-2026-10-08/native_inputs/discovery_extension/data/munged/panukbb_phecode__835__both_sexes__na__na.sumstats.gz	f56f0fe2468344ac464295da68eec132d8ebc30700282acc682115025bfa3de0	f56f0fe2468344ac464295da68eec132d8ebc30700282acc682115025bfa3de0	1217311	1166901	50410	0	1166901	True	1217311	True
panukbb_phecode__960_2__both_sexes__na__na	/Volumes/Extreme SSD/sleep-unified-research-v1/recovery-2026-10-08/native_inputs/discovery_extension/data/munged/panukbb_phecode__960_2__both_sexes__na__na.sumstats.gz	6371127c0a67f7a3e639ae47f56478ce4ffc7ddf0f876facd153078e8a1dc127	6371127c0a67f7a3e639ae47f56478ce4ffc7ddf0f876facd153078e8a1dc127	1217311	1166891	50420	0	1166891	True	1217311	True
panukbb_phecode__960__both_sexes__na__na	/Volumes/Extreme SSD/sleep-unified-research-v1/recovery-2026-10-08/native_inputs/discovery_extension/data/munged/panukbb_phecode__960__both_sexes__na__na.sumstats.gz	350024e916d8372c991e489697986f89523337b4e7fdfb20d75315fbaa7604c0	350024e916d8372c991e489697986f89523337b4e7fdfb20d75315fbaa7604c0	1217311	1166890	50421	0	1166890	True	1217311	True
panukbb_prescriptions__amlodipine__both_sexes__na__na	/Volumes/Extreme SSD/sleep-unified-research-v1/recovery-2026-10-08/native_inputs/discovery_extension/data/munged/panukbb_prescriptions__amlodipine__both_sexes__na__na.sumstats.gz	efe3f867d5da98405e61cd47fc3fbc37746ceb5f1489271bc6edf9f800895baa	efe3f867d5da98405e61cd47fc3fbc37746ceb5f1489271bc6edf9f800895baa	1217311	1166905	50406	0	1166905	True	1217311	True
panukbb_prescriptions__amoxicillin_clavulanic_acid__both_sexes__na__na	/Volumes/Extreme SSD/sleep-unified-research-v1/recovery-2026-10-08/native_inputs/discovery_extension/data/munged/panukbb_prescriptions__amoxicillin_clavulanic_acid__both_sexes__na__na.sumstats.gz	93c62be4e2a5aea74e110c2829c4a3fd953d9f27027d62f7eec59a9befc39b0f	93c62be4e2a5aea74e110c2829c4a3fd953d9f27027d62f7eec59a9befc39b0f	1217311	1166906	50405	0	1166906	True	1217311	True
panukbb_prescriptions__bendroflumethiazide__both_sexes__na__na	/Volumes/Extreme SSD/sleep-unified-research-v1/recovery-2026-10-08/native_inputs/discovery_extension/data/munged/panukbb_prescriptions__bendroflumethiazide__both_sexes__na__na.sumstats.gz	830f4d332d2f77b08ccc4c050b487f65ef37353f7f31a9e82c1401cc522e195e	830f4d332d2f77b08ccc4c050b487f65ef37353f7f31a9e82c1401cc522e195e	1217311	1166904	50407	0	1166904	True	1217311	True
panukbb_prescriptions__citalopram__both_sexes__na__na	/Volumes/Extreme SSD/sleep-unified-research-v1/recovery-2026-10-08/native_inputs/discovery_extension/data/munged/panukbb_prescriptions__citalopram__both_sexes__na__na.sumstats.gz	e0d8f16eaa5711773ba701525199455efe6dfc121b884195f87f0578ae6d751b	e0d8f16eaa5711773ba701525199455efe6dfc121b884195f87f0578ae6d751b	1217311	1166904	50407	0	1166904	True	1217311	True
panukbb_prescriptions__clarithromycin__both_sexes__na__na	/Volumes/Extreme SSD/sleep-unified-research-v1/recovery-2026-10-08/native_inputs/discovery_extension/data/munged/panukbb_prescriptions__clarithromycin__both_sexes__na__na.sumstats.gz	17188108423c70a129c8314cfc2a632e16eac3c1417ce06176144618219d77ef	17188108423c70a129c8314cfc2a632e16eac3c1417ce06176144618219d77ef	1217311	1166901	50410	0	1166901	True	1217311	True
panukbb_prescriptions__gabapentin__both_sexes__na__na	/Volumes/Extreme SSD/sleep-unified-research-v1/recovery-2026-10-08/native_inputs/discovery_extension/data/munged/panukbb_prescriptions__gabapentin__both_sexes__na__na.sumstats.gz	00e0dad7a62c822f7845d15d5feb1a903d3bcb6cbe0063e6b390e82c1f12db98	00e0dad7a62c822f7845d15d5feb1a903d3bcb6cbe0063e6b390e82c1f12db98	1217311	1166902	50409	0	1166902	True	1217311	True
panukbb_prescriptions__latanoprost__both_sexes__na__na	/Volumes/Extreme SSD/sleep-unified-research-v1/recovery-2026-10-08/native_inputs/discovery_extension/data/munged/panukbb_prescriptions__latanoprost__both_sexes__na__na.sumstats.gz	a73d0d1448ec166b60c35b95e6b92079ca161da52a5e73992a526da17b728737	a73d0d1448ec166b60c35b95e6b92079ca161da52a5e73992a526da17b728737	1217311	1166906	50405	0	1166906	True	1217311	True
panukbb_prescriptions__mebeverine__both_sexes__na__na	/Volumes/Extreme SSD/sleep-unified-research-v1/recovery-2026-10-08/native_inputs/discovery_extension/data/munged/panukbb_prescriptions__mebeverine__both_sexes__na__na.sumstats.gz	c913f515896ca743d40d41063c085129334c4ae70dae4611d0658d77f949c1d0	c913f515896ca743d40d41063c085129334c4ae70dae4611d0658d77f949c1d0	1217311	1166901	50410	0	1166901	True	1217311	True
panukbb_prescriptions__orlistat__both_sexes__na__na	/Volumes/Extreme SSD/sleep-unified-research-v1/recovery-2026-10-08/native_inputs/discovery_extension/data/munged/panukbb_prescriptions__orlistat__both_sexes__na__na.sumstats.gz	f2da2e0cda45088edc15655e56a5cb7368e880b229cc6f0f1edd6da546c2d79f	f2da2e0cda45088edc15655e56a5cb7368e880b229cc6f0f1edd6da546c2d79f	1217311	1166904	50407	0	1166904	True	1217311	True
panukbb_prescriptions__paracetamol__both_sexes__na__na	/Volumes/Extreme SSD/sleep-unified-research-v1/recovery-2026-10-08/native_inputs/discovery_extension/data/munged/panukbb_prescriptions__paracetamol__both_sexes__na__na.sumstats.gz	195d7adf719f311f5e8a76227c408fb96e3773975e2fbed9f4d0a8b38bb80c2a	195d7adf719f311f5e8a76227c408fb96e3773975e2fbed9f4d0a8b38bb80c2a	1217311	1166901	50410	0	1166901	True	1217311	True
panukbb_prescriptions__tramadol__both_sexes__na__na	/Volumes/Extreme SSD/sleep-unified-research-v1/recovery-2026-10-08/native_inputs/discovery_extension/data/munged/panukbb_prescriptions__tramadol__both_sexes__na__na.sumstats.gz	35a6afa407b3b6a3512e801a4c1d1328b0aa2df41d14f97c785464e19d8b601b	35a6afa407b3b6a3512e801a4c1d1328b0aa2df41d14f97c785464e19d8b601b	1217311	1166903	50408	0	1166903	True	1217311	True
