panel_version	trait_id	label	domain	type	phenotype_definition	source_note	dataset_version	source_id	raw_file	ncase	ncontrol	n_total	pop_prev	build	source_status	pmid	doi	ancestry	pop_prev_citation
atlas-v1.0	insomnia	Insomnia	sleep	binary	UK Biobank field 1200: usually having trouble falling asleep or waking during the night versus never/rarely or sometimes	Jansen 2019 Nat Genet — UKB-only public release without 23andMe	Jansen_2019_UKB_only_public	jansen_2019_insomnia_ukb	insomnia.txt.gz	109402	277131	386533	0.30	hg19	SOURCE_VERIFIED	30804565	10.1038/s41588-018-0333-3	EUR	Jansen et al. 2019 report frequent-insomnia prevalence of 28.3% in the exact UK Biobank stratum and 29.9% in the full study; DOI 10.1038/s41588-018-0333-3. K=0.30 is a rounded phenotype-matched frequent-complaint convention, not the prevalence of clinically diagnosed insomnia disorder.
atlas-v1.0	sleepdur	Sleep duration (continuous)	sleep	continuous	Continuous self-reported sleep duration in hours	Dashti 2019 Nat Commun — UKB continuous sleep duration	Dashti_2019_continuous	dashti_2019_sleep_duration	sleepdur.txt.gz	NA	NA	446118	NA	hg19	SOURCE_VERIFIED	30846698	10.1038/s41467-019-08917-4	EUR	NA
atlas-v1.0	shortsleep	Short sleep (<7 h)	sleep	binary	Self-reported sleep duration <7 h; 7–8 h controls	Dashti 2019 Nat Commun — UKB short-sleep tail	Dashti_2019_lt7h	dashti_2019_short_sleep	shortsleep.txt.gz	106192	305742	411934	0.25	hg19	SOURCE_VERIFIED	30846698	10.1038/s41467-019-08917-4	EUR	Dashti et al. 2019 report 106,192 short-sleep cases and 305,742 7–8 h controls in the exact unascertained UK Biobank analysis; DOI 10.1038/s41467-019-08917-4. K=0.25 is the rounded analyzed-category frequency (0.258), used as a phenotype-frequency convention rather than a general-population epidemiologic prevalence.
atlas-v1.0	longsleep	Long sleep (>=9 h)	sleep	binary	Self-reported sleep duration >=9 h; 7–8 h controls	Dashti 2019 Nat Commun — UKB long-sleep tail	Dashti_2019_ge9h	dashti_2019_long_sleep	longsleep.txt.gz	34184	305742	339926	0.10	hg19	SOURCE_VERIFIED	30846698	10.1038/s41467-019-08917-4	EUR	Dashti et al. 2019 report 34,184 long-sleep cases and 305,742 7–8 h controls in the exact unascertained UK Biobank analysis; DOI 10.1038/s41467-019-08917-4. K=0.10 is the rounded analyzed-category frequency (0.101), used as a phenotype-frequency convention rather than a general-population epidemiologic prevalence.
atlas-v1.0	chronotype	Chronotype / morningness	sleep	binary	Definitely or more a morning person versus definitely or more an evening person in UK Biobank field 1180	Jones 2019 Nat Commun — UKB morningness	GCST007565_UKB_morning_person	jones_2019_morning_person_ukb	chronotype.txt.gz	252287	150908	403195	0.63	hg19	SOURCE_VERIFIED	30696823	10.1038/s41467-018-08259-7	EUR	Jones et al. 2019 report 252,287 morning-person cases and 150,908 evening-person controls for the exact UK Biobank binary analysis; DOI 10.1038/s41467-018-08259-7. K=0.63 is the rounded analyzed-category frequency (0.626) for a dichotomized preference phenotype, not a disease prevalence.
atlas-v1.0	sleepiness	Daytime sleepiness	sleep	continuous	Continuous UKB daytime-sleepiness phenotype	Wang 2019 Nat Commun — UKB daytime sleepiness	Wang_2019_daytime_sleepiness	wang_2019_daytime_sleepiness	sleepiness.txt.gz	NA	NA	452071	NA	hg19	SOURCE_VERIFIED	31409809	UNRESOLVED	EUR	NA
atlas-v1.0	napping	Daytime napping	sleep	continuous	Daytime-napping frequency	Dashti 2021 Nat Commun — UKB daytime napping frequency	Dashti_2021_napping	dashti_2021_daytime_napping	napping.txt.gz	NA	NA	452633	NA	hg19	SOURCE_VERIFIED	33568662	UNRESOLVED	EUR	NA
atlas-v1.0	snoring	Habitual snoring	sleep	binary	UK Biobank field 1210: yes versus no to whether a partner, close relative, or friend complains about the participant's snoring	Campos 2020 Nat Commun — UKB habitual snoring	GCST009760_Campos_main_analysis	campos_2020_snoring	snoring.txt.gz	152302	256015	408317	0.37	hg19	SOURCE_VERIFIED	32060260	10.1038/s41467-020-14625-1	EUR	Campos et al. 2020 reports 37% prevalence in the analyzed UK Biobank European sample; cohort approximation for liability conversion, DOI 10.1038/s41467-020-14625-1
atlas-v1.0	sleep_apnea	Sleep apnea	sleep	binary	FinnGen R9 G6_SLEEPAPNO: hospital-discharge or cause-of-death ICD-10 G47.3 / ICD-9 3472, with G6_NARCOCATA and G6_SLEEPDISOTH excluded from controls	FinnGen R9 G6_SLEEPAPNO	FinnGen_R9_G6_SLEEPAPNO_2023-05-04	finngen_r9_sleep_apnoea	sleep_apnea.txt.gz	38998	336659	375657	0.05	hg38	SOURCE_VERIFIED	36653562	10.1038/s41586-022-05473-8	EUR	Campos et al. 2023 explicitly use a conservative sleep-apnea population prevalence of approximately 5% for power and liability interpretation; PMID 36525587, DOI 10.1093/sleep/zsac308. K=0.05 is an external obstructive-sleep-apnea GWAS convention because the FinnGen hospital-record case fraction is not a population prevalence.
atlas-v1.0	sleep_efficiency	Actigraphy sleep efficiency	sleep	continuous	Rank-normalized actigraphy sleep efficiency	Jones 2019 Nat Commun — GCST007803 European subset	GCST007803_sleep_efficiency	jones_2019_accelerometer_sleep	sleep_efficiency.txt.gz	NA	NA	84810	NA	hg19	SOURCE_VERIFIED	30952852	UNRESOLVED	EUR	NA
atlas-v1.0	accel_sleep_duration	Actigraphy sleep duration	sleep	continuous	Rank-normalized actigraphy SPT-window sleep duration	Jones 2019 Nat Commun — GCST007803 European subset	GCST007803_sleep_duration	jones_2019_accelerometer_sleep	accel_sleep_duration.txt.gz	NA	NA	85449	NA	hg19	SOURCE_VERIFIED	30952852	UNRESOLVED	EUR	NA
atlas-v1.0	sleep_timing	Actigraphy sleep timing	sleep	continuous	Rank-normalized actigraphy SPT-window midpoint	Jones 2019 Nat Commun — GCST007803 European subset	GCST007803_sleep_midpoint	jones_2019_accelerometer_sleep	sleep_timing.txt.gz	NA	NA	84810	NA	hg19	SOURCE_VERIFIED	30952852	UNRESOLVED	EUR	NA
frailty-v1-secondary	frailty_general	Frailty (General Factor)	frailty	continuous	General frailty factor from 30 deficit multivariate GWAS	Mak et al. 2025 Nature Genetics	GCST90624046	GCST90624046	frailty_paper/data/gwas/latent_frailty_catalog/GCST90624046/GCST90624046.tsv	NA	NA	2105711	NA	GRCh37	SOURCE_VERIFIED	40759756	10.1038/s41588-025-02269-0	European	NA
frailty-v1-secondary	frailty_factor_1	Frailty Factor 1 - Limited Social Support	frailty	continuous	Residual/specific frailty factor 1 from 30 deficit multivariate GWAS	Mak et al. 2025 Nature Genetics	GCST90624047	GCST90624047	frailty_paper/data/gwas/latent_frailty_catalog/GCST90624047/GCST90624047.tsv	NA	NA	559200	NA	GRCh37	SOURCE_VERIFIED	40759756	10.1038/s41588-025-02269-0	European	NA
frailty-v1-secondary	frailty_factor_2	Frailty Factor 2 - Unhealthy Lifestyle	frailty	continuous	Residual/specific frailty factor 2 from 30 deficit multivariate GWAS	Mak et al. 2025 Nature Genetics	GCST90624048	GCST90624048	frailty_paper/data/gwas/latent_frailty_catalog/GCST90624048/GCST90624048.tsv	NA	NA	755865	NA	GRCh37	SOURCE_VERIFIED	40759756	10.1038/s41588-025-02269-0	European	NA
frailty-v1-secondary	frailty_factor_3	Frailty Factor 3 - Multimorbidity	frailty	continuous	Residual/specific frailty factor 3 from 30 deficit multivariate GWAS	Mak et al. 2025 Nature Genetics	GCST90624049	GCST90624049	frailty_paper/data/gwas/latent_frailty_catalog/GCST90624049/GCST90624049.tsv	NA	NA	699030	NA	GRCh37	SOURCE_VERIFIED	40759756	10.1038/s41588-025-02269-0	European	NA
frailty-v1-secondary	frailty_factor_4	Frailty Factor 4 - Metabolic Problems	frailty	continuous	Residual/specific frailty factor 4 from 30 deficit multivariate GWAS	Mak et al. 2025 Nature Genetics	GCST90624050	GCST90624050	frailty_paper/data/gwas/latent_frailty_catalog/GCST90624050/GCST90624050.tsv	NA	NA	377810	NA	GRCh37	SOURCE_VERIFIED	40759756	10.1038/s41588-025-02269-0	European	NA
frailty-v1-secondary	frailty_factor_5	Frailty Factor 5 - Poorer Cognition	frailty	continuous	Residual/specific frailty factor 5 from 30 deficit multivariate GWAS	Mak et al. 2025 Nature Genetics	GCST90624051	GCST90624051	frailty_paper/data/gwas/latent_frailty_catalog/GCST90624051/GCST90624051.tsv	NA	NA	327699	NA	GRCh37	SOURCE_VERIFIED	40759756	10.1038/s41588-025-02269-0	European	NA
frailty-v1-secondary	frailty_factor_6	Frailty Factor 6 - Disability	frailty	continuous	Residual/specific frailty factor 6 from 30 deficit multivariate GWAS	Mak et al. 2025 Nature Genetics	GCST90624052	GCST90624052	frailty_paper/data/gwas/latent_frailty_catalog/GCST90624052/GCST90624052.tsv	NA	NA	385176	NA	GRCh37	SOURCE_VERIFIED	40759756	10.1038/s41588-025-02269-0	European	NA
