trait_id	display_name	domain	role	source_name	source_url_or_accession	publication_or_PMID	ancestry	genome_build	phenotype_type	sample_size	n_cases	n_controls	population_prevalence	effect_type	raw_status	raw_path	raw_sha256	license_or_redistribution_note	harmonized_status	harmonized_path	harmonized_sha256	munged_status	munged_path	munged_sha256	h2_status	h2_observed	h2_se	h2_z	intercept	intercept_se	mean_chisq	lambda_gc	N_eff_times_h2	phase1_eligible	phase2_eligible	phase3_eligible	exclusion_reason	blocker	last_verified_commit	last_verified_timestamp
insomnia	Insomnia (Primary)	sleep	core_sleep	Jansen 2019 Nat Genet — UKB-only release (no 23andMe)	CNCR_Watanabe_2022	35835914	EUR	PENDING	case_control	386533	109402	277131	UNKNOWN		PRESENT	data/raw/insomnia_watanabe2022.zip	9004326a32fe8b52	public GWAS Catalog / consortium release; raw not committed	DONE	data/harmonized/insomnia.harmonized.tsv.gz	fcb6efe809d86ddd	DONE	data/munged/insomnia.sumstats.gz	97ee740b4632c1ba	DONE	0.0456	0.0021	21.714	1.0155	0.0088	1.3658	1.3101	17626	YES	YES	YES		RESOLVED. The earlier conclusion was WRONG: it tested stale CTG URLs. The current official CNCR summary-statistics page carries live download entries	28be4c2	2026-08-01T16:40:52
insomnia_ukb	Insomnia (UKB-only)	sleep	secondary_sleep	Jansen 2019 Nat Genet — UKB cohort only (Public)				hg19	case_control	386533	109402	277131	0.30		ABSENT			public GWAS Catalog / consortium release; raw not committed	NOT_RUN			NOT_RUN			NOT_RUN									PENDING	PENDING	PENDING			28be4c2	2026-08-01T16:40:52
insomnia_full	Insomnia (UKB+23andMe)	sleep	secondary_sleep	Jansen 2019 Nat Genet — Full meta-analysis (Restricted)				hg19	case_control	1331010	397959	933051	0.30		ABSENT			public GWAS Catalog / consortium release; raw not committed	NOT_RUN			NOT_RUN			NOT_RUN									PENDING	PENDING	PENDING			28be4c2	2026-08-01T16:40:52
sleepdur	Sleep duration (continuous)	sleep	core_sleep	Dashti 2019 Nat Commun (UKB, continuous hours)	dashti_2019_sleep_duration	30846698	EUR	PENDING	continuous	446118	NA	NA	NA		ABSENT		77ebce3fcabb32a3	public GWAS Catalog / consortium release; raw not committed	NOT_RUN			DONE	data/munged/sleepdur.sumstats.gz	6de36346613d8adb	DONE	0.0664	0.0029	22.897	1.0378	0.0098	1.6211	1.4926	29622	YES	YES	YES			28be4c2	2026-08-01T16:40:52
shortsleep	Short sleep (Primary)	sleep	core_sleep	Dashti 2019 Nat Commun (< 7 h tail)	dashti_2019_short_sleep	30846698	EUR	PENDING	case_control	411934	106192	305742	UNKNOWN		ABSENT		c083c1e318fe5c15	public GWAS Catalog / consortium release; raw not committed	NOT_RUN			DONE	data/munged/shortsleep.sumstats.gz	d681f3419b66e0b9	DONE	0.0495	0.0021	23.571	1.0272	0.0078	1.4261	1.3685	20391	YES	YES	YES			28be4c2	2026-08-01T16:40:52
shortsleep_dashti	Short sleep (<7h Dashti)	sleep	secondary_sleep	Dashti 2019 Nat Commun (< 7 h tail, Ncase=106k)				hg19	case_control	411934	106192	305742	0.25		ABSENT			public GWAS Catalog / consortium release; raw not committed	NOT_RUN			NOT_RUN			NOT_RUN									PENDING	PENDING	PENDING			28be4c2	2026-08-01T16:40:52
shortsleep_az	Short sleep (<=5h Austin-Zimmerman)	sleep	secondary_sleep	Austin-Zimmerman 2023 Nat Commun (<= 5 h extreme tail)				hg19	case_control	475460	62516	412944	0.13		ABSENT			public GWAS Catalog / consortium release; raw not committed	NOT_RUN			NOT_RUN			NOT_RUN									PENDING	PENDING	PENDING			28be4c2	2026-08-01T16:40:52
longsleep	Long sleep (Primary)	sleep	core_sleep	Dashti 2019 Nat Commun (>= 9 h tail)	dashti_2019_long_sleep	30846698	EUR	PENDING	case_control	339926	34184	305742	UNKNOWN		ABSENT		0afd9a3ccf459d28	public GWAS Catalog / consortium release; raw not committed	NOT_RUN			DONE	data/munged/longsleep.sumstats.gz	7e81a7573f873016	DONE	0.029	0.0021	13.81	1.0153	0.0075	1.208	1.2005	9858	YES	YES	YES			28be4c2	2026-08-01T16:40:52
longsleep_dashti	Long sleep (>=9h Dashti)	sleep	secondary_sleep	Dashti 2019 Nat Commun (>= 9 h tail, Ncase=34k)				hg19	case_control	339926	34184	305742	0.10		ABSENT			public GWAS Catalog / consortium release; raw not committed	NOT_RUN			NOT_RUN			NOT_RUN									PENDING	PENDING	PENDING			28be4c2	2026-08-01T16:40:52
longsleep_az	Long sleep (>=10h Austin-Zimmerman)	sleep	secondary_sleep	Austin-Zimmerman 2023 Nat Commun (>= 10 h extreme tail)				hg19	case_control	398912	15962	382950	0.04		ABSENT			public GWAS Catalog / consortium release; raw not committed	NOT_RUN			NOT_RUN			NOT_RUN									PENDING	PENDING	PENDING			28be4c2	2026-08-01T16:40:52
chronotype	Chronotype (morningness)	sleep	core_sleep	Jones 2019 Nat Commun (UKB morning person)	GCST007576	30696823	EUR	PENDING	case_control	403195	252287	150908	UNKNOWN		ABSENT		f16aab365eb0d3d4	public GWAS Catalog / consortium release; raw not committed	NOT_RUN			DONE	data/munged/chronotype.sumstats.gz	788cafcc53d6e6a5	DONE	0.1208	0.004	30.2	1.0609	0.0125	2.0235	1.7648	48706	YES	YES	YES			28be4c2	2026-08-01T16:40:52
sleepiness	Daytime sleepiness	sleep	core_sleep	Wang 2019 Nat Commun (UKB daytime sleepiness)	wang_2019_daytime_sleepiness	31409809	EUR	PENDING	continuous	452071	NA	NA	NA		ABSENT		59fefd59ecc8ddae	public GWAS Catalog / consortium release; raw not committed	NOT_RUN			DONE	data/munged/sleepiness.sumstats.gz	0185fb8c6c36a89b	DONE	0.0478	0.0023	20.783	1.0229	0.0089	1.4441	1.3685	21609	YES	YES	YES			28be4c2	2026-08-01T16:40:52
napping	Daytime napping	sleep	secondary_sleep	Dashti 2021 Nat Commun (UKB daytime napping frequency)				hg19	continuous	452633	NA	NA	NA		ABSENT			public GWAS Catalog / consortium release; raw not committed	NOT_RUN			NOT_RUN			NOT_RUN									PENDING	PENDING	PENDING			28be4c2	2026-08-01T16:40:52
snoring	Snoring	sleep	secondary_sleep	Campos 2020 Nat Commun (UKB habitual snoring)				hg19	case_control	408317	152302	256015	0.37		ABSENT			public GWAS Catalog / consortium release; raw not committed	NOT_RUN			NOT_RUN			NOT_RUN									PENDING	PENDING	PENDING			28be4c2	2026-08-01T16:40:52
sleep_apnea	Sleep apnea (proxy)	sleep	secondary_sleep	FinnGen R9 (G6_SLEEPAPNO)				hg38	case_control	217955	43901	174054	0.08		ABSENT			public GWAS Catalog / consortium release; raw not committed	NOT_RUN			NOT_RUN			NOT_RUN									PENDING	PENDING	PENDING			28be4c2	2026-08-01T16:40:52
sleep_efficiency	Sleep efficiency (actigraphy)	sleep	secondary_sleep	Jones 2019 Nat Commun (UKB accelerometer sleep efficiency)				hg19	continuous	84810	NA	NA	NA		ABSENT			public GWAS Catalog / consortium release; raw not committed	NOT_RUN			NOT_RUN			NOT_RUN									PENDING	PENDING	PENDING			28be4c2	2026-08-01T16:40:52
accel_sleep_duration	Actigraphy sleep duration	sleep	secondary_sleep	Jones 2019 Nat Commun (UKB accelerometer sleep duration)				hg19	continuous	85499	NA	NA	NA		ABSENT			public GWAS Catalog / consortium release; raw not committed	NOT_RUN			NOT_RUN			NOT_RUN									PENDING	PENDING	PENDING			28be4c2	2026-08-01T16:40:52
activity_rhythm	Activity rhythm amplitude	sleep	secondary_sleep	UKB accelerometer relative amplitude				hg19	continuous	85000	NA	NA	NA		ABSENT			public GWAS Catalog / consortium release; raw not committed	NOT_RUN			NOT_RUN			NOT_RUN									PENDING	PENDING	PENDING			28be4c2	2026-08-01T16:40:52
sleep_timing	Sleep midpoint / timing	sleep	secondary_sleep	UKB accelerometer sleep timing (L5/M10 midpoint)				hg19	continuous	85000	NA	NA	NA		ABSENT			public GWAS Catalog / consortium release; raw not committed	NOT_RUN			NOT_RUN			NOT_RUN									PENDING	PENDING	PENDING			28be4c2	2026-08-01T16:40:52
rem_nrem	REM / NREM phenotype	sleep	secondary_sleep	Polysomnography REM/NREM ratio (secondary)				hg19	continuous	15000	NA	NA	NA		ABSENT			public GWAS Catalog / consortium release; raw not committed	NOT_RUN			NOT_RUN			NOT_RUN									PENDING	PENDING	PENDING			28be4c2	2026-08-01T16:40:52
mdd	Major depressive disorder	psychiatric	disease	Wray 2018 Nat Genet PGC MDD, public no-23andMe release MDD2018_ex23and	GCST005839	29700475	EUR	GRCh37	case_control	500199	170756	329443	UNKNOWN		EVICTED_REPRODUCIBLE	https://ftp.ebi.ac.uk/pub/databases/gwas/summary_statistics/GCST005001-GCST006000/GCST005839/MDD2018_ex23andMe.gz	a770dc08cb8dcd48	public GWAS Catalog / consortium release; raw not committed	NOT_RUN			DONE	data/munged/mdd.sumstats.gz	402dd9ea7a336912	DONE	0.1938	0.0113	17.15	0.9962	0.0076	1.2538	1.2267	96939	YES	YES	YES		the only file at this accession is PGC_UKB_23andMe_depression_10000.txt - a 10000-SNP excerpt, not usable. Full Howard 2019 requires the PGC no-23an	28be4c2	2026-08-01T16:40:52
scz	Schizophrenia	psychiatric	disease	Trubetskoy-era public release GCST90275158, SCZ EUR 48,523, openly dow	GCST90275158	37689771	EUR	GRCh37	case_control	320404	76755	243649	UNKNOWN		EVICTED_REPRODUCIBLE	https://ftp.ebi.ac.uk/pub/databases/gwas/summary_statistics/GCST90275001-GCST90276000/GCST90275158/GCST90275158.tsv	23e4f1311c083ca2	public GWAS Catalog / consortium release; raw not committed	NOT_RUN			NOT_RUN			NOT_RUN									PENDING	PENDING	PENDING			28be4c2	2026-08-01T16:40:52
bipolar	Bipolar disorder	psychiatric	disease	Hou 2016 Hum Mol Genet (PGC BIP wave), public [PMID 27329760]	GCST003724	27329760	EUR	GRCh37	case_control	413466	41917	371549	UNKNOWN		EVICTED_REPRODUCIBLE	https://ftp.ebi.ac.uk/pub/databases/gwas/summary_statistics/GCST003001-GCST004000/GCST003724/Hou_27329760.tar.gz	fe8eee66223cbbdd	public GWAS Catalog / consortium release; raw not committed	NOT_RUN			NOT_RUN			NOT_RUN									PENDING	PENDING	PENDING			28be4c2	2026-08-01T16:40:52
asd	Autism spectrum disorder	psychiatric	disease	Grove 2019 Nat Genet (PGC/iPSYCH)				hg19	case_control	46351	18382	27969	0.01		ABSENT			public GWAS Catalog / consortium release; raw not committed	NOT_RUN			NOT_RUN			NOT_RUN									PENDING	PENDING	PENDING			28be4c2	2026-08-01T16:40:52
adhd	ADHD	psychiatric	disease	GCST90568440, ADHD EUR 73,483, openly downloadable [PMID 40962958]	GCST90568440	40962958	EUR	GRCh37	case_control	225534	38691	186843	UNKNOWN		EVICTED_REPRODUCIBLE	https://ftp.ebi.ac.uk/pub/databases/gwas/summary_statistics/GCST90568001-GCST90569000/GCST90568440/GCST90568440.tsv.gz	60b10344d4540197	public GWAS Catalog / consortium release; raw not committed	NOT_RUN			NOT_RUN			NOT_RUN									PENDING	PENDING	PENDING			28be4c2	2026-08-01T16:40:52
anxiety	Anxiety disorders	psychiatric	disease	Purves 2020 Mol Psychiatry (UKB anxiety)				hg19	case_control	83566	25453	58113	0.10		ABSENT			public GWAS Catalog / consortium release; raw not committed	NOT_RUN			NOT_RUN			NOT_RUN									PENDING	PENDING	PENDING			28be4c2	2026-08-01T16:40:52
ptsd	Post-traumatic stress disorder	psychiatric	disease	Nievergelt 2019 Nat Commun (PGC-PTSD)				hg19	case_control	174659	23212	151447	0.04		ABSENT			public GWAS Catalog / consortium release; raw not committed	NOT_RUN			NOT_RUN			NOT_RUN									PENDING	PENDING	PENDING			28be4c2	2026-08-01T16:40:52
ocd	Obsessive-compulsive disorder	psychiatric	disease	IOCDF-GC 2018 Mol Psychiatry				hg19	case_control	9725	2688	7037	0.02		ABSENT			public GWAS Catalog / consortium release; raw not committed	NOT_RUN			NOT_RUN			NOT_RUN									PENDING	PENDING	PENDING			28be4c2	2026-08-01T16:40:52
sud	Problematic alcohol use	psychiatric	disease	Zhou 2020 Nat Neurosci (PAU)				hg19	case_control	435563	NA	NA	0.10		ABSENT			public GWAS Catalog / consortium release; raw not committed	NOT_RUN			NOT_RUN			NOT_RUN									PENDING	PENDING	PENDING			28be4c2	2026-08-01T16:40:52
anorexia	Anorexia nervosa	psychiatric	disease	Watson 2019 Nat Genet (PGC AN)				hg19	case_control	72517	16992	55525	0.01		ABSENT			public GWAS Catalog / consortium release; raw not committed	NOT_RUN			NOT_RUN			NOT_RUN									PENDING	PENDING	PENDING			28be4c2	2026-08-01T16:40:52
alz	Alzheimer's disease	neuro	disease	Kunkle 2019 Nat Genet IGAP, late-onset AD EUR 63,926, public GRCh37 [P	GCST007511	30820047	EUR	GRCh37	case_control	788989	111326	677663	UNKNOWN		EVICTED_REPRODUCIBLE	https://ftp.ebi.ac.uk/pub/databases/gwas/summary_statistics/GCST007001-GCST008000/GCST007511/Kunkle_etal_Stage1_results.txt	ae280a70eb82d50c	public GWAS Catalog / consortium release; raw not committed	NOT_RUN			DONE	data/munged/alz.sumstats.gz	d4e5399438055677	DONE	0.0119	0.0019	6.263	1.0302	0.0084	1.118	1.0926	9389	YES	YES	YES		source is GRCh38, project standard is GRCh37. Liftover is forbidden without explicit approval (rule 4). Also contains proxy cases. Do not use until	28be4c2	2026-08-01T16:40:52
parkinson	Parkinson's disease	neuro	disease	Nalls 2019 Lancet Neurol (incl proxy) [PMID 31701892]	GCST009324	31701892	EUR	GRCh37	case_control	1474097	33674	449056	UNKNOWN		EVICTED_REPRODUCIBLE	https://ftp.ebi.ac.uk/pub/databases/gwas/summary_statistics/GCST009001-GCST010000/GCST009324/GCST009324.tsv.gz	1141b11a1bc31bd0	public GWAS Catalog / consortium release; raw not committed	NOT_RUN			NOT_RUN			NOT_RUN									PENDING	PENDING	PENDING			28be4c2	2026-08-01T16:40:52
als	Amyotrophic lateral sclerosis	neuro	disease	van Rheenen 2021 Nat Genet, EUR-only stratum 138,086, public [PMID 348	GCST90027164	34873335	EUR	GRCh37	case_control	152268	27205	110881	UNKNOWN		EVICTED_REPRODUCIBLE	https://ftp.ebi.ac.uk/pub/databases/gwas/summary_statistics/GCST90027001-GCST90028000/GCST90027164/GCST90027164_buildGRCh37.tsv.gz	66ac5f4b0abc4a67	public GWAS Catalog / consortium release; raw not committed	NOT_RUN			DONE	data/munged/als.sumstats.gz	ea370dd49ed71a90	DONE	0.0347	0.0039	8.897	1.027	0.0072	1.1313	1.105	5284	YES	YES	YES			28be4c2	2026-08-01T16:40:52
dementia	All-cause dementia	neuro	disease	FinnGen R9 (F5_DEMENTIA)				hg38	case_control	306797	14100	292697	0.05		ABSENT			public GWAS Catalog / consortium release; raw not committed	NOT_RUN			NOT_RUN			NOT_RUN									PENDING	PENDING	PENDING			28be4c2	2026-08-01T16:40:52
cognitive_performance	Cognitive performance	neuro	disease	Lee 2018 Nat Genet SSGAC, cognitive performance EUR 257,841, public [P	GCST006572	30038396	EUR	GRCh37	continuous	257841	NA	NA	NA		EVICTED_REPRODUCIBLE	https://ftp.ebi.ac.uk/pub/databases/gwas/summary_statistics/GCST006001-GCST007000/GCST006572/GWAS_CP_all.txt	78ce80b2290177fb	public GWAS Catalog / consortium release; raw not committed	NOT_RUN			NOT_RUN			NOT_RUN									PENDING	PENDING	PENDING			28be4c2	2026-08-01T16:40:52
educational_attainment	Educational attainment	neuro	disease	Lee 2018 Nat Genet (SSGAC EA3)	GCST003676	27225129	EUR	NA	continuous	766345	NA	NA	NA		BLOCKED_UNAVAILABLE		b07766b486b8de51	public GWAS Catalog / consortium release; raw not committed	NOT_RUN			NOT_RUN			NOT_RUN									PENDING	PENDING	PENDING		the GWAS Catalog flags GCST003676 as a full p-value set, but the file Okbay_27225129-EduYears_Discovery is only 5,001 rows - genome-wide-significant	28be4c2	2026-08-01T16:40:52
executive_function	Executive function	neuro	disease	Hatoum 2023 Biol Psychiatry (UKB EF)				hg19	continuous	42419	NA	NA	NA		ABSENT			public GWAS Catalog / consortium release; raw not committed	NOT_RUN			NOT_RUN			NOT_RUN									PENDING	PENDING	PENDING			28be4c2	2026-08-01T16:40:52
brain_volume	Total brain volume	neuro	disease	Zhao 2019 Nat Genet (UKB brain MRI)				hg19	continuous	33224	NA	NA	NA		ABSENT			public GWAS Catalog / consortium release; raw not committed	NOT_RUN			NOT_RUN			NOT_RUN									PENDING	PENDING	PENDING			28be4c2	2026-08-01T16:40:52
ibd	Inflammatory bowel disease	immune	disease	de Lange 2017 Nat Genet (IIBDGC) [PMID 28067908]	GCST004131	28067908	EUR	GRCh37	case_control	59957	25042	34915	UNKNOWN		EVICTED_REPRODUCIBLE	https://ftp.ebi.ac.uk/pub/databases/gwas/summary_statistics/GCST004001-GCST005000/GCST004131/ibd_build37_59957_20161107.txt.gz	6c5e8b534dbe6048	public GWAS Catalog / consortium release; raw not committed	NOT_RUN			NOT_RUN			NOT_RUN									PENDING	PENDING	PENDING			28be4c2	2026-08-01T16:40:52
crohn	Crohn's disease	immune	disease	de Lange 2017 Nat Genet (IIBDGC) [PMID 28067908]	GCST004132	28067908	EUR	GRCh37	case_control	40266	12194	28072	UNKNOWN		EVICTED_REPRODUCIBLE	https://ftp.ebi.ac.uk/pub/databases/gwas/summary_statistics/GCST004001-GCST005000/GCST004132/cd_build37_40266_20161107.txt.gz	ddc4258b51f6da59	public GWAS Catalog / consortium release; raw not committed	NOT_RUN			NOT_RUN			NOT_RUN									PENDING	PENDING	PENDING			28be4c2	2026-08-01T16:40:52
uc	Ulcerative colitis	immune	disease	de Lange 2017 Nat Genet (IIBDGC) [PMID 28067908]	GCST004133	28067908	EUR	GRCh37	case_control	45975	12366	33609	UNKNOWN		EVICTED_REPRODUCIBLE	https://ftp.ebi.ac.uk/pub/databases/gwas/summary_statistics/GCST004001-GCST005000/GCST004133/uc_build37_45975_20161107.txt.gz	756f270ab5cf2fde	public GWAS Catalog / consortium release; raw not committed	NOT_RUN			NOT_RUN			NOT_RUN									PENDING	PENDING	PENDING			28be4c2	2026-08-01T16:40:52
ra	Rheumatoid arthritis	immune	disease	Ishigaki 2022 Nat Genet (EUR subset) [PMID 36333501]	GCST90132223	36333501	EUR	GRCh37	case_control	276020	35871	240149	UNKNOWN		EVICTED_REPRODUCIBLE	https://ftp.ebi.ac.uk/pub/databases/gwas/summary_statistics/GCST90132001-GCST90133000/GCST90132223/GCST90132223_buildGRCh37.tsv.gz	bce30ae497edda92	public GWAS Catalog / consortium release; raw not committed	NOT_RUN			NOT_RUN			NOT_RUN									PENDING	PENDING	PENDING			28be4c2	2026-08-01T16:40:52
ms	Multiple sclerosis	immune	disease	IMSGC 2019 Science [PMID 31604244]	GCST003566	27386562	EUR	GRCh37	case_control	115803	47429	68374	UNKNOWN		EVICTED_REPRODUCIBLE	https://ftp.ebi.ac.uk/pub/databases/gwas/summary_statistics/GCST003001-GCST004000/GCST003566/GCST003566_buildGRCh37.tsv.gz	8bc5d5cd2694c167	public GWAS Catalog / consortium release; raw not committed	NOT_RUN			NOT_RUN			NOT_RUN									PENDING	PENDING	PENDING			28be4c2	2026-08-01T16:40:52
lupus	Systemic lupus erythematosus	immune	disease	Bentham 2015 Nat Genet, SLE EUR 14,267, public [PMID 26502338]	GCST003156	26502338	EUR	GRCh37	case_control	23210	7219	15991	UNKNOWN		EVICTED_REPRODUCIBLE	https://ftp.ebi.ac.uk/pub/databases/gwas/summary_statistics/GCST003001-GCST004000/GCST003156/bentham_2015_26502338_sle_efo0002690_1_gwas.sumstats.tsv.gz	e48b195e499cd85b	public GWAS Catalog / consortium release; raw not committed	NOT_RUN			NOT_RUN			NOT_RUN									PENDING	PENDING	PENDING			28be4c2	2026-08-01T16:40:52
asthma	Asthma	immune	disease	Han 2020 Nat Commun (UKB+TAGC) [PMID 32296059]	GCST010042	32296059	EUR	GRCh37	case_control	394283	56167	338116	UNKNOWN		EVICTED_REPRODUCIBLE	https://ftp.ebi.ac.uk/pub/databases/gwas/summary_statistics/GCST010001-GCST011000/GCST010042/HanY_prePMID_asthma_UKBB.txt.gz	205401abbd1c2027	public GWAS Catalog / consortium release; raw not committed	NOT_RUN			NOT_RUN			NOT_RUN									PENDING	PENDING	PENDING			28be4c2	2026-08-01T16:40:52
atopic_dermatitis	Atopic dermatitis	immune	disease	Budu-Aggrey 2023 Nat Commun, EUR 864,982, public [PMID 37794016]	GCST90244787	37794016	EUR	GRCh37	case_control	864982	60653	804329	UNKNOWN		EVICTED_REPRODUCIBLE	https://ftp.ebi.ac.uk/pub/databases/gwas/summary_statistics/GCST90244001-GCST90245000/GCST90244787/GCST90244787_buildGRCh37.tsv	35a65c01b491c740	public GWAS Catalog / consortium release; raw not committed	NOT_RUN			NOT_RUN			NOT_RUN									PENDING	PENDING	PENDING			28be4c2	2026-08-01T16:40:52
psoriasis	Psoriasis	immune	disease	GCST90019016, psoriasis EUR 44,161, genome-wide [PMID 34927100]	GCST90019016	34927100	EUR	GRCh37	case_control	47657	19032	28625	UNKNOWN		EVICTED_REPRODUCIBLE	https://ftp.ebi.ac.uk/pub/databases/gwas/summary_statistics/GCST90019001-GCST90020000/GCST90019016/GCST90019016_buildGRCh37.tsv	33a8d73b7934caff	public GWAS Catalog / consortium release; raw not committed	NOT_RUN			NOT_RUN			NOT_RUN									PENDING	PENDING	PENDING		FOR USE: downloaded and build-verified GRCh37 (5/5 anchors), but only 161,174 variants. That is not genome-wide - LDSC needs ~1.2M HapMap3 SNPs. Same	28be4c2	2026-08-01T16:40:52
allergy	Allergic disease	immune	disease	Ferreira 2017 Nat Genet, EUR 360,838, SHARE-without23andMe release [PM	GCST005038	29083406	EUR	GRCh37	case_control	103911	33075	70836	UNKNOWN		EVICTED_REPRODUCIBLE	https://ftp.ebi.ac.uk/pub/databases/gwas/summary_statistics/GCST005001-GCST006000/GCST005038/SHARE-without23andMe.LDSCORE-GC.SE-META.v0.gz	171f6ded8fe7f020	public GWAS Catalog / consortium release; raw not committed	DONE	data/harmonized/allergy.harmonized.tsv.gz	89a24400f3e705c5	NOT_RUN			NOT_RUN									PENDING	PENDING	PENDING			28be4c2	2026-08-01T16:40:52
bmi	BMI	metabolic	disease	Yengo 2018 GIANT+UKB [PMID 30124842]	GCST006900	30124842	EUR	GRCh37	continuous	681275	NA	NA	NA		EVICTED_REPRODUCIBLE	https://ftp.ebi.ac.uk/pub/databases/gwas/summary_statistics/GCST006001-GCST007000/GCST006900/Meta-analysis_Locke_et_al+UKBiobank_2018_UPDATED.txt.gz	0d6ed0ea97870916	public GWAS Catalog / consortium release; raw not committed	NOT_RUN			DONE	data/munged/bmi.sumstats.gz	fc896ea56eee3c89	DONE	0.1908	0.0053	36.0	1.1866	0.0206	3.9402	2.7872	129987	YES	YES	YES			28be4c2	2026-08-01T16:40:52
obesity	Obesity (class 1)	metabolic	disease	GIANT consortium	GCST90081522	34662886	EUR	BLOCKED_GRCh38	case_control	158864	32858	126006	UNKNOWN		BLOCKED_UNAVAILABLE		PENDING	public GWAS Catalog / consortium release; raw not committed	NOT_RUN			NOT_RUN			NOT_RUN									PENDING	PENDING	PENDING			28be4c2	2026-08-01T16:40:52
t2d	Type 2 diabetes	metabolic	disease	Scott 2017 Diabetes DIAGRAM, T2D EUR 159,208, public [PMID 28566273]	GCST004773	28566273	EUR	GRCh37	case_control	898130	74124	824006	UNKNOWN		EVICTED_REPRODUCIBLE	https://ftp.ebi.ac.uk/pub/databases/gwas/summary_statistics/GCST004001-GCST005000/GCST004773/METAANALYSIS_DIAGRAM_SE1.txt	27a08064c935833f	public GWAS Catalog / consortium release; raw not committed	NOT_RUN			NOT_RUN			NOT_RUN									PENDING	PENDING	PENDING		Scott 2017 (GCST004773) curates fine at Phase 0 -- GRCh37 verified, 12,056,347 variants -- but has NO rsID column. Its marker is a bare coordinate (	28be4c2	2026-08-01T16:40:52
fasting_glucose	Fasting glucose	metabolic	disease	Chen 2021 Nat Genet MAGIC, EUR 200,622, public [PMID 34059833]	GCST90002232	34059833	EUR	GRCh37	continuous	200622	NA	NA	NA		EVICTED_REPRODUCIBLE	https://ftp.ebi.ac.uk/pub/databases/gwas/summary_statistics/GCST90002001-GCST90003000/GCST90002232/GCST90002232_buildGRCh37.tsv.gz	47ca74c9c39f2ded	public GWAS Catalog / consortium release; raw not committed	NOT_RUN			NOT_RUN			NOT_RUN									PENDING	PENDING	PENDING			28be4c2	2026-08-01T16:40:52
fasting_insulin	Fasting insulin	metabolic	disease	Chen 2021 Nat Genet MAGIC, EUR 151,013, public [PMID 34059833]	GCST90002238	34059833	EUR	GRCh37	continuous	151013	NA	NA	NA		EVICTED_REPRODUCIBLE	https://ftp.ebi.ac.uk/pub/databases/gwas/summary_statistics/GCST90002001-GCST90003000/GCST90002238/GCST90002238_buildGRCh37.tsv.gz	174265462b588b1a	public GWAS Catalog / consortium release; raw not committed	NOT_RUN			NOT_RUN			NOT_RUN									PENDING	PENDING	PENDING			28be4c2	2026-08-01T16:40:52
hba1c	HbA1c	metabolic	disease	Chen 2021 Nat Genet MAGIC, EUR 146,806, public [PMID 34059833]	GCST90002244	34059833	EUR	GRCh37	continuous	146496	NA	NA	NA		EVICTED_REPRODUCIBLE	https://ftp.ebi.ac.uk/pub/databases/gwas/summary_statistics/GCST90002001-GCST90003000/GCST90002244/GCST90002244_buildGRCh37.tsv.gz	088ac8bc776bb449	public GWAS Catalog / consortium release; raw not committed	NOT_RUN			NOT_RUN			NOT_RUN									PENDING	PENDING	PENDING			28be4c2	2026-08-01T16:40:52
ldl	LDL cholesterol	metabolic	disease	Graham 2021 Nature (GLGC) [PMID 34887591]	GCST90239658	34887591	EUR	GRCh37	continuous	1320016	NA	NA	NA		EVICTED_REPRODUCIBLE	https://ftp.ebi.ac.uk/pub/databases/gwas/summary_statistics/GCST90239001-GCST90240000/GCST90239658/LDL_INV_EUR_HRC_1KGP3_others_ALL.meta.singlevar.results.gz	36b8d68476a00fcd	public GWAS Catalog / consortium release; raw not committed	NOT_RUN			NOT_RUN			NOT_RUN									PENDING	PENDING	PENDING			28be4c2	2026-08-01T16:40:52
hdl	HDL cholesterol	metabolic	disease	Graham 2021 Nature (GLGC) [PMID 34887591]	GCST90239652	34887591	EUR	GRCh37	continuous	1320016	NA	NA	NA		EVICTED_REPRODUCIBLE	https://ftp.ebi.ac.uk/pub/databases/gwas/summary_statistics/GCST90239001-GCST90240000/GCST90239652/HDL_INV_EUR_HRC_1KGP3_others_ALL.meta.singlevar.results.gz	3711b6c62773e968	public GWAS Catalog / consortium release; raw not committed	NOT_RUN			NOT_RUN			NOT_RUN									PENDING	PENDING	PENDING			28be4c2	2026-08-01T16:40:52
triglycerides	Triglycerides	metabolic	disease	Graham 2021 Nature (GLGC) [PMID 34887591]	GCST90239664	34887591	EUR	GRCh37	continuous	1320016	NA	NA	NA		EVICTED_REPRODUCIBLE	https://ftp.ebi.ac.uk/pub/databases/gwas/summary_statistics/GCST90239001-GCST90240000/GCST90239664/logTG_INV_EUR_HRC_1KGP3_others_ALL.meta.singlevar.results.gz	d21a2822bdb6de57	public GWAS Catalog / consortium release; raw not committed	NOT_RUN			NOT_RUN			NOT_RUN									PENDING	PENDING	PENDING			28be4c2	2026-08-01T16:40:52
nafld	Non-alcoholic fatty liver disease	metabolic	disease	Ghodsian 2021 Cell Rep Med, NAFLD EUR 778,614, public [PMID 34841290]	GCST90091033	34841290	EUR	GRCh37	case_control	218792	2275	216517	UNKNOWN		EVICTED_REPRODUCIBLE	https://ftp.ebi.ac.uk/pub/databases/gwas/summary_statistics/GCST90091001-GCST90092000/GCST90091033/GCST90091033_buildGRCh37.tsv.gz	f4945f0c6494145b	public GWAS Catalog / consortium release; raw not committed	NOT_RUN			NOT_RUN			NOT_RUN									PENDING	PENDING	PENDING			28be4c2	2026-08-01T16:40:52
whr	Waist-to-hip ratio (BMI-adj)	metabolic	disease	Pulit 2019 Hum Mol Genet (GIANT+UKB)	GCST008994/8997/8999	30239722	EUR	NA	continuous	694649	NA	NA	NA		BLOCKED_UNAVAILABLE		NA	public GWAS Catalog / consortium release; raw not committed	NOT_RUN			NOT_RUN			NOT_RUN									PENDING	PENDING	PENDING		Pulit 2019 WHR lists full p-value sets at GCST008994/008997/008999 (all EUR) but NO downloadable file exists in any of those three FTP directories.	28be4c2	2026-08-01T16:40:52
leptin	Leptin levels	metabolic	disease	Kilpelainen 2016 Nat Commun	GCST003367	26833098	EUR	UNVERIFIABLE	continuous	52140	NA	NA	NA		ABSENT		16538c9d01c17874	public GWAS Catalog / consortium release; raw not committed	NOT_RUN			DONE	data/munged/leptin.sumstats.gz	8b17ae5e2b8448eb	DONE	0.0986	0.016	6.162	0.9946	0.0067	1.056	1.0588	5141	YES	YES	YES		file has 2,473,865 variants (genome-wide) but carries NO chromosome or position column - only rsIDs (SNP, Effect, StdErr, P, N, Effect_all, Other_al	28be4c2	2026-08-01T16:40:52
cad	Coronary artery disease	cardio	disease	Aragam 2022 Nat Genet (CARDIoGRAMplusC4D) [PMID 36474045]	GCST90132314	36474045	EUR	GRCh37	case_control	1165690	181522	984168	UNKNOWN		EVICTED_REPRODUCIBLE	https://ftp.ebi.ac.uk/pub/databases/gwas/summary_statistics/GCST90132001-GCST90133000/GCST90132314/GCST90132314_buildGRCh37.tsv	90d3ef0a4a3783e3	public GWAS Catalog / consortium release; raw not committed	NOT_RUN			NOT_RUN			NOT_RUN									PENDING	PENDING	PENDING			28be4c2	2026-08-01T16:40:52
hypertension	Hypertension	cardio	disease	FinnGen R9 (I9_HYPTENS)	GCST90000060	33230300	EUR	UNVERIFIED	case_control	218754	85292	133462	UNKNOWN		BLOCKED_UNAVAILABLE		dfb8a2b55ae6a8d2	public GWAS Catalog / consortium release; raw not committed	NOT_RUN			NOT_RUN			NOT_RUN									PENDING	PENDING	PENDING		build is not GRCh37. Ancestry: European:810865.	28be4c2	2026-08-01T16:40:52
stroke	Stroke (any)	cardio	disease	Mishra 2022 Nature (GIGASTROKE EUR) [PMID 36180795]	GCST90104539	36180795	EUR	GRCh37	case_control	1308460	73652	1234808	UNKNOWN		EVICTED_REPRODUCIBLE	https://ftp.ebi.ac.uk/pub/databases/gwas/summary_statistics/GCST90104001-GCST90105000/GCST90104539/GCST90104539_buildGRCh37.tsv.gz	15384ea2ff7e03fa	public GWAS Catalog / consortium release; raw not committed	NOT_RUN			NOT_RUN			NOT_RUN									PENDING	PENDING	PENDING			28be4c2	2026-08-01T16:40:52
atrial_fibrillation	Atrial fibrillation	cardio	disease	Nielsen 2018 Nat Genet (AFGen) [PMID 29892015]	GCST006061	29892015	EUR	GRCh37	case_control	1030836	60620	970216	UNKNOWN		EVICTED_REPRODUCIBLE	https://ftp.ebi.ac.uk/pub/databases/gwas/summary_statistics/GCST006001-GCST007000/GCST006061/AF_HRC_GWAS_ALLv11.zip	3ef0f55a29ba0c06	public GWAS Catalog / consortium release; raw not committed	NOT_RUN			DONE	data/munged/atrial_fibrillation.sumstats.gz	f35660ec7ec4295c	DONE	0.0212	0.0023	9.217	1.0123	0.0103	1.4254	1.2201	21854	YES	YES	YES			28be4c2	2026-08-01T16:40:52
heart_failure	Heart failure	cardio	disease	Shah 2020 Nat Commun HERMES, EUR 977,323, public [PMID 31919418]	GCST009541	31919418	EUR	GRCh37	case_control	977323	47309	930014	UNKNOWN		EVICTED_REPRODUCIBLE	https://ftp.ebi.ac.uk/pub/databases/gwas/summary_statistics/GCST009001-GCST010000/GCST009541/ShahS_31919418_HeartFailure.gz	da6e5bc197e74659	public GWAS Catalog / consortium release; raw not committed	NOT_RUN			DONE	data/munged/heart_failure.sumstats.gz	e736599290f2d777	DONE	0.008	0.0007	11.429	1.0069	0.007	1.1586	1.127	7819	YES	YES	YES			28be4c2	2026-08-01T16:40:52
sbp	Systolic blood pressure	cardio	disease	Keaton 2024 Nat Genet, systolic BP EUR N~1,028,980, public [PMID 38689	GCST90310294	38689001	EUR	GRCh37	continuous	757601	NA	NA	NA		EVICTED_REPRODUCIBLE	https://ftp.ebi.ac.uk/pub/databases/gwas/summary_statistics/GCST90310001-GCST90311000/GCST90310294/GCST90310294.tsv.gz	ac5bb44a03eb5465	public GWAS Catalog / consortium release; raw not committed	NOT_RUN			DONE	data/munged/sbp.sumstats.gz	9113494f0b0b7449	DONE	0.1158	0.0039	29.692	1.194	0.023	3.54	2.2425	87730	YES	YES	YES		RESOLVED: Evangelou 2018 primary PMID was unverifiable, so the trait was UNAVAILABLE. Replaced with Keaton 2024 (PMID 38689001, NCBI-verified), GCST9	28be4c2	2026-08-01T16:40:52
dbp	Diastolic blood pressure	cardio	disease	Keaton 2024 Nat Genet, diastolic BP EUR N~1,028,980, public [PMID 3868	GCST90310295	38689001	EUR	GRCh37	continuous	757601	NA	NA	NA		EVICTED_REPRODUCIBLE	https://ftp.ebi.ac.uk/pub/databases/gwas/summary_statistics/GCST90310001-GCST90311000/GCST90310295/GCST90310295.tsv.gz	967c577f569351c6	public GWAS Catalog / consortium release; raw not committed	NOT_RUN			DONE	data/munged/dbp.sumstats.gz	da122cb661e79055	DONE	0.1074	0.0038	28.263	1.1767	0.0223	3.4047	2.1589	81366	YES	YES	YES			28be4c2	2026-08-01T16:40:52
pulse_pressure	Pulse pressure	cardio	disease	Keaton 2024 Nat Genet, pulse pressure EUR N~1,028,980, public [PMID 38	GCST90310296	38689001	EUR	GRCh37	continuous	757601	NA	NA	NA		EVICTED_REPRODUCIBLE	https://ftp.ebi.ac.uk/pub/databases/gwas/summary_statistics/GCST90310001-GCST90311000/GCST90310296/GCST90310296.tsv.gz	e74d54adbf390b03	public GWAS Catalog / consortium release; raw not committed	NOT_RUN			DONE	data/munged/pulse_pressure.sumstats.gz	5ca9ef5e7d4c59ac	DONE	0.1024	0.0034	30.118	1.1485	0.0193	3.2015	2.0513	77578	YES	YES	YES			28be4c2	2026-08-01T16:40:52
pad	Peripheral artery disease	cardio	disease	Klarin 2019 Nat Genet (MVP PAD)				hg19	case_control	243060	31307	211753	0.05		ABSENT			public GWAS Catalog / consortium release; raw not committed	NOT_RUN			NOT_RUN			NOT_RUN									PENDING	PENDING	PENDING			28be4c2	2026-08-01T16:40:52
vte	Venous thromboembolism	cardio	disease	Klarin 2019 Nat Genet (MVP VTE)	GCST90399744	36777996	EUR	BLOCKED_GRCh38	case_control	213503	26075	187428	UNKNOWN		BLOCKED_UNAVAILABLE		9e01893b196ebde9	public GWAS Catalog / consortium release; raw not committed	NOT_RUN			NOT_RUN			NOT_RUN									PENDING	PENDING	PENDING		downloaded and build-checked - the file is GRCh38 (9/9 anchors matched hg38). Project standard is GRCh37 and rule 4 forbids silent liftover. Needs a	28be4c2	2026-08-01T16:40:52
longevity	Longevity (90th percentile)	aging	aging	Deelen 2019 Nat Commun				hg19	case_control	36745	11262	25483	0.10		ABSENT			public GWAS Catalog / consortium release; raw not committed	NOT_RUN			NOT_RUN			NOT_RUN									PENDING	PENDING	PENDING			28be4c2	2026-08-01T16:40:52
parental_lifespan	Parental lifespan	aging	aging	Timmers 2019 eLife				hg19	continuous	1012240	NA	NA	NA		ABSENT			public GWAS Catalog / consortium release; raw not committed	NOT_RUN			NOT_RUN			NOT_RUN									PENDING	PENDING	PENDING			28be4c2	2026-08-01T16:40:52
healthspan	Healthspan	aging	aging	Zenin 2019 Commun Biol (UKB)				hg19	continuous	300477	NA	NA	NA		ABSENT			public GWAS Catalog / consortium release; raw not committed	NOT_RUN			NOT_RUN			NOT_RUN									PENDING	PENDING	PENDING			28be4c2	2026-08-01T16:40:52
frailty	Frailty index	aging	aging	Atkins 2021 Aging Cell (UKB)				hg19	continuous	164610	NA	NA	NA		ABSENT			public GWAS Catalog / consortium release; raw not committed	NOT_RUN			NOT_RUN			NOT_RUN									PENDING	PENDING	PENDING			28be4c2	2026-08-01T16:40:52
epigenetic_age	Epigenetic age acceleration	aging	aging	McCartney 2021 Genome Biol (GrimAge)				hg19	continuous	34710	NA	NA	NA		ABSENT			public GWAS Catalog / consortium release; raw not committed	NOT_RUN			NOT_RUN			NOT_RUN									PENDING	PENDING	PENDING			28be4c2	2026-08-01T16:40:52
telomere_length	Leukocyte telomere length	aging	aging	Codd 2021 Nat Genet (UKB)				hg19	continuous	472174	NA	NA	NA		ABSENT			public GWAS Catalog / consortium release; raw not committed	NOT_RUN			NOT_RUN			NOT_RUN									PENDING	PENDING	PENDING			28be4c2	2026-08-01T16:40:52
grip_strength	Hand grip strength	aging	aging	UKB physical measure				hg19	continuous	450000	NA	NA	NA		ABSENT			public GWAS Catalog / consortium release; raw not committed	NOT_RUN			NOT_RUN			NOT_RUN									PENDING	PENDING	PENDING			28be4c2	2026-08-01T16:40:52
walking_pace	Usual walking pace	aging	aging	UKB functional fitness				hg19	continuous	450000	NA	NA	NA		ABSENT			public GWAS Catalog / consortium release; raw not committed	NOT_RUN			NOT_RUN			NOT_RUN									PENDING	PENDING	PENDING			28be4c2	2026-08-01T16:40:52
breast_cancer	Breast cancer	cancer	disease	Zhang 2020 Nat Genet (BCAC)				hg19	case_control	247173	133384	113789	0.12		ABSENT			public GWAS Catalog / consortium release; raw not committed	NOT_RUN			NOT_RUN			NOT_RUN									PENDING	PENDING	PENDING			28be4c2	2026-08-01T16:40:52
prostate_cancer	Prostate cancer	cancer	disease	Conti 2021 Nat Genet (PRACTICAL)				hg19	case_control	140254	79148	61106	0.14		ABSENT			public GWAS Catalog / consortium release; raw not committed	NOT_RUN			NOT_RUN			NOT_RUN									PENDING	PENDING	PENDING			28be4c2	2026-08-01T16:40:52
colorectal_cancer	Colorectal cancer	cancer	disease	Fernandez-Rozadilla 2023 Nat Genet				hg19	case_control	125478	58131	67347	0.04		ABSENT			public GWAS Catalog / consortium release; raw not committed	NOT_RUN			NOT_RUN			NOT_RUN									PENDING	PENDING	PENDING			28be4c2	2026-08-01T16:40:52
lung_cancer	Lung cancer	cancer	disease	McKay 2017 Nat Genet (ILCCO)				hg19	case_control	85716	29266	56450	0.06		ABSENT			public GWAS Catalog / consortium release; raw not committed	NOT_RUN			NOT_RUN			NOT_RUN									PENDING	PENDING	PENDING			28be4c2	2026-08-01T16:40:52
melanoma	Melanoma	cancer	disease	Landi 2020 Nat Genet				hg19	case_control	375767	30134	345633	0.02		ABSENT			public GWAS Catalog / consortium release; raw not committed	NOT_RUN			NOT_RUN			NOT_RUN									PENDING	PENDING	PENDING			28be4c2	2026-08-01T16:40:52
ovarian_cancer	Ovarian cancer	cancer	disease	Phelan 2017 Nat Genet (OCAC)				hg19	case_control	63347	22406	40941	0.01		ABSENT			public GWAS Catalog / consortium release; raw not committed	NOT_RUN			NOT_RUN			NOT_RUN									PENDING	PENDING	PENDING			28be4c2	2026-08-01T16:40:52
renal_cancer	Renal cell carcinoma	cancer	disease	Scelo 2017 Nat Commun				hg19	case_control	31190	10784	20406	0.01		ABSENT			public GWAS Catalog / consortium release; raw not committed	NOT_RUN			NOT_RUN			NOT_RUN									PENDING	PENDING	PENDING			28be4c2	2026-08-01T16:40:52
pancreatic_cancer	Pancreatic cancer	cancer	disease	Klein 2018 Nat Commun				hg19	case_control	21536	9040	12496	0.01		ABSENT			public GWAS Catalog / consortium release; raw not committed	NOT_RUN			NOT_RUN			NOT_RUN									PENDING	PENDING	PENDING			28be4c2	2026-08-01T16:40:52
celiac	Celiac disease	immune	disease	Celiac disease EUR, public [PMID 34278373]	GCST90014442	34278373	EUR	GRCh37	case_control	324074	UNKNOWN	UNKNOWN	UNKNOWN		EVICTED_REPRODUCIBLE	https://ftp.ebi.ac.uk/pub/databases/gwas/summary_statistics/GCST90014001-GCST90015000/GCST90014442/GCST90014442_buildGRCh37.tsv	aa86f9d0b238b958	public GWAS Catalog / consortium release; raw not committed	NOT_RUN			NOT_RUN			NOT_RUN									PENDING	PENDING	PENDING			28be4c2	2026-08-01T16:40:52
t1d	Type 1 diabetes	immune	disease	Type 1 diabetes EUR, public [PMID 42062540]	GCST90824163	42062540	EUR	GRCh38	case_control	797363	UNKNOWN	UNKNOWN	UNKNOWN		EVICTED_REPRODUCIBLE	https://ftp.ebi.ac.uk/pub/databases/gwas/summary_statistics/GCST90824001-GCST90825000/GCST90824163/GCST90824163.tsv.gz	dcb71578f950111a	public GWAS Catalog / consortium release; raw not committed	NOT_RUN			NOT_RUN			NOT_RUN									PENDING	PENDING	PENDING		build is not GRCh37. EUR-only stratum. 20,355 European ancestry cases, 797,363 European ancestry controls.	28be4c2	2026-08-01T16:40:52
vitiligo	Vitiligo	immune	disease	Vitiligo EUR, public [PMID 39789286]	GCST90468155	39789286	EUR	GRCh37	case_control	394626	UNKNOWN	UNKNOWN	UNKNOWN		EVICTED_REPRODUCIBLE	https://ftp.ebi.ac.uk/pub/databases/gwas/summary_statistics/GCST90468001-GCST90469000/GCST90468155/GCST90468155.tsv.gz	a18caad4c415f3e7	public GWAS Catalog / consortium release; raw not committed	NOT_RUN			NOT_RUN			NOT_RUN									PENDING	PENDING	PENDING			28be4c2	2026-08-01T16:40:52
ankylosing_spondylitis	Ankylosing spondylitis	immune	disease	Ankylosing spondylitis EUR, public [PMID 34278373]	GCST90014438	34278373	EUR	GRCh37	case_control	324074	UNKNOWN	UNKNOWN	UNKNOWN		EVICTED_REPRODUCIBLE	https://ftp.ebi.ac.uk/pub/databases/gwas/summary_statistics/GCST90014001-GCST90015000/GCST90014438/GCST90014438_buildGRCh37.tsv	8509c45a8dc46e11	public GWAS Catalog / consortium release; raw not committed	NOT_RUN			NOT_RUN			NOT_RUN									PENDING	PENDING	PENDING			28be4c2	2026-08-01T16:40:52
hypothyroidism	Hypothyroidism	immune	disease	Hypothyroidism EUR, public [PMID 41644669]	GCST90627749	41644669	EUR	GRCh38	case_control	1564466	UNKNOWN	UNKNOWN	UNKNOWN		EVICTED_REPRODUCIBLE	https://ftp.ebi.ac.uk/pub/databases/gwas/summary_statistics/GCST90627001-GCST90628000/GCST90627749/GCST90627749.tsv	7bbeb96e5a3166a8	public GWAS Catalog / consortium release; raw not committed	NOT_RUN			NOT_RUN			NOT_RUN									PENDING	PENDING	PENDING		build is not GRCh37. EUR-only stratum. 221,596 European ancestry cases, 1,564,466 European ancestry controls.	28be4c2	2026-08-01T16:40:52
migraine	Migraine	neuro	disease	Migraine EUR, public [PMID 37415806]	GCST90271641	37415806	EUR	GRCh37	case_control	487214	UNKNOWN	UNKNOWN	UNKNOWN		EVICTED_REPRODUCIBLE	https://ftp.ebi.ac.uk/pub/databases/gwas/summary_statistics/GCST90271001-GCST90272000/GCST90271641/GCST90271641.tsv.gz	4450a0ba64cb2601	public GWAS Catalog / consortium release; raw not committed	NOT_RUN			NOT_RUN			NOT_RUN									PENDING	PENDING	PENDING			28be4c2	2026-08-01T16:40:52
epilepsy	Epilepsy	neuro	disease	Epilepsy EUR, public [PMID 37653029]	GCST90271611	37653029	EUR	GRCh37	case_control	42436	UNKNOWN	UNKNOWN	UNKNOWN		EVICTED_REPRODUCIBLE	https://ftp.ebi.ac.uk/pub/databases/gwas/summary_statistics/GCST90271001-GCST90272000/GCST90271611/GCST90271611.tsv.gz	bd79cae7184a0b72	public GWAS Catalog / consortium release; raw not committed	NOT_RUN			NOT_RUN			NOT_RUN									PENDING	PENDING	PENDING			28be4c2	2026-08-01T16:40:52
copd	Chronic obstructive pulmonary disease	respiratory	disease	Chronic obstructive pulmonary disease EUR, public [PMID 36777996]	GCST90399694	36777996	EUR	GRCh38	case_control	937358	UNKNOWN	UNKNOWN	UNKNOWN		EVICTED_REPRODUCIBLE	https://ftp.ebi.ac.uk/pub/databases/gwas/summary_statistics/GCST90399001-GCST90400000/GCST90399694/GCST90399694.tsv.gz	96cb64d3baaf7cd0	public GWAS Catalog / consortium release; raw not committed	NOT_RUN			NOT_RUN			NOT_RUN									PENDING	PENDING	PENDING		build is not GRCh37. EUR-only stratum. 58,559 European ancestry cases, 937,358 European ancestry controls. SHARED COHORT: same publication/cohort as	28be4c2	2026-08-01T16:40:52
osteoarthritis	Osteoarthritis	musculoskeletal	disease	Osteoarthritis EUR, public [PMID 39789286]	GCST90468144	39789286	EUR	GRCh37	case_control	394626	UNKNOWN	UNKNOWN	UNKNOWN		EVICTED_REPRODUCIBLE	https://ftp.ebi.ac.uk/pub/databases/gwas/summary_statistics/GCST90468001-GCST90469000/GCST90468144/GCST90468144.tsv.gz	01b46a72486156e4	public GWAS Catalog / consortium release; raw not committed	NOT_RUN			NOT_RUN			NOT_RUN									PENDING	PENDING	PENDING			28be4c2	2026-08-01T16:40:52
gout	Gout	metabolic	disease	Gout EUR, public [PMID 36777996]	GCST90399701	36777996	EUR	GRCh38	case_control	1027375	UNKNOWN	UNKNOWN	UNKNOWN		EVICTED_REPRODUCIBLE	https://ftp.ebi.ac.uk/pub/databases/gwas/summary_statistics/GCST90399001-GCST90400000/GCST90399701/GCST90399701.tsv.gz	34b56e88ffe3cf3a	public GWAS Catalog / consortium release; raw not committed	NOT_RUN			NOT_RUN			NOT_RUN									PENDING	PENDING	PENDING		build is not GRCh37. EUR-only stratum. 24,278 European ancestry cases, 1,027,375 European ancestry controls. SHARED COHORT: same publication/cohort	28be4c2	2026-08-01T16:40:52
endometriosis	Endometriosis	reproductive	disease	Endometriosis EUR, public [PMID 36914876]	GCST90269970	36914876	EUR	GRCh37	case_control	449087	UNKNOWN	UNKNOWN	UNKNOWN		EVICTED_REPRODUCIBLE	https://ftp.ebi.ac.uk/pub/databases/gwas/summary_statistics/GCST90269001-GCST90270000/GCST90269970/GCST90269970_buildGRCh37.tsv.gz	d4569bd4128464a7	public GWAS Catalog / consortium release; raw not committed	NOT_RUN			NOT_RUN			NOT_RUN									PENDING	PENDING	PENDING			28be4c2	2026-08-01T16:40:52
glaucoma	Glaucoma	ocular	disease	Glaucoma EUR, public [PMID 39789286]	GCST90468129	39789286	EUR	GRCh37	case_control	394626	UNKNOWN	UNKNOWN	UNKNOWN		EVICTED_REPRODUCIBLE	https://ftp.ebi.ac.uk/pub/databases/gwas/summary_statistics/GCST90468001-GCST90469000/GCST90468129/GCST90468129.tsv.gz	44ec6dfffa5b9039	public GWAS Catalog / consortium release; raw not committed	NOT_RUN			NOT_RUN			NOT_RUN									PENDING	PENDING	PENDING			28be4c2	2026-08-01T16:40:52
macular_degeneration	Age-related macular degeneration	ocular	disease	Age-related macular degeneration EUR, public [PMID 33893285]	GCST90086108	33893285	EUR	GRCh37	case_control	52952	UNKNOWN	UNKNOWN	UNKNOWN		EVICTED_REPRODUCIBLE	https://ftp.ebi.ac.uk/pub/databases/gwas/summary_statistics/GCST90086001-GCST90087000/GCST90086108/GCST90086108_buildGRCh37.tsv	1d1551fdf3b9f3e9	public GWAS Catalog / consortium release; raw not committed	NOT_RUN			NOT_RUN			NOT_RUN									PENDING	PENDING	PENDING			28be4c2	2026-08-01T16:40:52
ibs	Irritable bowel syndrome	gastro	disease	Irritable bowel syndrome EUR, public [PMID 34741163]	GCST90016564	34741163	EUR	GRCh37	case_control	433201	UNKNOWN	UNKNOWN	UNKNOWN		EVICTED_REPRODUCIBLE	https://ftp.ebi.ac.uk/pub/databases/gwas/summary_statistics/GCST90016001-GCST90017000/GCST90016564/GCST90016564_buildGRCh37.tsv	06537a1b466084bd	public GWAS Catalog / consortium release; raw not committed	NOT_RUN			NOT_RUN			NOT_RUN									PENDING	PENDING	PENDING			28be4c2	2026-08-01T16:40:52
diverticular	Diverticular disease	gastro	disease	Diverticular disease EUR, public [PMID 30661054]	GCST008105	30661054	EUR	UNVERIFIED	case_control	419135	UNKNOWN	UNKNOWN	UNKNOWN		BLOCKED_UNAVAILABLE		390bf34187bc3cf4	public GWAS Catalog / consortium release; raw not committed	NOT_RUN			NOT_RUN			NOT_RUN									PENDING	PENDING	PENDING		build is not GRCh37. EUR-only stratum. 31,964 European ancestry cases, 419,135 European ancestry controls.	28be4c2	2026-08-01T16:40:52
osteoporosis	Osteoporosis	musculoskeletal	disease	Osteoporosis EUR, public [PMID 39789286]	GCST90468145	39789286	EUR	GRCh37	case_control	394626	UNKNOWN	UNKNOWN	UNKNOWN		EVICTED_REPRODUCIBLE	https://ftp.ebi.ac.uk/pub/databases/gwas/summary_statistics/GCST90468001-GCST90469000/GCST90468145/GCST90468145.tsv.gz	20349b7321b16b2a	public GWAS Catalog / consortium release; raw not committed	NOT_RUN			NOT_RUN			NOT_RUN									PENDING	PENDING	PENDING			28be4c2	2026-08-01T16:40:52
egfr	Glomerular filtration rate	renal	disease	Glomerular filtration rate EUR, public [PMID 28887542]	GCST005063	28887542	EUR	UNVERIFIED	continuous	5574	NA	NA	NA		BLOCKED_UNAVAILABLE		b6b58347a3ca5ea1	public GWAS Catalog / consortium release; raw not committed	NOT_RUN			NOT_RUN			NOT_RUN									PENDING	PENDING	PENDING		build is not GRCh37. EUR-only stratum. up to 5,574 European ancestry women, up to 4,387 European ancestry men.	28be4c2	2026-08-01T16:40:52
ckd	Chronic kidney disease	renal	disease	Chronic kidney disease EUR, public [PMID 31152163]	GCST008064	31152163	EUR	GRCh37	case_control	561055	UNKNOWN	UNKNOWN	UNKNOWN		EVICTED_REPRODUCIBLE	https://ftp.ebi.ac.uk/pub/databases/gwas/summary_statistics/GCST008001-GCST009000/GCST008064/CKD_overall_ALL_JW_20180223_nstud30.dbgap.txt.gz	8ed1dd92e9165ea5	public GWAS Catalog / consortium release; raw not committed	NOT_RUN			DONE	data/munged/ckd.sumstats.gz	881f9b29b43b6dc8	DONE	0.0131	0.0014	9.357	1.0612	0.0079	1.2124	1.1619	7350	YES	YES	YES			28be4c2	2026-08-01T16:40:52
urate	Urate levels	metabolic	disease	Urate levels EUR, public [PMID 34226706]	GCST90025965	34226706	EUR	GRCh37	continuous	437354	NA	NA	NA		EVICTED_REPRODUCIBLE	https://ftp.ebi.ac.uk/pub/databases/gwas/summary_statistics/GCST90025001-GCST90026000/GCST90025965/GCST90025965_buildGRCh37.tsv	7c4f819bfbf517a8	public GWAS Catalog / consortium release; raw not committed	NOT_RUN			NOT_RUN			NOT_RUN									PENDING	PENDING	PENDING			28be4c2	2026-08-01T16:40:52
alt	Alanine aminotransferase levels	hepatic	disease	Alanine aminotransferase levels EUR, public [PMID 34226706]	GCST90025979	34226706	EUR	GRCh37	continuous	437724	NA	NA	NA		EVICTED_REPRODUCIBLE	https://ftp.ebi.ac.uk/pub/databases/gwas/summary_statistics/GCST90025001-GCST90026000/GCST90025979/GCST90025979_buildGRCh37.tsv	cefe2cf15fb89d35	public GWAS Catalog / consortium release; raw not committed	NOT_RUN			NOT_RUN			NOT_RUN									PENDING	PENDING	PENDING			28be4c2	2026-08-01T16:40:52
ggt	Gamma glutamyl transferase levels	hepatic	disease	Gamma glutamyl transferase levels EUR, public [PMID 34226706]	GCST90025966	34226706	EUR	GRCh37	continuous	437651	NA	NA	NA		EVICTED_REPRODUCIBLE	https://ftp.ebi.ac.uk/pub/databases/gwas/summary_statistics/GCST90025001-GCST90026000/GCST90025966/GCST90025966_buildGRCh37.tsv	38a31c9a6c72b7ed	public GWAS Catalog / consortium release; raw not committed	NOT_RUN			NOT_RUN			NOT_RUN									PENDING	PENDING	PENDING			28be4c2	2026-08-01T16:40:52
bilirubin	Bilirubin levels	hepatic	disease	Bilirubin levels EUR, public [PMID 34226706]	GCST90025973	34226706	EUR	GRCh37	continuous	436055	NA	NA	NA		EVICTED_REPRODUCIBLE	https://ftp.ebi.ac.uk/pub/databases/gwas/summary_statistics/GCST90025001-GCST90026000/GCST90025973/GCST90025973_buildGRCh37.tsv	53a0259566cdd927	public GWAS Catalog / consortium release; raw not committed	NOT_RUN			NOT_RUN			NOT_RUN									PENDING	PENDING	PENDING			28be4c2	2026-08-01T16:40:52
platelet_count	Platelet count	blood	disease	Platelet count EUR, public [PMID 29892013]	GCST90028999	29892013	EUR	GRCh37	continuous	600968	NA	NA	NA		EVICTED_REPRODUCIBLE	https://ftp.ebi.ac.uk/pub/databases/gwas/summary_statistics/GCST90028001-GCST90029000/GCST90028999/GCST90028999_buildGRCh37.tsv	PENDING	public GWAS Catalog / consortium release; raw not committed	NOT_RUN			NOT_RUN			NOT_RUN									PENDING	PENDING	PENDING		only -1 variants -- not genome-wide. EUR-only stratum. 600,968 European ancestry individuals.	28be4c2	2026-08-01T16:40:52
hemoglobin	Hemoglobin concentration	blood	disease	Hemoglobin concentration EUR, public [PMID 32888493]	GCST90002310	32888493	EUR	GRCh37	continuous	563946	NA	NA	NA		EVICTED_REPRODUCIBLE	https://ftp.ebi.ac.uk/pub/databases/gwas/summary_statistics/GCST90002001-GCST90003000/GCST90002310/GCST90002310_buildGRCh37.tsv.gz	14502d7b96b66a87	public GWAS Catalog / consortium release; raw not committed	NOT_RUN			NOT_RUN			NOT_RUN									PENDING	PENDING	PENDING		only -1 variants -- not genome-wide. EUR-only stratum. 563,946 European ancestry individuals. SHARED COHORT (5 traits from PMID 32888493): wbc_count	28be4c2	2026-08-01T16:40:52
wbc_count	White blood cell count	blood	disease	White blood cell count EUR, public [PMID 32888493]	GCST90002374	32888493	EUR	GRCh37	continuous	562243	NA	NA	NA		EVICTED_REPRODUCIBLE	https://ftp.ebi.ac.uk/pub/databases/gwas/summary_statistics/GCST90002001-GCST90003000/GCST90002374/GCST90002374_buildGRCh37.tsv.gz	bea348e6beede83d	public GWAS Catalog / consortium release; raw not committed	NOT_RUN			NOT_RUN			NOT_RUN									PENDING	PENDING	PENDING			28be4c2	2026-08-01T16:40:52
rbc_count	Red blood cell count	blood	disease	Red blood cell count EUR, public [PMID 32888493]	GCST90002363	32888493	EUR	GRCh37	continuous	545203	NA	NA	NA		EVICTED_REPRODUCIBLE	https://ftp.ebi.ac.uk/pub/databases/gwas/summary_statistics/GCST90002001-GCST90003000/GCST90002363/GCST90002363_buildGRCh37.tsv.gz	7bbf67e6b6a0a7f2	public GWAS Catalog / consortium release; raw not committed	NOT_RUN			NOT_RUN			NOT_RUN									PENDING	PENDING	PENDING			28be4c2	2026-08-01T16:40:52
neutrophil_count	Neutrophil count	blood	disease	Neutrophil count EUR, public [PMID 32888493]	GCST90002351	32888493	EUR	GRCh37	continuous	519288	NA	NA	NA		EVICTED_REPRODUCIBLE	https://ftp.ebi.ac.uk/pub/databases/gwas/summary_statistics/GCST90002001-GCST90003000/GCST90002351/GCST90002351_buildGRCh37.tsv.gz	99d157cadd480038	public GWAS Catalog / consortium release; raw not committed	NOT_RUN			NOT_RUN			NOT_RUN									PENDING	PENDING	PENDING			28be4c2	2026-08-01T16:40:52
monocyte_count	Monocyte count	blood	disease	Monocyte count EUR, public [PMID 32888493]	GCST90002340	32888493	EUR	GRCh37	continuous	521594	NA	NA	NA		EVICTED_REPRODUCIBLE	https://ftp.ebi.ac.uk/pub/databases/gwas/summary_statistics/GCST90002001-GCST90003000/GCST90002340/GCST90002340_buildGRCh37.tsv.gz	a5129cdfbc947995	public GWAS Catalog / consortium release; raw not committed	NOT_RUN			NOT_RUN			NOT_RUN									PENDING	PENDING	PENDING			28be4c2	2026-08-01T16:40:52
fev1	FEV1	respiratory	disease	FEV1 EUR, public [PMID 30804560]	GCST007432	30804560	EUR	UNVERIFIED	continuous	321047	NA	NA	NA		BLOCKED_UNAVAILABLE		PENDING	public GWAS Catalog / consortium release; raw not committed	NOT_RUN			NOT_RUN			NOT_RUN									PENDING	PENDING	PENDING		build is not GRCh37. EUR-only stratum. 321,047 European ancestry individuals.	28be4c2	2026-08-01T16:40:52
neuroticism	Neuroticism	psychiatric	disease	Neuroticism EUR, public [PMID 30643256]	GCST007339	30643256	EUR	GRCh37	continuous	523783	NA	NA	NA		EVICTED_REPRODUCIBLE	https://ftp.ebi.ac.uk/pub/databases/gwas/summary_statistics/GCST007001-GCST008000/GCST007339/MA_NEUno23andMe_18022020.txt.gz	9d2f822e78b6cff0	public GWAS Catalog / consortium release; raw not committed	NOT_RUN			NOT_RUN			NOT_RUN									PENDING	PENDING	PENDING			28be4c2	2026-08-01T16:40:52
intelligence	Intelligence	neuro	disease	Intelligence EUR, public [PMID 36150907]	GCST90179114	36150907	EUR	GRCh37	continuous	216381	NA	NA	NA		EVICTED_REPRODUCIBLE	https://ftp.ebi.ac.uk/pub/databases/gwas/summary_statistics/GCST90179001-GCST90180000/GCST90179114/GCST90179114_buildGRCh37.tsv	152f28354ab26716	public GWAS Catalog / consortium release; raw not committed	NOT_RUN			NOT_RUN			NOT_RUN									PENDING	PENDING	PENDING			28be4c2	2026-08-01T16:40:52
risk_tolerance	General risk tolerance	behavioural	disease	General risk tolerance EUR, public [PMID 30643258]	GCST007322	30643258	EUR	GRCh37	continuous	939908	NA	NA	NA		EVICTED_REPRODUCIBLE	https://ftp.ebi.ac.uk/pub/databases/gwas/summary_statistics/GCST007001-GCST008000/GCST007322/RISK_GWAS_MA_UKB+replication.txt	e3bcb6ee3c8d7a33	public GWAS Catalog / consortium release; raw not committed	NOT_RUN			NOT_RUN			NOT_RUN									PENDING	PENDING	PENDING			28be4c2	2026-08-01T16:40:52
testosterone	Testosterone levels	endocrine	disease	Testosterone levels EUR, public [PMID 40229599]	GCST90483488	40229599	EUR	GRCh38	continuous	464044	NA	NA	NA		BLOCKED_UNAVAILABLE		PENDING	public GWAS Catalog / consortium release; raw not committed	NOT_RUN			NOT_RUN			NOT_RUN									PENDING	PENDING	PENDING		build is not GRCh37. EUR-only stratum. 464,044 European ancestry individuals.	28be4c2	2026-08-01T16:40:52
shbg	Sex hormone-binding globulin levels	endocrine	disease	Sex hormone-binding globulin levels EUR, public [PMID 34226706]	GCST90025958	34226706	EUR	GRCh37	continuous	397043	NA	NA	NA		EVICTED_REPRODUCIBLE	https://ftp.ebi.ac.uk/pub/databases/gwas/summary_statistics/GCST90025001-GCST90026000/GCST90025958/GCST90025958_buildGRCh37.tsv	f3ce5b5da1851101	public GWAS Catalog / consortium release; raw not committed	NOT_RUN			NOT_RUN			NOT_RUN									PENDING	PENDING	PENDING			28be4c2	2026-08-01T16:40:52
igf1	Insulin-like growth factor 1 levels	endocrine	disease	Insulin-like growth factor 1 levels EUR, public [PMID 34226706]	GCST90025989	34226706	EUR	GRCh37	continuous	435516	NA	NA	NA		EVICTED_REPRODUCIBLE	https://ftp.ebi.ac.uk/pub/databases/gwas/summary_statistics/GCST90025001-GCST90026000/GCST90025989/GCST90025989_buildGRCh37.tsv	92534ee2cb54a84b	public GWAS Catalog / consortium release; raw not committed	NOT_RUN			NOT_RUN			NOT_RUN									PENDING	PENDING	PENDING			28be4c2	2026-08-01T16:40:52
vitamin_d	Vitamin D levels	endocrine	disease	Vitamin D levels EUR, public [PMID 34226706]	GCST90025967	34226706	EUR	GRCh37	continuous	418691	NA	NA	NA		EVICTED_REPRODUCIBLE	https://ftp.ebi.ac.uk/pub/databases/gwas/summary_statistics/GCST90025001-GCST90026000/GCST90025967/GCST90025967_buildGRCh37.tsv	a83f3c3351d717dd	public GWAS Catalog / consortium release; raw not committed	NOT_RUN			NOT_RUN			NOT_RUN									PENDING	PENDING	PENDING			28be4c2	2026-08-01T16:40:52
tsh	Thyroid stimulating hormone levels	endocrine	disease	Thyroid stimulating hormone levels EUR, public [PMID 41238958]	GCST90572789	41238958	EUR	GRCh37	continuous	482873	NA	NA	NA		EVICTED_REPRODUCIBLE	https://ftp.ebi.ac.uk/pub/databases/gwas/summary_statistics/GCST90572001-GCST90573000/GCST90572789/GCST90572789.tsv.gz	fa48723afbea7e40	public GWAS Catalog / consortium release; raw not committed	NOT_RUN			NOT_RUN			NOT_RUN									PENDING	PENDING	PENDING			28be4c2	2026-08-01T16:40:52
heart_rate	Resting heart rate	cardio	disease	Resting heart rate EUR, public [PMID 30940143]	GCST007609	30940143	EUR	GRCh37	continuous	458969	NA	NA	NA		EVICTED_REPRODUCIBLE	https://ftp.ebi.ac.uk/pub/databases/gwas/summary_statistics/GCST007001-GCST008000/GCST007609/ZhuZ_30940143_ukbb.bolt_460K_selfRepWhite.rhrmean.assoc.gz	40433f4dea1edaa1	public GWAS Catalog / consortium release; raw not committed	NOT_RUN			DONE	data/munged/heart_rate.sumstats.gz	55598bfe17d82a17	DONE	0.1468	0.0092	15.957	1.1532	0.0185	2.4491	1.7648	67377	YES	YES	YES			28be4c2	2026-08-01T16:40:52
qt_interval	QT interval	cardio	disease	QT interval EUR, public [PMID 41068971]	GCST90624626	41068971	EUR	GRCh37	continuous	30975	NA	NA	NA		EVICTED_REPRODUCIBLE	https://ftp.ebi.ac.uk/pub/databases/gwas/summary_statistics/GCST90624001-GCST90625000/GCST90624626/GCST90624626.tsv.gz	7f8320469835c5b0	public GWAS Catalog / consortium release; raw not committed	NOT_RUN			NOT_RUN			NOT_RUN									PENDING	PENDING	PENDING			28be4c2	2026-08-01T16:40:52
birth_weight	Birth weight	anthropometric	disease	Birth weight EUR, public [PMID 27680694]	GCST007557	27680694	EUR	UNVERIFIED	continuous	133903	NA	NA	NA		BLOCKED_UNAVAILABLE		4577d5b43126ee32	public GWAS Catalog / consortium release; raw not committed	NOT_RUN			NOT_RUN			NOT_RUN									PENDING	PENDING	PENDING		build is not GRCh37. EUR-only stratum. 133,903 European ancestry individuals.	28be4c2	2026-08-01T16:40:52
sarcoidosis	Sarcoidosis	immune	disease	Sarcoidosis EUR, public [PMID 40075078]	GCST90503483	40075078	EUR	GRCh38	case_control	1367006	UNKNOWN	UNKNOWN	UNKNOWN		BLOCKED_UNAVAILABLE		PENDING	public GWAS Catalog / consortium release; raw not committed	NOT_RUN			NOT_RUN			NOT_RUN									PENDING	PENDING	PENDING		build is not GRCh37. EUR-only stratum. 7,554 European ancestry cases, 1,367,006 European ancestry controls.	28be4c2	2026-08-01T16:40:52
chronic_pain	Chronic pain	neuro	disease	Chronic pain EUR, public [PMID 42209495]	GCST90705000	42209495	EUR	GRCh38	continuous	563054	NA	NA	NA		EVICTED_REPRODUCIBLE	https://ftp.ebi.ac.uk/pub/databases/gwas/summary_statistics/GCST90704001-GCST90705000/GCST90705000/GCST90705000.tsv.gz	819c38a0bf7aa0a5	public GWAS Catalog / consortium release; raw not committed	NOT_RUN			NOT_RUN			NOT_RUN									PENDING	PENDING	PENDING		build is not GRCh37. EUR-only stratum. 128,985 European ancestry cases, 563,054 European ancestry controls.	28be4c2	2026-08-01T16:40:52
total_cholesterol	Total cholesterol levels	metabolic	disease	Total cholesterol levels EUR, public [PMID 34887591]	GCST90239676	34887591	EUR	GRCh37	continuous	1320016	NA	NA	NA		EVICTED_REPRODUCIBLE	https://ftp.ebi.ac.uk/pub/databases/gwas/summary_statistics/GCST90239001-GCST90240000/GCST90239676/GCST90239676_buildGRCh37.tsv	c04ad426a62951e3	public GWAS Catalog / consortium release; raw not committed	NOT_RUN			NOT_RUN			NOT_RUN									PENDING	PENDING	PENDING			28be4c2	2026-08-01T16:40:52
apob	Apolipoprotein B levels	metabolic	disease	Apolipoprotein B levels EUR, public [PMID 42162431]	GCST90451113	42162431	EUR	GRCh38	continuous	599249	NA	NA	NA		BLOCKED_UNAVAILABLE		fb3ed8a114001525	public GWAS Catalog / consortium release; raw not committed	NOT_RUN			NOT_RUN			NOT_RUN									PENDING	PENDING	PENDING		build is not GRCh37. DOWNLOAD FAILED. EUR-only stratum. 599,249 European ancestry individuals. SHARED COHORT (2 traits from PMID 42162431) - NOT ind	28be4c2	2026-08-01T16:40:52
crp	C-reactive protein levels	immune	disease	C-reactive protein levels EUR, public [PMID 35459240]	GCST90029070	35459240	EUR	GRCh37	continuous	575531	NA	NA	NA		EVICTED_REPRODUCIBLE	https://ftp.ebi.ac.uk/pub/databases/gwas/summary_statistics/GCST90029001-GCST90030000/GCST90029070/GCST90029070_buildGRCh37.tsv.gz	c352c5dc5061d01d	public GWAS Catalog / consortium release; raw not committed	NOT_RUN			DONE	data/munged/crp.sumstats.gz	3ca2643dc4a27008	DONE	0.1267	0.011	11.518	0.9992	0.0176	2.4975	1.6524	72920	YES	YES	YES			28be4c2	2026-08-01T16:40:52
albumin	Serum albumin levels	biomarker	disease	Serum albumin levels EUR, public [PMID 34226706]	GCST90025992	34226706	EUR	GRCh37	continuous	400938	NA	NA	NA		EVICTED_REPRODUCIBLE	https://ftp.ebi.ac.uk/pub/databases/gwas/summary_statistics/GCST90025001-GCST90026000/GCST90025992/GCST90025992_buildGRCh37.tsv	53ccaff23929c17a	public GWAS Catalog / consortium release; raw not committed	NOT_RUN			NOT_RUN			NOT_RUN									PENDING	PENDING	PENDING			28be4c2	2026-08-01T16:40:52
calcium	Serum calcium levels	biomarker	disease	Serum calcium levels EUR, public [PMID 38584764]	GCST90319605	38584764	EUR	GRCh37	continuous	215453	NA	NA	NA		EVICTED_REPRODUCIBLE	https://ftp.ebi.ac.uk/pub/databases/gwas/summary_statistics/GCST90319001-GCST90320000/GCST90319605/GCST90319605.tsv.gz	25fad8e8c675cc2f	public GWAS Catalog / consortium release; raw not committed	NOT_RUN			NOT_RUN			NOT_RUN									PENDING	PENDING	PENDING			28be4c2	2026-08-01T16:40:52
creatinine	Creatinine levels	renal	disease	Creatinine levels EUR, public [PMID 42162431]	GCST90451118	42162431	EUR	PENDING	continuous	599249	NA	NA	NA		ABSENT		PENDING	public GWAS Catalog / consortium release; raw not committed	NOT_RUN			NOT_RUN			NOT_RUN									PENDING	PENDING	PENDING			28be4c2	2026-08-01T16:40:52
cystatin_c	Cystatin C levels	renal	disease	Cystatin C levels EUR, public [PMID 34226706]	GCST90025945	34226706	EUR	GRCh37	continuous	437846	NA	NA	NA		EVICTED_REPRODUCIBLE	https://ftp.ebi.ac.uk/pub/databases/gwas/summary_statistics/GCST90025001-GCST90026000/GCST90025945/GCST90025945_buildGRCh37.tsv	02f6881841a5c72e	public GWAS Catalog / consortium release; raw not committed	NOT_RUN			NOT_RUN			NOT_RUN									PENDING	PENDING	PENDING			28be4c2	2026-08-01T16:40:52
alkaline_phosphatase	Alkaline phosphatase levels	hepatic	disease	Alkaline phosphatase levels EUR, public [PMID 40968291]	GCST90691565	40968291	EUR	GRCh37	continuous	400988	NA	NA	NA		EVICTED_REPRODUCIBLE	https://ftp.ebi.ac.uk/pub/databases/gwas/summary_statistics/GCST90691001-GCST90692000/GCST90691565/GCST90691565.tsv.gz	34999cd633d4bc09	public GWAS Catalog / consortium release; raw not committed	NOT_RUN			NOT_RUN			NOT_RUN									PENDING	PENDING	PENDING			28be4c2	2026-08-01T16:40:52
ast	Aspartate aminotransferase levels	hepatic	disease	Aspartate aminotransferase levels EUR, public [PMID 34226706]	GCST90025980	34226706	EUR	GRCh37	continuous	436275	NA	NA	NA		EVICTED_REPRODUCIBLE	https://ftp.ebi.ac.uk/pub/databases/gwas/summary_statistics/GCST90025001-GCST90026000/GCST90025980/GCST90025980_buildGRCh37.tsv	e14ec7a6c103e395	public GWAS Catalog / consortium release; raw not committed	NOT_RUN			NOT_RUN			NOT_RUN									PENDING	PENDING	PENDING			28be4c2	2026-08-01T16:40:52
glucose	Blood glucose levels	metabolic	disease	Blood glucose levels EUR, public [PMID 34226706]	GCST90025986	34226706	EUR	GRCh37	continuous	400458	NA	NA	NA		EVICTED_REPRODUCIBLE	https://ftp.ebi.ac.uk/pub/databases/gwas/summary_statistics/GCST90025001-GCST90026000/GCST90025986/GCST90025986_buildGRCh37.tsv	13e28ac7a3f62620	public GWAS Catalog / consortium release; raw not committed	NOT_RUN			NOT_RUN			NOT_RUN									PENDING	PENDING	PENDING			28be4c2	2026-08-01T16:40:52
basophil_count	Basophil count	blood	disease	Basophil count EUR, public [PMID 32888493]	GCST90002292	32888493	EUR	GRCh37	continuous	474001	NA	NA	NA		EVICTED_REPRODUCIBLE	https://ftp.ebi.ac.uk/pub/databases/gwas/summary_statistics/GCST90002001-GCST90003000/GCST90002292/GCST90002292_buildGRCh37.tsv.gz	6f0a3d13ab4c319e	public GWAS Catalog / consortium release; raw not committed	NOT_RUN			NOT_RUN			NOT_RUN									PENDING	PENDING	PENDING			28be4c2	2026-08-01T16:40:52
mcv	Mean corpuscular volume	blood	disease	Mean corpuscular volume EUR, public [PMID 32888493]	GCST90002334	32888493	EUR	GRCh37	continuous	544127	NA	NA	NA		EVICTED_REPRODUCIBLE	https://ftp.ebi.ac.uk/pub/databases/gwas/summary_statistics/GCST90002001-GCST90003000/GCST90002334/GCST90002334_buildGRCh37.tsv.gz	fca03ec99e7ed993	public GWAS Catalog / consortium release; raw not committed	NOT_RUN			NOT_RUN			NOT_RUN									PENDING	PENDING	PENDING			28be4c2	2026-08-01T16:40:52
mch	Mean corpuscular hemoglobin	blood	disease	Mean corpuscular hemoglobin EUR, public [PMID 29892013]	GCST90028995	29892013	EUR	GRCh37	continuous	572863	NA	NA	NA		EVICTED_REPRODUCIBLE	https://ftp.ebi.ac.uk/pub/databases/gwas/summary_statistics/GCST90028001-GCST90029000/GCST90028995/GCST90028995_buildGRCh37.tsv	74dd3ad7fdffb94a	public GWAS Catalog / consortium release; raw not committed	NOT_RUN			NOT_RUN			NOT_RUN									PENDING	PENDING	PENDING			28be4c2	2026-08-01T16:40:52
hematocrit	Hematocrit	blood	disease	Hematocrit EUR, public [PMID 32888493]	GCST90002304	32888493	EUR	GRCh37	continuous	562259	NA	NA	NA		EVICTED_REPRODUCIBLE	https://ftp.ebi.ac.uk/pub/databases/gwas/summary_statistics/GCST90002001-GCST90003000/GCST90002304/GCST90002304_buildGRCh37.tsv.gz	aba9041aa2730679	public GWAS Catalog / consortium release; raw not committed	NOT_RUN			NOT_RUN			NOT_RUN									PENDING	PENDING	PENDING			28be4c2	2026-08-01T16:40:52
rdw	Red cell distribution width	blood	disease	Red cell distribution width EUR, public [PMID 32888493]	GCST90002369	32888493	EUR	GRCh37	continuous	531774	NA	NA	NA		EVICTED_REPRODUCIBLE	https://ftp.ebi.ac.uk/pub/databases/gwas/summary_statistics/GCST90002001-GCST90003000/GCST90002369/GCST90002369_buildGRCh37.tsv.gz	5884ba7274ca4635	public GWAS Catalog / consortium release; raw not committed	NOT_RUN			NOT_RUN			NOT_RUN									PENDING	PENDING	PENDING			28be4c2	2026-08-01T16:40:52
reticulocyte_count	Reticulocyte count	blood	disease	Reticulocyte count EUR, public [PMID 34226706]	GCST90025972	34226706	EUR	GRCh37	continuous	437291	NA	NA	NA		EVICTED_REPRODUCIBLE	https://ftp.ebi.ac.uk/pub/databases/gwas/summary_statistics/GCST90025001-GCST90026000/GCST90025972/GCST90025972_buildGRCh37.tsv	d7d8118211d080e5	public GWAS Catalog / consortium release; raw not committed	NOT_RUN			NOT_RUN			NOT_RUN									PENDING	PENDING	PENDING			28be4c2	2026-08-01T16:40:52
heel_bmd	Heel bone mineral density	musculoskeletal	disease	Heel bone mineral density EUR, public [PMID 29892013]	GCST90029004	29892013	EUR	GRCh37	continuous	583314	NA	NA	NA		EVICTED_REPRODUCIBLE	https://ftp.ebi.ac.uk/pub/databases/gwas/summary_statistics/GCST90029001-GCST90030000/GCST90029004/GCST90029004_buildGRCh37.tsv	30026f43adca08d0	public GWAS Catalog / consortium release; raw not committed	NOT_RUN			NOT_RUN			NOT_RUN									PENDING	PENDING	PENDING			28be4c2	2026-08-01T16:40:52
alcohol_consumption	Alcohol consumption	behavioural	disease	Alcohol consumption EUR, public [PMID 31358974]	GCST008757	31358974	EUR	GRCh37	continuous	480842	NA	NA	NA		EVICTED_REPRODUCIBLE	https://ftp.ebi.ac.uk/pub/databases/gwas/summary_statistics/GCST008001-GCST009000/GCST008757/EvangelouE_31358974.txt	1a9f85630eff7282	public GWAS Catalog / consortium release; raw not committed	NOT_RUN			NOT_RUN			NOT_RUN									PENDING	PENDING	PENDING			28be4c2	2026-08-01T16:40:52
coffee_consumption	Coffee consumption	behavioural	disease	Coffee consumption EUR, public [PMID 35653391]	GCST90096894	35653391	EUR	GRCh37	continuous	105037	NA	NA	NA		EVICTED_REPRODUCIBLE	https://ftp.ebi.ac.uk/pub/databases/gwas/summary_statistics/GCST90096001-GCST90097000/GCST90096894/GCST90096894_buildGRCh37.tsv.gz	87b9fd476c003055	public GWAS Catalog / consortium release; raw not committed	NOT_RUN			NOT_RUN			NOT_RUN									PENDING	PENDING	PENDING			28be4c2	2026-08-01T16:40:52
phosphate	Serum phosphate levels	biomarker	disease	Serum phosphate levels EUR, public [PMID 34226706]	GCST90025948	34226706	EUR	GRCh37	continuous	400159	NA	NA	NA		EVICTED_REPRODUCIBLE	https://ftp.ebi.ac.uk/pub/databases/gwas/summary_statistics/GCST90025001-GCST90026000/GCST90025948/GCST90025948_buildGRCh37.tsv	6a0b22bf7af2c1e0	public GWAS Catalog / consortium release; raw not committed	NOT_RUN			NOT_RUN			NOT_RUN									PENDING	PENDING	PENDING			28be4c2	2026-08-01T16:40:52
urea	Urea levels	renal	disease	Urea levels EUR, public [PMID 40968291]	GCST90691569	40968291	EUR	GRCh37	continuous	400687	NA	NA	NA		EVICTED_REPRODUCIBLE	https://ftp.ebi.ac.uk/pub/databases/gwas/summary_statistics/GCST90691001-GCST90692000/GCST90691569/GCST90691569.tsv.gz	823166ee60f5ce25	public GWAS Catalog / consortium release; raw not committed	NOT_RUN			NOT_RUN			NOT_RUN									PENDING	PENDING	PENDING			28be4c2	2026-08-01T16:40:52
