doi	pmid	title	first_publication_date	review	novelty_implication	query_ids
10.3389/fgene.2024.1380544	38952712	The causal relationship between sleep and risk of psychiatric disorders: A two-sample mendelian randomization study.	2024-06-17	TITLE_ABSTRACT_TRIAGE_ONLY_NOT_FULLTEXT_REVIEW	No novelty inferred from search omission or unread supplement	sleep_independent_sources
10.1007/s12035-025-04695-x	39827250	Characterizing Genetic-Predisposed Proteins Involving Insomnia by Integrating Genome-Wide Association Study Summary Statistics.	2025-01-18	TITLE_ABSTRACT_TRIAGE_ONLY_NOT_FULLTEXT_REVIEW	No novelty inferred from search omission or unread supplement	psychiatric_pleiotropy;sleep_brain_molecular;sleep_psychiatric_genetics
10.1093/braincomms/fcaf112	40212341	Examining the genetic relationship between Alzheimer's disease, schizophrenia and their shared risk factors using genomic structural equation modelling.	2025-04-10	TITLE_ABSTRACT_TRIAGE_ONLY_NOT_FULLTEXT_REVIEW	No novelty inferred from search omission or unread supplement	psychiatric_pleiotropy;sleep_psychiatric_genetics
10.1186/s10194-025-02026-y	40217161	Association between mental disorders and trigeminal neuralgia: a cohort study and Mendelian randomization analysis.	2025-04-11	TITLE_ABSTRACT_TRIAGE_ONLY_NOT_FULLTEXT_REVIEW	No novelty inferred from search omission or unread supplement	sleep_psychiatric_genetics
10.1007/s11096-025-01931-1	40593435	Genetic links between psychological distress, sleep disorders, and sepsis risk: a Mendelian randomization study.	2025-07-01	TITLE_ABSTRACT_TRIAGE_ONLY_NOT_FULLTEXT_REVIEW	No novelty inferred from search omission or unread supplement	sleep_psychiatric_genetics
10.1093/sleep/zsaf317	41065713	Detection of pleiotropic genetic factors and critical brain cell types linking insomnia with psychiatric disorders.	2026-01-01	PUBLIC_ABSTRACT_ONLY_ACCESS_BLOCKED	No novelty inferred from search omission or unread supplement	psychiatric_pleiotropy;sleep_brain_molecular;sleep_psychiatric_genetics
10.1007/s00406-025-02181-y	41432741	Causal relationship between tinnitus and 8 psychiatric phenotypes: a Mendelian randomization study.	2025-12-23	TITLE_ABSTRACT_TRIAGE_ONLY_NOT_FULLTEXT_REVIEW	No novelty inferred from search omission or unread supplement	psychiatric_pleiotropy;sleep_psychiatric_genetics
10.1017/s0033291726103201	41593863	Genome-wide investigation highlights global and local pleiotropy linking neurodevelopmental disorders to acquired hearing problems.	2026-01-28	TITLE_ABSTRACT_TRIAGE_ONLY_NOT_FULLTEXT_REVIEW	No novelty inferred from search omission or unread supplement	psychiatric_pleiotropy;sleep_local_finemapping;sleep_psychiatric_genetics
10.2147/ijwh.s605971	42205413	Does Depression Increase the Risk of Endometriosis? A Combined Population‑Based and Laboratory Study.	2026-05-22	TITLE_ABSTRACT_TRIAGE_ONLY_NOT_FULLTEXT_REVIEW	No novelty inferred from search omission or unread supplement	sleep_psychiatric_genetics
10.1038/s41380-026-03678-1	42277229	Plasma proteomics of sleep traits reveals systemic immune-metabolic pathways and genetically prioritized proteins.	2026-06-11	TITLE_ABSTRACT_TRIAGE_ONLY_NOT_FULLTEXT_REVIEW	No novelty inferred from search omission or unread supplement	psychiatric_pleiotropy;sleep_psychiatric_genetics
10.1038/s41398-026-04166-4	42297780	Dynamic relationship and pleiotropic loci of attention deficit hyperactivity disorder with sleep traits.	2026-06-15	PUBLIC_MAIN_AND_SUPPLEMENTS_REUSED	No novelty inferred from search omission or unread supplement	psychiatric_pleiotropy;sleep_psychiatric_genetics
10.2174/011570159x490275260710135114	42509710	Integrative Multi-Omics and Mendelian Randomization Analysis Identify Core Genes and Potent Drug Targets for Insomnia.	2026-07-21	TITLE_ABSTRACT_TRIAGE_ONLY_NOT_FULLTEXT_REVIEW	No novelty inferred from search omission or unread supplement	psychiatric_pleiotropy;sleep_psychiatric_genetics
10.1111/jsr.70411	42517234	Sleep-Related and Chronobiology Traits and Health-Related Phenotypes: A Phenome-Wide Mendelian Randomisation Study.	2026-07-28	TITLE_ABSTRACT_TRIAGE_ONLY_NOT_FULLTEXT_REVIEW	No novelty inferred from search omission or unread supplement	sleep_psychiatric_genetics
10.1038/s44220-026-00660-2	42564028	Adolescent multi-omics and Mendelian randomization reveal transdiagnostic molecular mechanisms in psychiatric disorders.	2026-06-05	TITLE_ABSTRACT_TRIAGE_ONLY_NOT_FULLTEXT_REVIEW	No novelty inferred from search omission or unread supplement	psychiatric_pleiotropy;sleep_psychiatric_genetics
10.1159/phg/aenag005	42814675	Genetic Evidence Suggesting Potential Associations Between Sleep-Related Phenotypes and Psychiatric Disorders: A Two-Sample Mendelian Randomization Study.	2026-09-30	TITLE_ABSTRACT_TRIAGE_ONLY_NOT_FULLTEXT_REVIEW	No novelty inferred from search omission or unread supplement	sleep_psychiatric_genetics
10.1101/2025.08.11.25333473		Exploring the Potential of Antidepressants in Treating Coronary Artery Disease	2025-08-12	TITLE_ABSTRACT_TRIAGE_ONLY_NOT_FULLTEXT_REVIEW	No novelty inferred from search omission or unread supplement	psychiatric_pleiotropy;sleep_brain_molecular;sleep_psychiatric_genetics
10.1101/2025.09.03.25335062		Causal effects of lung function and COPD on functional outcome following ischemic stroke: a univariable and multivariable Mendelian randomization study	2025-09-05	TITLE_ABSTRACT_TRIAGE_ONLY_NOT_FULLTEXT_REVIEW	No novelty inferred from search omission or unread supplement	sleep_independent_sources;sleep_psychiatric_genetics
10.1101/2025.10.18.25338281		Multi-level genomic analysis identifies pleiotropic genetic liability for insomnia, anxiety and depression	2025-10-20	OFFICIAL_VERSION_API_V2_JATS_AND_SUPPLEMENTS	No novelty inferred from search omission or unread supplement	psychiatric_pleiotropy;sleep_psychiatric_genetics
10.1101/2025.11.03.25339410		Genome-wide investigation highlights global and local pleiotropy linking neurodevelopmental disorders to acquired hearing problems	2025-11-06	TITLE_ABSTRACT_TRIAGE_ONLY_NOT_FULLTEXT_REVIEW	No novelty inferred from search omission or unread supplement	psychiatric_pleiotropy;sleep_local_finemapping;sleep_psychiatric_genetics
10.22541/au.175734010.02408515/v1		Causal effects of lung function and COPD on functional outcome following ischemic stroke: a univariable and multivariable Mendelian randomization study	2025-09-08	TITLE_ABSTRACT_TRIAGE_ONLY_NOT_FULLTEXT_REVIEW	No novelty inferred from search omission or unread supplement	sleep_independent_sources;sleep_psychiatric_genetics
10.64898/2026.05.31.26354553		Shared host-genetic architecture between gut microbiota and internalizing psychopathology	2026-06-02	TITLE_ABSTRACT_TRIAGE_ONLY_NOT_FULLTEXT_REVIEW	No novelty inferred from search omission or unread supplement	psychiatric_pleiotropy;sleep_psychiatric_genetics
10.64898/2026.04.29.26352017		Sex differences in genetic pathways underlying ischaemic heart disease–depression comorbidity	2026-04-30	TITLE_ABSTRACT_TRIAGE_ONLY_NOT_FULLTEXT_REVIEW	No novelty inferred from search omission or unread supplement	psychiatric_pleiotropy;sleep_local_finemapping;sleep_psychiatric_genetics
10.21203/rs.3.rs-3116275/v1		Causal Associations Between Ankylosing Spondylitis and 36 Common Mental Disorders: A Two-Sample Mendelian Randomization Study	2023-07-10	TITLE_ABSTRACT_TRIAGE_ONLY_NOT_FULLTEXT_REVIEW	No novelty inferred from search omission or unread supplement	sleep_independent_sources
