Trait ID,Trait,Domain,Stage,Source,PMID,PMID status,DOI,Sample Size (as reported),Ancestry,Build,h2_SNP,Sumstats source,Access,File (proposed),Notes,PubMed link
SL01,Insomnia,Sleep/Circadian,Core 1,Jansen 2019 Nat Genet,30804565,VERIFIED,10.1038/s41588-019-0361-7,"1,331,010 (UKB + 23andMe)",EUR,GRCh37 (infer: HRC),,CTG lab ctg.cncr.nl,23andMe portion restricted,sumstats/raw/SL01_insomnia.tsv.gz,Public file is UKB-only. Watch UKB overlap with all other sleep traits.,PubMed
SL01b,Insomnia (larger alt),Sleep/Circadian,Core 1 alt,Watanabe 2022 Nat Genet,35835914,VERIFIED,10.1038/s41588-022-01124-w,"2,365,010",EUR,GRCh37 (infer),,GWAS Catalog,Check,sumstats/raw/SL01b_insomnia.tsv.gz,Larger; prefer if accessible.,PubMed
SL02,Sleep duration,Sleep/Circadian,Core 2,Dashti 2019 Nat Commun,30846698,VERIFIED,10.1038/s41467-019-08917-4,"446,118",EUR,"GRCh37 (confirmed from PDF, HRC-only)",,sleep.hugeamp.org,Open,sumstats/raw/SL02_sleep_duration.tsv.gz,Continuous. Metadata confirmed in docs/provenance.md.,PubMed
SL03,Short sleep,Sleep/Circadian,Core 3,Austin-Zimmerman 2023 Nat Commun,37770476,VERIFIED,10.1038/s41467-023-41249-y,"62,516 case / 412,944 control (cross-pop); EUR 47,054 / 382,950",Multi (use EUR first),"GRCh37 (infer, PDF)",,GWAS Catalog / dbGaP (MVP),MVP part via dbGaP,sumstats/raw/SL03_short_sleep.tsv.gz,Definition <=5h. DIFFERENT from Dashti (<7h) - do not mix. See provenance.md.,PubMed
SL03b,Short sleep (alt defn),Sleep/Circadian,Core 3 alt,Dashti 2019 Nat Commun,30846698,VERIFIED,10.1038/s41467-019-08917-4,"106,192 case / 305,742 control",EUR,GRCh37 (confirmed),,sleep.hugeamp.org,Open,sumstats/raw/SL03b_short_sleep.tsv.gz,Definition <7h. Pick one definition project-wide.,PubMed
SL04,Long sleep,Sleep/Circadian,Core 4,Austin-Zimmerman 2023 Nat Commun,37770476,VERIFIED,10.1038/s41467-023-41249-y,"UNKNOWN - 15,962 does not reconcile with Table 1",Multi (use EUR first),"GRCh37 (infer, PDF)",,GWAS Catalog,Check,sumstats/raw/SL04_long_sleep.tsv.gz,Definition >=10h. ncase UNRESOLVED - see provenance.md before use.,PubMed
SL04b,Long sleep (alt defn),Sleep/Circadian,Core 4 alt,Dashti 2019 Nat Commun,30846698,VERIFIED,10.1038/s41467-019-08917-4,"34,184 case / 305,742 control",EUR,GRCh37 (confirmed),,sleep.hugeamp.org,Open,sumstats/raw/SL04b_long_sleep.tsv.gz,Definition >=9h.,PubMed
SL05,Chronotype / morningness,Sleep/Circadian,Core 5,Jones 2019 Nat Commun,30696823,VERIFIED,10.1038/s41467-018-08259-7,"697,828 (UKB 449,734 + 23andMe 248,100)",EUR,GRCh37 (infer: HRC),,GWAS Catalog / MRC-IEU,23andMe portion restricted,sumstats/raw/SL05_chronotype_-_morningness.tsv.gz,Continuous-ish. Do NOT set pop_prev=0.50 - see mentor question 2.,PubMed
SL05b,Chronotype (earlier),Sleep/Circadian,Core 5 alt,Hu 2016 Nat Commun,26835600,VERIFIED,10.1038/ncomms10448,"89,283",EUR,GRCh37,,GWAS Catalog GCST003653,23andMe,sumstats/raw/SL05b_chronotype.tsv.gz,Historical fallback only.,PubMed
SL06,Daytime sleepiness,Sleep/Circadian,Core 6,Wang 2019 Nat Commun,31409809,VERIFIED,10.1038/s41467-019-11456-7,"452,071",EUR,GRCh37 (infer: HRC),,sleep.hugeamp.org,Open,sumstats/raw/SL06_daytime_sleepiness.tsv.gz,Ordinal - no liability-scale decision needed.,PubMed
SL07,Napping,Sleep/Circadian,Second 7,Dashti 2021 Nat Commun,33568662,VERIFIED,10.1038/s41467-020-20585-3,"452,633 (UKB)",EUR,GRCh37 (infer),,sleep.hugeamp.org,Open,sumstats/raw/SL07_napping.tsv.gz,,PubMed
SL08,Snoring,Sleep/Circadian,Second 8,Campos 2020 Nat Commun (title: insights into the genetic architecture of habitual snoring),,RESOLVE,,"~408,000 UKB",EUR,GRCh37 (expect),,GWAS Catalog,Open,sumstats/raw/SL08_snoring.tsv.gz,PMID NOT VERIFIED - resolve before citing.,
SL09,Sleep apnoea,Sleep/Circadian,Second 9,Sofer 2023 eBioMedicine,36989840,VERIFIED,10.1016/j.ebiom.2023.104536,"MVP N=568,576 (BMI-unadj); ncase/ncontrol UNKNOWN",Multi (HARE groups),"GRCh37/hg37 (STATED, PDF p7/p8)",,dbGaP (MVP) + FinnGen,MVP via dbGaP,sumstats/raw/SL09_sleep_apnoea.tsv.gz,ncase/ncontrol are in Supplemental Notes S1/S2 - retrieve.,PubMed
SL09b,Sleep apnoea (newest),Sleep/Circadian,Second 9 alt,OSA consortium 2025 medRxiv,,PREPRINT,10.1101/2025.11.08.25339824,">1,600,000; 147 loci",Multi,Check,,medRxiv,Preprint,sumstats/raw/SL09b_sleep_apnoea.tsv.gz,No PubMed record. Check for journal version.,search
SL10,Sleep efficiency,Sleep/Circadian,Second 10,Jones 2019 Nat Commun (accelerometer),30952852,VERIFIED,10.1038/s41467-019-09576-1,"85,670",EUR,GRCh37 (infer),,GWAS Catalog,Open,sumstats/raw/SL10_sleep_efficiency.tsv.gz,Small N - expect noisy rg. Covers SL10/SL11/SL12/SL13.,PubMed
SL11,Actigraphy sleep duration,Sleep/Circadian,Second 11,Jones 2019 Nat Commun (accelerometer),30952852,VERIFIED,10.1038/s41467-019-09576-1,"85,670",EUR,GRCh37 (infer),,GWAS Catalog,Open,sumstats/raw/SL11_actigraphy_sleep_duration.tsv.gz,Same paper as SL10.,PubMed
SL12,Activity rhythm / circadian amplitude,Sleep/Circadian,Second 12,Jones 2019 Nat Commun (accelerometer),30952852,VERIFIED,10.1038/s41467-019-09576-1,"85,670",EUR,GRCh37 (infer),,GWAS Catalog,Open,sumstats/raw/SL12_activity_rhythm_-_circadian_amplitude.tsv.gz,Same paper. Also see Ferguson 2018 for L5/M10.,PubMed
SL13,Sleep timing,Sleep/Circadian,Second 13,Jones 2019 Nat Commun (accelerometer),30952852,VERIFIED,10.1038/s41467-019-09576-1,"85,670",EUR,GRCh37 (infer),,GWAS Catalog,Open,sumstats/raw/SL13_sleep_timing.tsv.gz,Same paper.,PubMed
SL14,REM / NREM phenotypes,Sleep/Circadian,Second 14,No well-powered GWAS known,,RESOLVE,,n/a,n/a,n/a,,n/a,n/a,sumstats/raw/SL14_rem_-_nrem_phenotypes.tsv.gz,Proposal says 'if available'. Likely NOT available at GWAS scale - recommend dropping from Phase 1.,
D1a,Alzheimer's disease,1 Brain/Neuro,Domain,Bellenguez 2022 Nat Genet,35379992,VERIFIED,10.1038/s41588-022-01024-z,"111,326 cases (incl proxy) / 677,663 controls; 75 loci",EUR,GRCh37/38 - check,,GWAS Catalog / EADB,Open,sumstats/raw/D1a_alzheimer's_disease.tsv.gz,"A newer 2026 consensus meta-analysis exists (Nat Genet, DOI 10.1038/s41588-026-02583-1) - consider.",PubMed
D1b,Parkinson's disease,1 Brain/Neuro,Domain,Nalls 2019 Lancet Neurol,31701892,VERIFIED,10.1016/S1474-4422(19)30320-5,"37,688 cases / 18,618 proxy / 1.4M controls",EUR,GRCh37,,IPDGC / GWAS Catalog,23andMe portion restricted,sumstats/raw/D1b_parkinson's_disease.tsv.gz,,PubMed
D1c,ALS,1 Brain/Neuro,Domain,van Rheenen 2021 Nat Genet,34873335,VERIFIED,10.1038/s41588-021-00973-1,"29,612 cases / 122,656 controls",Cross-ancestry,GRCh37,,Project MinE,Open,sumstats/raw/D1c_als.tsv.gz,,PubMed
D1d,Dementia (all-cause),1 Brain/Neuro,Domain,Use AD proxy (Bellenguez) or 2026 consensus,35379992,VERIFIED,10.1038/s41588-022-01024-z,see D1a,EUR,see D1a,,see D1a,Open,sumstats/raw/D1d_dementia.tsv.gz,Proposal lists dementia separately; largely redundant with D1a.,PubMed
D1e,Cognitive performance,1 Brain/Neuro,Domain,Davies 2018 Nat Commun,29844566,VERIFIED,10.1038/s41467-018-04362-x,"300,486",EUR,GRCh37,,GWAS Catalog,Open,sumstats/raw/D1e_cognitive_performance.tsv.gz,,PubMed
D1f,Educational attainment,1 Brain/Neuro,Domain,Okbay 2022 Nat Genet,35361970,VERIFIED,10.1038/s41588-022-01016-z,"~3,000,000",EUR,GRCh37,,SSGAC,23andMe-free version public,sumstats/raw/D1f_educational_attainment.tsv.gz,,PubMed
D2a,Major depressive disorder,2 Psychiatric,Domain,PGC MDD 2025 Cell,39814019,VERIFIED,10.1016/j.cell.2024.12.002,"688,808 cases / 4,364,225 controls",Multi (use EUR first),GRCh37,,PGC,Restricted; 23andMe-free version available,sumstats/raw/D2a_major_depressive_disorder.tsv.gz,"PHASE 1 USES Howard 2019 Nat Neurosci (public, no-23andMe) - see config/traits.tsv. This 2025 release is an UPGRADE CANDIDATE for later: larger, but restricted-access, and most of the gain is non-EUR samples dropped under the EUR-first rule. Raise with mentor; do not swap silently.",PubMed
D2b,Bipolar disorder,2 Psychiatric,Domain,O'Connell 2025 Nature,39843750,VERIFIED,10.1038/s41586-024-08468-9,"158,036 cases / ~2.8M controls",Multi,GRCh37,,PGC,Restricted,sumstats/raw/D2b_bipolar_disorder.tsv.gz,"Phase 1 uses the exact public Mullins 2021 all-case EUR Figshare release (41,917/371,549); see config/analysis_panel.tsv.",PubMed
D2c,Schizophrenia,2 Psychiatric,Domain,Trubetskoy 2022 Nature,35396580,VERIFIED,10.1038/s41586-022-04434-5,"76,755 cases / 243,649 controls",Multi,GRCh37,,PGC,"Public Figshare; ancestry-specific strata available",sumstats/raw/D2c_schizophrenia.tsv.gz,"Phase 1 uses the public European autosomal stratum (53,386/77,258); the headline is a two-stage maximum.",PubMed
D2d,Autism spectrum disorder,2 Psychiatric,Domain,Grove 2019 Nat Genet,,RESOLVE,10.1038/s41588-019-0344-8,"18,381 cases / 27,969 controls",EUR,GRCh37,,PGC / iPSYCH,Restricted,sumstats/raw/D2d_autism_spectrum_disorder.tsv.gz,PMID NOT VERIFIED.,search
D2e,ADHD,2 Psychiatric,Domain,Demontis 2023 Nat Genet,36702997,VERIFIED,10.1038/s41588-022-01285-8,"38,691 cases / 186,843 controls",EUR,GRCh37,,PGC / iPSYCH,"Public Figshare; scientific/educational non-commercial terms",sumstats/raw/D2e_adhd.tsv.gz,Author Correction: 10.1038/s41588-023-01350-w,PubMed
D2f,Anxiety,2 Psychiatric,Domain,PGC-ANX / Otowa 2016 or newer,,RESOLVE,,UNKNOWN,EUR,GRCh37,,PGC,Restricted,sumstats/raw/D2f_anxiety.tsv.gz,PMID NOT VERIFIED - check PGC ANX working group for latest.,
D2g,PTSD,2 Psychiatric,Domain,Nievergelt 2024 Nat Genet,38637617,VERIFIED,10.1038/s41588-024-01707-9,">1,200,000; 95 loci",Multi,GRCh37,,PGC,Restricted,sumstats/raw/D2g_ptsd.tsv.gz,,PubMed
D2h,OCD,2 Psychiatric,Domain,Strom 2025 Nat Genet (or IOCDF-GC),,RESOLVE,,UNKNOWN,EUR,GRCh37,,PGC,Restricted,sumstats/raw/D2h_ocd.tsv.gz,PMID NOT VERIFIED.,
D2i,Substance use disorders,2 Psychiatric,Domain,GSCAN / Saunders 2022 Nature,,RESOLVE,10.1038/s41586-022-05477-4,"~3,400,000",Multi,GRCh37,,GSCAN,Partly restricted,sumstats/raw/D2i_substance_use_disorders.tsv.gz,PMID NOT VERIFIED.,search
D2j,Cross-disorder (14 disorders),2 Psychiatric,Domain,Grotzinger 2026 Nature 649:406-415,41372416,VERIFIED,10.1038/s41586-025-09820-3,"1,056,201 cases across 14 disorders",Multi,"GRCh37/hg19 (STATED, PDF p16)",,PGC,Restricted,sumstats/raw/D2j_cross-disorder.tsv.gz,Likely the 'CDG3' in project notes. Free full text in PMC12779569.,PubMed
D3a,Inflammatory bowel disease,3 Immune,Domain,de Lange 2017 Nat Genet,28067908,VERIFIED,10.1038/ng.3760,"25,042 cases / 34,915 controls",EUR,GRCh37,,IIBDGC,Open,sumstats/raw/D3a_inflammatory_bowel_disease.tsv.gz,"Also provides CD and UC strata (D3b, D3c). Newer multi-ancestry IBD GWAS exists - consider.",PubMed
D3b,Crohn's disease,3 Immune,Domain,de Lange 2017 Nat Genet (CD stratum),28067908,VERIFIED,10.1038/ng.3760,"12,194 cases",EUR,GRCh37,,IIBDGC,Open,sumstats/raw/D3b_crohn's_disease.tsv.gz,Same file family as D3a.,PubMed
D3c,Ulcerative colitis,3 Immune,Domain,de Lange 2017 Nat Genet (UC stratum),28067908,VERIFIED,10.1038/ng.3760,"12,366 cases",EUR,GRCh37,,IIBDGC,Open,sumstats/raw/D3c_ulcerative_colitis.tsv.gz,Same file family as D3a.,PubMed
D3d,Rheumatoid arthritis,3 Immune,Domain,Ishigaki 2022 Nat Genet,36333501,VERIFIED,10.1038/s41588-022-01213-w,Multi-ancestry,Multi (use EUR first),GRCh37,,GWAS Catalog,Open,sumstats/raw/D3d_rheumatoid_arthritis.tsv.gz,,PubMed
D3e,Multiple sclerosis,3 Immune,Domain,IMSGC 2019 Science,31604244,VERIFIED,10.1126/science.aav7188,"47,429 cases / 68,374 controls",EUR,GRCh37,,IMSGC,Registration required,sumstats/raw/D3e_multiple_sclerosis.tsv.gz,,PubMed
D3f,Lupus (SLE),3 Immune,Domain,Bentham 2015 Nat Genet,26502338,VERIFIED,10.1038/ng.3434,"7,219 cases / 15,991 controls",EUR,GRCh37,,GWAS Catalog,Open,sumstats/raw/D3f_lupus.tsv.gz,Small - check power before including.,PubMed
D3g,Asthma,3 Immune,Domain,Han 2020 Nat Commun,,RESOLVE,,"~460,000 UKB + TAGC",EUR,GRCh37,,GWAS Catalog,Open,sumstats/raw/D3g_asthma.tsv.gz,PMID NOT VERIFIED - my first guess resolved to an unrelated paper.,
D3h,Atopic dermatitis,3 Immune,Domain,EAGLE / Budu-Aggrey 2023,,RESOLVE,,UNKNOWN,EUR,GRCh37,,GWAS Catalog,Open,sumstats/raw/D3h_atopic_dermatitis.tsv.gz,PMID NOT VERIFIED.,
D4a,BMI,4 Metabolic,Domain,Yengo 2018 Hum Mol Genet,30124842,VERIFIED,10.1093/hmg/ddy271,"~700,000",EUR,GRCh37,,GIANT,Open,sumstats/raw/D4a_bmi.tsv.gz,UKB overlap with sleep traits - LDSC intercept will show it.,PubMed
D4b,Obesity,4 Metabolic,Domain,Use BMI (D4a) unless a binary phenotype is required,30124842,VERIFIED,10.1093/hmg/ddy271,see D4a,EUR,GRCh37,,GIANT,Open,sumstats/raw/D4b_obesity.tsv.gz,Redundant with D4a in practice.,PubMed
D4c,Type 2 diabetes,4 Metabolic,Domain,Suzuki 2024 Nature (T2DGGI/DIAMANTE),38374256,VERIFIED,10.1038/s41586-024-07019-6,"2,535,601 total; 428,452 cases",Multi (use EUR first),GRCh37,,diagram-consortium.org,RESTRICTED - data access request,sumstats/raw/D4c_type_2_diabetes.tsv.gz,"Fallback: Mahajan 2022 PMID 35551307 (public). PHASE 1 USES Mahajan 2022 (PMID 35551307, public) - see config/traits.tsv. Suzuki 2024 is an UPGRADE CANDIDATE for later: larger, but requires a data access request. Raise with mentor; do not swap silently.",PubMed
D4d,Fasting glucose,4 Metabolic,Domain,MAGIC / Chen 2021 Nat Genet,,RESOLVE,,"281,410",Multi,GRCh37,,magicinvestigators.org,Open,sumstats/raw/D4d_fasting_glucose.tsv.gz,PMID NOT VERIFIED - my first guess resolved to a different MAGIC paper.,
D4e,Fasting insulin,4 Metabolic,Domain,MAGIC / Chen 2021 Nat Genet,,RESOLVE,,"281,410",Multi,GRCh37,,magicinvestigators.org,Open,sumstats/raw/D4e_fasting_insulin.tsv.gz,Same file family as D4d.,
D4f,Lipids,4 Metabolic,Domain,Graham 2021 Nature (GLGC),34887591,VERIFIED,10.1038/s41586-021-04064-3,"~1,650,000",Multi,GRCh37,,GLGC,Open,sumstats/raw/D4f_lipids.tsv.gz,Separate files per lipid fraction - choose deliberately.,PubMed
D4g,NAFLD,4 Metabolic,Domain,Ghodsian 2021 Cell Rep Med,34841290,VERIFIED,10.1016/j.xcrm.2021.100437,EHR-based meta-analysis,EUR,GRCh37,,GWAS Catalog,Open,sumstats/raw/D4g_nafld.tsv.gz,Modest power.,PubMed
D4h,Waist-to-hip ratio,4 Metabolic,Domain,Pulit 2019 Hum Mol Genet,30239722,VERIFIED,10.1093/hmg/ddy327,"694,649",EUR,GRCh37,,GIANT,Open,sumstats/raw/D4h_waist-to-hip_ratio.tsv.gz,,PubMed
D5a,Coronary artery disease,5 Cardiovascular,Domain,Aragam 2022 Nat Genet,36474045,VERIFIED,10.1038/s41588-022-01233-6,"181,522 cases / 1,165,690 participants",EUR + Japanese,GRCh37,,CARDIoGRAMplusC4D,Open,sumstats/raw/D5a_coronary_artery_disease.tsv.gz,,PubMed
D5b,Hypertension,5 Cardiovascular,Domain,Use blood pressure traits (D5f),38689001,VERIFIED,10.1038/s41588-024-01714-w,see D5f,EUR,GRCh37,,GWAS Catalog,Open,sumstats/raw/D5b_hypertension.tsv.gz,Continuous BP is better powered than binary hypertension.,PubMed
D5c,Stroke,5 Cardiovascular,Domain,Mishra 2022 Nature (GIGASTROKE),36180795,VERIFIED,10.1038/s41586-022-05165-3,"110,182 cases / 1,503,898 controls",Multi,GRCh37,,GWAS Catalog,Open,sumstats/raw/D5c_stroke.tsv.gz,Subtype files: any/ischaemic/LAS/CES/SVS.,PubMed
D5d,Atrial fibrillation,5 Cardiovascular,Domain,Nielsen 2018 Nat Genet,29892015,VERIFIED,10.1038/s41588-018-0133-9,"60,620 cases / 970,216 controls",EUR,GRCh37,,AFGen,Open,sumstats/raw/D5d_atrial_fibrillation.tsv.gz,,PubMed
D5e,Heart failure,5 Cardiovascular,Domain,Shah 2020 Nat Commun (HERMES),31919418,VERIFIED,10.1038/s41467-019-13690-5,"47,309 cases / 930,014 controls",EUR,GRCh37,,HERMES,Open,sumstats/raw/D5e_heart_failure.tsv.gz,A larger Levin 2022 release may exist - check.,PubMed
D5f,Blood pressure (SBP/DBP/PP),5 Cardiovascular,Domain,Keaton 2024 Nat Genet,38689001,VERIFIED,10.1038/s41588-024-01714-w,">1,000,000; 2,103 loci",EUR,GRCh37,,GWAS Catalog,Open,sumstats/raw/D5f_blood_pressure.tsv.gz,Three separate files.,PubMed
D6a,Longevity,6 Aging,Domain,Deelen 2019 Nat Commun,31413261,VERIFIED,10.1038/s41467-019-11558-2,Meta-analysis; modest power,EUR,GRCh37,,GWAS Catalog,Open,sumstats/raw/D6a_longevity.tsv.gz,Erratum: PMID 33893282.,PubMed
D6b,Parental lifespan,6 Aging,Domain,Timmers 2019 eLife,30642433,VERIFIED,10.7554/eLife.39856,"1,012,240 parents",EUR,GRCh37,,Edinburgh / GWAS Catalog,Open,sumstats/raw/D6b_parental_lifespan.tsv.gz,Best-powered aging phenotype here.,PubMed
D6c,Healthspan,6 Aging,Domain,Zenin 2019 Commun Biol,30729179,VERIFIED,10.1038/s42003-019-0290-0,"300,447 UKB",EUR,GRCh37,,GWAS Catalog,Open,sumstats/raw/D6c_healthspan.tsv.gz,,PubMed
D6d,Frailty index,6 Aging,Domain,Atkins 2021 Aging Cell,34431594,VERIFIED,10.1111/acel.13459,"175,226",EUR,GRCh37,,GWAS Catalog,Open,sumstats/raw/D6d_frailty_index.tsv.gz,European-descent UKB/TwinGene meta-analysis.,PubMed
D6e,Epigenetic age acceleration,6 Aging,Domain,McCartney 2021 Genome Biol,,RESOLVE,,"~34,000",EUR,GRCh37,,GWAS Catalog,Open,sumstats/raw/D6e_epigenetic_age_acceleration.tsv.gz,PMID NOT VERIFIED. Low N - check power before including.,
D6f,Telomere length,6 Aging,Domain,Codd 2021 Nat Genet,34611362,VERIFIED,10.1038/s41588-021-00944-6,"472,174 UKB","Mixed full UKB",GRCh37,,Figshare,Open,sumstats/raw/D6f_telomere_length.tsv.gz,Full-UKB public release includes non-European participants; do not use with EUR LD scores without a verified EUR stratum.,PubMed
D7a,Breast cancer,7 Cancer,Domain,Zhang 2020 Nat Genet (BCAC),32424353,VERIFIED,10.1038/s41588-020-0609-2,"133,384 cases; 113,789 controls",EUR,GRCh37,,BCAC public summary-results page,Public Google Drive release registered in config/public_gwas_sources.tsv,breast_cancer.txt.gz,Curated 2026-07-28: verified public EUR GRCh37 release; SEER US female lifetime-risk approximation recorded for liability conversion.,PubMed
D7b,Prostate cancer,7 Cancer,Domain,Schumacher 2018 Nat Genet (PRACTICAL),29892016,VERIFIED,10.1038/s41588-018-0142-8,"79,148 cases; 61,106 controls",EUR,GRCh37,,GWAS Catalog GCST006085,Public Catalog FTP release registered in config/public_gwas_sources.tsv,prostate_cancer.txt.gz,Curated 2026-07-28: verified EUR B37 source; SEER US male lifetime-risk approximation recorded for liability conversion.,PubMed
D7c,Colorectal cancer,7 Cancer,Domain,Fernandez-Rozadilla 2023 Nat Genet,,RESOLVE,,"100,204 cases / 154,587 controls",Multi,GRCh37,,GWAS Catalog,Open,sumstats/raw/D7c_colorectal_cancer.tsv.gz,PMID NOT VERIFIED.,
D7d,Lung cancer,7 Cancer,Domain,McKay 2017 Nat Genet (ILCCO),,RESOLVE,,"29,266 cases / 56,450 controls",EUR,GRCh37,,ILCCO / dbGaP,Controlled,sumstats/raw/D7d_lung_cancer.tsv.gz,PMID NOT VERIFIED.,
D7e,Melanoma,7 Cancer,Domain,Landi 2020 Nat Genet,,RESOLVE,,"36,760 cases",EUR,GRCh37,,GWAS Catalog,Open,sumstats/raw/D7e_melanoma.tsv.gz,PMID NOT VERIFIED.,
