candidate_locus_id	pair_id	candidate_chr	candidate_start	candidate_stop	lead_variant	lava_locus_id	lava_start	lava_stop	left_trait	left_status	left_reason	left_p	right_trait	right_status	right_reason	right_p	both_univariate_tested
placo_insomnia__adhd_chr3_117142005_118142005	insomnia__adhd	3	117142005	118142005	rs62264767	521	116498571	117241644	insomnia	TESTED		0.130607	adhd	TESTED		0.00152733	True
placo_insomnia__adhd_chr3_117142005_118142005	insomnia__adhd	3	117142005	118142005	rs62264767	522	117241645	118086929	insomnia	TESTED		0.00337774	adhd	TESTED		7.72714e-06	True
placo_insomnia__adhd_chr3_117142005_118142005	insomnia__adhd	3	117142005	118142005	rs62264767	523	118086930	118903053	insomnia	TESTED		0.387572	adhd	TESTED		0.00485518	True
placo_insomnia__adhd_chr5_87185500_88185500	insomnia__adhd	5	87185500	88185500	rs6452785	848	86493764	87943482	insomnia	TESTED		0.0233854	adhd	TESTED		5.62264e-12	True
placo_insomnia__adhd_chr5_87185500_88185500	insomnia__adhd	5	87185500	88185500	rs6452785	849	87943483	89584466	insomnia	TESTED		0.0249359	adhd	TESTED		2.25319e-09	True
placo_insomnia__adhd_chr5_103447968_104447968	insomnia__adhd	5	103447968	104447968	rs2431108	861	102903986	103788460	insomnia	TESTED		0.0145677	adhd	TESTED		0.000112893	True
placo_insomnia__adhd_chr5_103447968_104447968	insomnia__adhd	5	103447968	104447968	rs2431108	862	103788461	104850490	insomnia	TESTED		0.0302721	adhd	TESTED		4.52168e-07	True
placo_insomnia__adhd_chr7_113571035_114571035	insomnia__adhd	7	113571035	114571035	rs1476535	1197	113339387	115321301	insomnia	TESTED		0.0372104	adhd	TESTED		5.88476e-07	True
placo_insomnia__adhd_chr11_28076261_29076261	insomnia__adhd	11	28076261	29076261	rs2582894	1640	27018308	28577718	insomnia	TESTED		2.51941e-05	adhd	TESTED		7.09589e-07	True
placo_insomnia__adhd_chr11_28076261_29076261	insomnia__adhd	11	28076261	29076261	rs2582894	1641	28577719	29530460	insomnia	TESTED		0.0054848	adhd	TESTED		0.000192804	True
placo_insomnia__adhd_chr14_98137479_99137479	insomnia__adhd	14	98137479	99137479	rs7160630	2023	97174315	98268391	insomnia	TESTED		0.00226676	adhd	TESTED		3.42006e-05	True
placo_insomnia__adhd_chr14_98137479_99137479	insomnia__adhd	14	98137479	99137479	rs7160630	2024	98268392	98885322	insomnia	TESTED		0.0612953	adhd	TESTED		0.00141795	True
placo_insomnia__adhd_chr14_98137479_99137479	insomnia__adhd	14	98137479	99137479	rs7160630	2025	98885323	99474533	insomnia	TESTED		0.20426	adhd	NOT_RUN	LOW_LOCAL_H2_UNDERPOWERED	NA	False
placo_insomnia__mdd_chr5_103481726_104481726	insomnia__mdd	5	103481726	104481726	rs40465	861	102903986	103788460	insomnia	TESTED		0.0145677	mdd	TESTED		0.00142396	True
placo_insomnia__mdd_chr5_103481726_104481726	insomnia__mdd	5	103481726	104481726	rs40465	862	103788461	104850490	insomnia	TESTED		0.0302721	mdd	TESTED		9.82495e-08	True
placo_insomnia__mdd_chr6_104869510_105869510	insomnia__mdd	6	104869510	105869510	rs4946651	1035	104209797	104951344	insomnia	TESTED		0.00981914	mdd	NOT_RUN	LOW_LOCAL_H2_UNDERPOWERED	NA	False
placo_insomnia__mdd_chr6_104869510_105869510	insomnia__mdd	6	104869510	105869510	rs4946651	1036	104951345	106053915	insomnia	TESTED		0.294339	mdd	NOT_RUN	LOW_LOCAL_H2_UNDERPOWERED	NA	False
placo_insomnia__mdd_chr7_113559156_114559156	insomnia__mdd	7	113559156	114559156	rs2894699	1197	113339387	115321301	insomnia	TESTED		0.0372104	mdd	TESTED		0.000113538	True
placo_insomnia__mdd_chr13_53365563_54365563	insomnia__mdd	13	53365563	54365563	rs9536383	1895	53336572	54684856	insomnia	TESTED		0.0103802	mdd	TESTED		0.0196573	True
placo_insomnia__mdd_chr14_41646572_42646572	insomnia__mdd	14	41646572	42646572	rs2121708	1974	41614834	42562550	insomnia	TESTED		0.00215729	mdd	TESTED		4.91279e-05	True
placo_insomnia__mdd_chr14_41646572_42646572	insomnia__mdd	14	41646572	42646572	rs2121708	1975	42562551	43321168	insomnia	TESTED		0.125897	mdd	TESTED		0.000782695	True
placo_insomnia__mdd_chr18_52604019_53604019	insomnia__mdd	18	52604019	53604019	rs4468713	2281	52512524	53762996	insomnia	TESTED		0.0138994	mdd	TESTED		2.81407e-15	True
placo_longsleep__bipolar_chr11_61081764_62081764	longsleep__bipolar	11	61081764	62081764	rs174560	1671	60515106	61717117	longsleep	TESTED		0.178116	bipolar	TESTED		7.56693e-05	True
placo_longsleep__bipolar_chr11_61081764_62081764	longsleep__bipolar	11	61081764	62081764	rs174560	1672	61717118	62800368	longsleep	NOT_RUN	LOW_LOCAL_H2_UNDERPOWERED	NA	bipolar	TESTED		0.0256268	False
placo_longsleep__bipolar_chr15_84700520_85700520	longsleep__bipolar	15	84700520	85700520	rs1051168	2084	84209761	85494083	longsleep	NOT_RUN	LOW_LOCAL_H2_UNDERPOWERED	NA	bipolar	TESTED		0.0012373	False
placo_longsleep__bipolar_chr15_84700520_85700520	longsleep__bipolar	15	84700520	85700520	rs1051168	2085	85494084	86341598	longsleep	NOT_RUN	LOW_LOCAL_H2_UNDERPOWERED	NA	bipolar	TESTED		0.00261588	False
placo_longsleep__bipolar_chr17_1335482_2335482	longsleep__bipolar	17	1335482	2335482	rs4790841	2174	815654	1480056	longsleep	NOT_RUN	LOW_LOCAL_H2_UNDERPOWERED	NA	bipolar	TESTED		0.0223656	False
placo_longsleep__bipolar_chr17_1335482_2335482	longsleep__bipolar	17	1335482	2335482	rs4790841	2175	1480057	2699135	longsleep	TESTED		0.33962	bipolar	NOT_RUN	LOW_LOCAL_H2_UNDERPOWERED	NA	False
placo_longsleep__parkinson_chr2_135040546_136040546	longsleep__parkinson	2	135040546	136040546	rs7599054	326	134359060	135160197	longsleep	TESTED		0.430593	parkinson	TESTED		0.173158	True
placo_longsleep__parkinson_chr2_135040546_136040546	longsleep__parkinson	2	135040546	136040546	rs7599054	327	135160198	137061003	longsleep	TESTED		0.255464	parkinson	TESTED		0.000237835	True
placo_longsleep__parkinson_chr17_43049526_44049526	longsleep__parkinson	17	43049526	44049526	rs17631676	2206	42348004	43460500	longsleep	TESTED		0.165477	parkinson	TESTED		0.00589558	True
placo_longsleep__parkinson_chr17_43049526_44049526	longsleep__parkinson	17	43049526	44049526	rs17631676	2207	43460501	44865832	longsleep	TESTED		8.08649e-07	parkinson	TESTED		1.02223e-18	True
placo_longsleep__parkinson_chr17_44319565_45319565	longsleep__parkinson	17	44319565	45319565	rs199443	2207	43460501	44865832	longsleep	TESTED		8.08649e-07	parkinson	TESTED		1.02223e-18	True
placo_longsleep__parkinson_chr17_44319565_45319565	longsleep__parkinson	17	44319565	45319565	rs199443	2208	44865833	45883901	longsleep	TESTED		0.0215565	parkinson	NOT_RUN	LOW_LOCAL_H2_UNDERPOWERED	NA	False
placo_longsleep__scz_chr2_57487593_58487593	longsleep__scz	2	57487593	58487593	rs11682175	265	57433654	57952945	longsleep	TESTED		0.0318017	scz	TESTED		2.97136e-05	True
placo_longsleep__scz_chr2_57487593_58487593	longsleep__scz	2	57487593	58487593	rs11682175	266	57952946	59251996	longsleep	NOT_RUN	LOW_LOCAL_H2_UNDERPOWERED	NA	scz	TESTED		2.03157e-12	False
placo_longsleep__scz_chr3_52219816_53219816	longsleep__scz	3	52219816	53219816	rs10933	466	51953969	54074844	longsleep	TESTED		0.0520642	scz	TESTED		2.10971e-10	True
placo_longsleep__scz_chr4_169728549_170728549	longsleep__scz	4	169728549	170728549	rs4692709	752	169555115	170682809	longsleep	TESTED		0.00477838	scz	TESTED		0.00224426	True
placo_longsleep__scz_chr4_169728549_170728549	longsleep__scz	4	169728549	170728549	rs4692709	753	170682810	171643019	longsleep	NOT_RUN	LOW_LOCAL_H2_UNDERPOWERED	NA	scz	TESTED		0.0259277	False
placo_longsleep__scz_chr7_104429267_105429267	longsleep__scz	7	104429267	105429267	rs6466056	1190	104109232	105312563	longsleep	NOT_RUN	LOW_LOCAL_H2_UNDERPOWERED	NA	scz	TESTED		1.28751e-06	False
placo_longsleep__scz_chr7_104429267_105429267	longsleep__scz	7	104429267	105429267	rs6466056	1191	105312564	106399739	longsleep	TESTED		0.0597126	scz	TESTED		0.00226229	True
placo_longsleep__scz_chr11_112877488_113877488	longsleep__scz	11	112877488	113877488	rs7111031	1719	112755447	113889019	longsleep	TESTED		0.0332704	scz	TESTED		2.59868e-18	True
placo_longsleep__scz_chr15_84700520_85700520	longsleep__scz	15	84700520	85700520	rs1051168	2084	84209761	85494083	longsleep	NOT_RUN	LOW_LOCAL_H2_UNDERPOWERED	NA	scz	TESTED		0.00090384	False
placo_longsleep__scz_chr15_84700520_85700520	longsleep__scz	15	84700520	85700520	rs1051168	2085	85494084	86341598	longsleep	NOT_RUN	LOW_LOCAL_H2_UNDERPOWERED	NA	scz	TESTED		0.00599371	False
placo_longsleep__scz_chr17_43325576_45343136	longsleep__scz	17	43325576	45343136	rs62073157	2206	42348004	43460500	longsleep	TESTED		0.165477	scz	TESTED		0.00324761	True
placo_longsleep__scz_chr17_43325576_45343136	longsleep__scz	17	43325576	45343136	rs62073157	2207	43460501	44865832	longsleep	TESTED		8.08649e-07	scz	TESTED		7.98e-07	True
placo_longsleep__scz_chr17_43325576_45343136	longsleep__scz	17	43325576	45343136	rs62073157	2208	44865833	45883901	longsleep	TESTED		0.0215565	scz	TESTED		1.06158e-05	True
