external_candidate_id	phenotype_name	phenotype_domain	source	study_accession	PMID	DOI	ancestry	sample_size	build	summary_statistics_location	queue_status	hold_reason
big40_total_gray_matter_volume	Total gray matter volume	brain_imaging	Smith et al. 2021 BIG40	BIG40_release2_IDP_TO_BE_CURATED	33875891	10.1038/s41593-021-00826-4	predominantly_EUR	33224	TO_VERIFY	https://open.win.ox.ac.uk/ukbiobank/big40/	RESEARCHED_NOT_LOCKED	exact IDP identity, build, schema, h2/intercept, checksum, and storage not yet frozen
big40_hippocampal_volume	Hippocampal volume	brain_imaging	Smith et al. 2021 BIG40	BIG40_release2_IDP_TO_BE_CURATED	33875891	10.1038/s41593-021-00826-4	predominantly_EUR	33224	TO_VERIFY	https://open.win.ox.ac.uk/ukbiobank/big40/	RESEARCHED_NOT_LOCKED	exact IDP identity, build, schema, h2/intercept, checksum, and storage not yet frozen
big40_white_matter_hyperintensity_volume	White matter hyperintensity volume	brain_imaging	Smith et al. 2021 BIG40	BIG40_release2_IDP_TO_BE_CURATED	33875891	10.1038/s41593-021-00826-4	predominantly_EUR	33224	TO_VERIFY	https://open.win.ox.ac.uk/ukbiobank/big40/	RESEARCHED_NOT_LOCKED	exact IDP identity, build, schema, h2/intercept, checksum, and storage not yet frozen
big40_global_fractional_anisotropy	Global white-matter fractional anisotropy	brain_imaging	Smith et al. 2021 BIG40	BIG40_release2_IDP_TO_BE_CURATED	33875891	10.1038/s41593-021-00826-4	predominantly_EUR	33224	TO_VERIFY	https://open.win.ox.ac.uk/ukbiobank/big40/	RESEARCHED_NOT_LOCKED	exact IDP identity, build, schema, h2/intercept, checksum, and storage not yet frozen
pirruccello_lv_end_diastolic_volume	Left ventricular end-diastolic volume	cardiac_imaging	Pirruccello et al. 2020 cardiac MRI	BROAD_CVDKP_DOWNLOAD_TO_BE_CURATED	32382064	10.1038/s41467-020-15823-7	EUR_enriched_UKB	36041	GRCh37	http://www.broadcvdi.org/	RESEARCHED_NOT_LOCKED	direct file identity, persistent URL, checksum, and source h2/intercept not yet frozen
pirruccello_lv_end_systolic_volume	Left ventricular end-systolic volume	cardiac_imaging	Pirruccello et al. 2020 cardiac MRI	BROAD_CVDKP_DOWNLOAD_TO_BE_CURATED	32382064	10.1038/s41467-020-15823-7	EUR_enriched_UKB	36041	GRCh37	http://www.broadcvdi.org/	RESEARCHED_NOT_LOCKED	direct file identity, persistent URL, checksum, and source h2/intercept not yet frozen
pirruccello_lv_ejection_fraction	Left ventricular ejection fraction	cardiac_imaging	Pirruccello et al. 2020 cardiac MRI	BROAD_CVDKP_DOWNLOAD_TO_BE_CURATED	32382064	10.1038/s41467-020-15823-7	EUR_enriched_UKB	36041	GRCh37	http://www.broadcvdi.org/	RESEARCHED_NOT_LOCKED	direct file identity, persistent URL, checksum, and source h2/intercept not yet frozen
pirruccello_lv_stroke_volume	Left ventricular stroke volume	cardiac_imaging	Pirruccello et al. 2020 cardiac MRI	BROAD_CVDKP_DOWNLOAD_TO_BE_CURATED	32382064	10.1038/s41467-020-15823-7	EUR_enriched_UKB	36041	GRCh37	http://www.broadcvdi.org/	RESEARCHED_NOT_LOCKED	direct file identity, persistent URL, checksum, and source h2/intercept not yet frozen
vandermeer_liver_fat	MRI liver proton-density fat fraction	body_imaging	van der Meer et al. 2022 body-composition MRI	PUBLICATION_SUPPLEMENT_TO_BE_CURATED	36402844	10.1038/s42003-022-04237-4	White_European_UKB	33588	TO_VERIFY	https://www.nature.com/articles/s42003-022-04237-4	RESEARCHED_NOT_LOCKED	direct full-summary-statistics file, schema, build, checksum, and source h2/intercept not yet frozen
vandermeer_visceral_adipose_tissue	MRI visceral adipose tissue volume	body_imaging	van der Meer et al. 2022 body-composition MRI	PUBLICATION_SUPPLEMENT_TO_BE_CURATED	36402844	10.1038/s42003-022-04237-4	White_European_UKB	33588	TO_VERIFY	https://www.nature.com/articles/s42003-022-04237-4	RESEARCHED_NOT_LOCKED	direct full-summary-statistics file, schema, build, checksum, and source h2/intercept not yet frozen
vandermeer_thigh_muscle_fat_infiltration	MRI thigh muscle fat infiltration	body_imaging	van der Meer et al. 2022 body-composition MRI	PUBLICATION_SUPPLEMENT_TO_BE_CURATED	36402844	10.1038/s42003-022-04237-4	White_European_UKB	33588	TO_VERIFY	https://www.nature.com/articles/s42003-022-04237-4	RESEARCHED_NOT_LOCKED	direct full-summary-statistics file, schema, build, checksum, and source h2/intercept not yet frozen
xie_retina_color	Retinal fundus color	retinal_imaging	Xie et al. 2024 iGWAS	PUBLICATION_DATA_TO_BE_CURATED	38728357	10.1371/journal.pgen.1011273	British_White_UKB	65629	TO_VERIFY	https://journals.plos.org/plosgenetics/article?id=10.1371/journal.pgen.1011273	RESEARCHED_NOT_LOCKED	direct full-summary-statistics file, schema, build, checksum, and source h2/intercept not yet frozen
