reactome_id	pathway	mapped_tested_universe_genes
R-HSA-5619084	ABC transporter disorders	60
R-HSA-1369062	ABC transporters in lipid homeostasis	17
R-HSA-382556	ABC-family protein mediated transport	82
R-HSA-9660821	ADORA2B mediated anti-inflammatory cytokines production	42
R-HSA-418592	ADP signalling through P2Y purinoceptor 1	25
R-HSA-392170	ADP signalling through P2Y purinoceptor 12	22
R-HSA-198323	AKT phosphorylates targets in the cytosol	14
R-HSA-9700645	ALK mutants bind TKIs	12
R-HSA-9931269	AMPK-induced ERAD and lysosome mediated degradation of PD-L1(CD274)	51
R-HSA-5467337	APC truncation mutants have impaired AXIN binding	13
R-HSA-179409	APC-Cdc20 mediated degradation of Nek2A	26
R-HSA-174143	APC/C-mediated degradation of cell cycle proteins	72
R-HSA-174048	APC/C:Cdc20 mediated degradation of Cyclin B	24
R-HSA-174154	APC/C:Cdc20 mediated degradation of Securin	52
R-HSA-176409	APC/C:Cdc20 mediated degradation of mitotic proteins	60
R-HSA-174178	APC/C:Cdh1 mediated degradation of Cdc20 and other APC/C:Cdh1 targeted proteins in late mitosis/early G1	58
R-HSA-179419	APC:Cdc20 mediated degradation of cell cycle proteins prior to satisfation of the cell cycle checkpoint	58
R-HSA-380994	ATF4 activates genes in response to endoplasmic reticulum  stress	26
R-HSA-381183	ATF6 (ATF6-alpha) activates chaperone genes	10
R-HSA-381033	ATF6 (ATF6-alpha) activates chaperones	11
R-HSA-9932444	ATP-dependent chromatin remodelers	124
R-HSA-450408	AUF1 (hnRNP D0) binds and destabilizes mRNA	38
R-HSA-8854518	AURKA Activation by TPX2	65
R-HSA-5467340	AXIN missense mutants destabilize the destruction complex	13
R-HSA-9659787	Aberrant regulation of mitotic G1/S transition in cancer due to RB1 defects	17
R-HSA-9687139	Aberrant regulation of mitotic cell cycle due to RB1 defects	36
R-HSA-9687136	Aberrant regulation of mitotic exit in cancer due to RB1 defects	20
R-HSA-167242	Abortive elongation of HIV-1 transcript in the absence of Tat	22
R-HSA-264642	Acetylcholine Neurotransmitter Release Cycle	16
R-HSA-181431	Acetylcholine binding and downstream events	14
R-HSA-399997	Acetylcholine regulates insulin secretion	10
R-HSA-2122948	Activated NOTCH1 Transmits Signal to the Nucleus	30
R-HSA-9028731	Activated NTRK2 signals through FRS2 and FRS3	11
R-HSA-2033519	Activated point mutants of FGFR2	16
R-HSA-9619483	Activation of AMPK downstream of NMDARs	26
R-HSA-176814	Activation of APC/C and APC/C:Cdc20 mediated degradation of mitotic proteins	61
R-HSA-176187	Activation of ATR in response to replication stress	37
R-HSA-111447	Activation of BAD and translocation to mitochondria	15
R-HSA-114452	Activation of BH3-only proteins	30
R-HSA-1296041	Activation of G protein gated Potassium channels	28
R-HSA-991365	Activation of GABAB receptors	42
R-HSA-5619507	Activation of HOX genes during differentiation	58
R-HSA-936964	Activation of IRF3, IRF7 mediated by TBK1, IKKε (IKBKE)	18
R-HSA-1592389	Activation of Matrix Metalloproteinases	31
R-HSA-1169091	Activation of NF-kappaB in B cells	50
R-HSA-442755	Activation of NMDA receptors and postsynaptic events	84
R-HSA-2151209	Activation of PPARGC1A (PGC-1alpha) by phosphorylation	10
R-HSA-428540	Activation of RAC1	11
R-HSA-5635838	Activation of SMO	16
R-HSA-9958825	Activation of STAT3 by cadherin engagement	72
R-HSA-5617472	Activation of anterior HOX genes in hindbrain development during early embryogenesis	58
R-HSA-2426168	Activation of gene expression by SREBF (SREBP)	41
R-HSA-451326	Activation of kainate receptors upon glutamate binding	29
R-HSA-450341	Activation of the AP-1 family of transcription factors	10
R-HSA-8866907	Activation of the TFAP2 (AP-2) family of transcription factors	11
R-HSA-72662	Activation of the mRNA upon binding of the cap-binding complex and eIFs, and subsequent binding to 43S	54
R-HSA-2485179	Activation of the phototransduction cascade	11
R-HSA-68962	Activation of the pre-replicative complex	31
R-HSA-1482788	Acyl chain remodelling of PC	26
R-HSA-1482839	Acyl chain remodelling of PE	24
R-HSA-1482925	Acyl chain remodelling of PG	18
R-HSA-1482922	Acyl chain remodelling of PI	16
R-HSA-1482801	Acyl chain remodelling of PS	21
R-HSA-170660	Adenylate cyclase activating pathway	10
R-HSA-170670	Adenylate cyclase inhibitory pathway	14
R-HSA-418990	Adherens junctions interactions	188
R-HSA-9843745	Adipogenesis	104
R-HSA-400042	Adrenaline,noradrenaline inhibits insulin secretion	28
R-HSA-879415	Advanced glycosylation endproduct receptor signaling	12
R-HSA-1428517	Aerobic respiration and respiratory electron transport	204
R-HSA-9938027	Affinity selection of immunoglobulins	256
R-HSA-5423646	Aflatoxin activation and detoxification	17
R-HSA-9646399	Aggrephagy	39
R-HSA-9645460	Alpha-protein kinase 1 signaling pathway	10
R-HSA-375280	Amine ligand-binding receptors	39
R-HSA-352230	Amino acid transport across the plasma membrane	28
R-HSA-9639288	Amino acids regulate mTORC1	49
R-HSA-141444	Amplification  of signal from unattached  kinetochores via a MAD2  inhibitory signal	87
R-HSA-9769743	Amplification and propagation of coagulation cascade	16
R-HSA-141424	Amplification of signal from the kinetochores	87
R-HSA-977225	Amyloid fiber formation	50
R-HSA-2214320	Anchoring fibril formation	13
R-HSA-5620912	Anchoring of the basal body to the plasma membrane	87
R-HSA-193048	Androgen biosynthesis	10
R-HSA-9662851	Anti-inflammatory response favouring Leishmania parasite infection	73
R-HSA-983170	Antigen Presentation: Folding, assembly and peptide loading of class I MHC	19
R-HSA-983695	Antigen activates B Cell Receptor (BCR) leading to generation of second messengers	27
R-HSA-1236975	Antigen processing-Cross presentation	79
R-HSA-9912633	Antigen processing: Ub, ATP-independent proteasomal degradation	15
R-HSA-983168	Antigen processing: Ubiquitination & Proteasome degradation	277
R-HSA-1169410	Antimicrobial mechanism of IFN-stimulated genes	197
R-HSA-6803157	Antimicrobial peptides	83
R-HSA-109581	Apoptosis	149
R-HSA-351906	Apoptotic cleavage of cell adhesion  proteins	11
R-HSA-111465	Apoptotic cleavage of cellular proteins	35
R-HSA-75153	Apoptotic execution phase	43
R-HSA-111471	Apoptotic factor-mediated response	16
R-HSA-445717	Aquaporin-mediated transport	50
R-HSA-2142753	Arachidonate metabolism	55
R-HSA-446203	Asparagine N-linked glycosylation	296
R-HSA-8963693	Aspartate and asparagine metabolism	11
R-HSA-9749641	Aspirin ADME	43
R-HSA-175474	Assembly Of The HIV Virion	16
R-HSA-9609736	Assembly and cell surface presentation of NMDA receptors	38
R-HSA-8963889	Assembly of active LPL and LIPC lipase complexes	17
R-HSA-2022090	Assembly of collagen fibrils and other multimeric structures	58
R-HSA-9975921	Assembly of the 9+0 primary cilium	175
R-HSA-9975924	Assembly of the 9+2 motile cilia	26
R-HSA-68867	Assembly of the pre-replicative complex	70
R-HSA-390471	Association of TriC/CCT with target proteins during biosynthesis	36
R-HSA-4608870	Asymmetric localization of PCP proteins	48
R-HSA-9694614	Attachment and Entry_9694614	16
R-HSA-9638630	Attachment of bacteria to epithelial cells	21
R-HSA-3371568	Attenuation phase	24
R-HSA-174084	Autodegradation of Cdh1 by Cdh1:APC/C	51
R-HSA-349425	Autodegradation of the E3 ubiquitin ligase COP1	35
R-HSA-9612973	Autophagy	146
R-HSA-422475	Axon guidance	498
R-HSA-9748787	Azathioprine ADME	22
R-HSA-5250924	B-WICH complex positively regulates rRNA expression	28
R-HSA-5620922	BBSome-mediated cargo-targeting to cilium	23
R-HSA-1368108	BMAL1:CLOCK,NPAS2 activates circadian expression	22
R-HSA-9824439	Bacterial Infection Pathways	99
R-HSA-73884	Base Excision Repair	44
R-HSA-73929	Base-Excision Repair, AP Site Formation	17
R-HSA-210991	Basigin interactions	24
R-HSA-1461957	Beta defensins	33
R-HSA-3858494	Beta-catenin independent WNT signaling	129
R-HSA-196299	Beta-catenin phosphorylation cascade	16
R-HSA-390247	Beta-oxidation of very long chain fatty acids	10
R-HSA-425381	Bicarbonate transporters	10
R-HSA-194068	Bile acid and bile salt metabolism	45
R-HSA-2173782	Binding and Uptake of Ligands by Scavenger Receptors	44
R-HSA-9931953	Biofilm formation	21
R-HSA-211859	Biological oxidations	204
R-HSA-9018677	Biosynthesis of DHA-derived SPMs	17
R-HSA-9018678	Biosynthesis of specialized proresolving mediators (SPMs)	19
R-HSA-446193	Biosynthesis of the N-glycan precursor (dolichol lipid-linked oligosaccharide, LLO) and transfer to a nascent protein	73
R-HSA-196780	Biotin transport and metabolism	10
R-HSA-9033658	Blood group systems biosynthesis	18
R-HSA-70895	Branched-chain amino acid catabolism	22
R-HSA-162588	Budding and maturation of HIV virion	28
R-HSA-450385	Butyrate Response Factor 1 (BRF1) binds and destabilizes mRNA	17
R-HSA-5621481	C-type lectin receptors (CLRs)	119
R-HSA-5218900	CASP8 activity is inhibited	11
R-HSA-5621575	CD209 (DC-SIGN) signaling	20
R-HSA-389357	CD28 dependent PI3K/Akt signaling	25
R-HSA-389359	CD28 dependent Vav1 pathway	11
R-HSA-9013148	CDC42 GTPase cycle	142
R-HSA-69017	CDK-mediated phosphorylation and removal of Cdc6	57
R-HSA-9937848	CHD chromatin remodelers	95
R-HSA-9943411	CHD1 and CHD2 subfamily	41
R-HSA-9943965	CHD3, CHD4, CHD5 subfamily	37
R-HSA-9943962	CHD6, CHD7, CHD8, CHD9 subfamily	17
R-HSA-5607763	CLEC7A (Dectin-1) induces NFAT activation	10
R-HSA-5607764	CLEC7A (Dectin-1) signaling	80
R-HSA-6811434	COPI-dependent Golgi-to-ER retrograde traffic	95
R-HSA-6811436	COPI-independent Golgi-to-ER retrograde traffic	50
R-HSA-6807878	COPI-mediated anterograde transport	99
R-HSA-204005	COPII-mediated vesicle transport	66
R-HSA-442742	CREB1 phosphorylation through NMDA receptor-mediated activation of RAS signaling	24
R-HSA-442720	CREB1 phosphorylation through the activation of Adenylate Cyclase	11
R-HSA-399956	CRMPs in Sema3A signaling	15
R-HSA-2022870	CS-GAG biosynthesis	19
R-HSA-2024101	CS/DS degradation	18
R-HSA-5358747	CTNNB1 S33 mutants aren't phosphorylated	14
R-HSA-5358749	CTNNB1 S37 mutants aren't phosphorylated	14
R-HSA-5358751	CTNNB1 S45 mutants aren't phosphorylated	14
R-HSA-5358752	CTNNB1 T41 mutants aren't phosphorylated	14
R-HSA-211999	CYP2E1 reactions	11
R-HSA-111996	Ca-dependent events	35
R-HSA-4086398	Ca2+ pathway	61
R-HSA-111997	CaM pathway	33
R-HSA-111932	CaMK IV-mediated phosphorylation of CREB	10
R-HSA-419812	Calcitonin-like ligand receptors	10
R-HSA-111933	Calmodulin induced events	33
R-HSA-901042	Calnexin/calreticulin cycle	24
R-HSA-72737	Cap-dependent Translation Initiation	111
R-HSA-8955332	Carboxyterminal post-translational modifications of tubulin	42
R-HSA-5576891	Cardiac conduction	124
R-HSA-9733709	Cardiogenesis	25
R-HSA-5694530	Cargo concentration in the ER	31
R-HSA-8856825	Cargo recognition for clathrin-mediated endocytosis	98
R-HSA-5620920	Cargo trafficking to the periciliary membrane	65
R-HSA-200425	Carnitine shuttle	13
R-HSA-140534	Caspase activation via Death Receptors in the presence of ligand	16
R-HSA-5357769	Caspase activation via extrinsic apoptotic signalling pathway	25
R-HSA-264870	Caspase-mediated cleavage of cytoskeletal proteins	12
R-HSA-174184	Cdc20:Phospho-APC/C mediated degradation of Cyclin A	57
R-HSA-69620	Cell Cycle Checkpoints	239
R-HSA-69278	Cell Cycle, Mitotic	453
R-HSA-204998	Cell death signalling via NRAGE, NRIF and NADE	70
R-HSA-446728	Cell junction organization	241
R-HSA-9664424	Cell recruitment (pro-inflammatory response)	26
R-HSA-202733	Cell surface interactions at the vascular wall	125
R-HSA-1500931	Cell-Cell communication	272
R-HSA-421270	Cell-cell junction organization	216
R-HSA-446353	Cell-extracellular matrix interactions	16
R-HSA-2559583	Cellular Senescence	123
R-HSA-189200	Cellular hexose transport	20
R-HSA-9711123	Cellular response to chemical stress	180
R-HSA-3371556	Cellular response to heat stress	93
R-HSA-1234174	Cellular response to hypoxia	57
R-HSA-9711097	Cellular response to starvation	142
R-HSA-9855142	Cellular responses to mechanical stimuli	99
R-HSA-380287	Centrosome maturation	74
R-HSA-9613829	Chaperone Mediated Autophagy	20
R-HSA-390466	Chaperonin-mediated protein folding	84
R-HSA-380108	Chemokine receptors bind chemokines	55
R-HSA-75035	Chk1/Chk2(Cds1) mediated inactivation of Cyclin B:Cdk1 complex	15
R-HSA-191273	Cholesterol biosynthesis	24
R-HSA-1793185	Chondroitin sulfate/dermatan sulfate metabolism	34
R-HSA-3247509	Chromatin modifying enzymes	178
R-HSA-4839726	Chromatin organization	272
R-HSA-73886	Chromosome Maintenance	80
R-HSA-8963888	Chylomicron assembly	10
R-HSA-8963901	Chylomicron remodeling	10
R-HSA-5617833	Cilium Assembly	201
R-HSA-9909396	Circadian clock	102
R-HSA-71403	Citric acid cycle (TCA cycle)	28
R-HSA-373076	Class A/1 (Rhodopsin-like receptors)	306
R-HSA-373080	Class B/2 (Secretin family receptors)	90
R-HSA-420499	Class C/3 (Metabotropic glutamate/pheromone receptors)	38
R-HSA-983169	Class I MHC mediated antigen processing & presentation	338
R-HSA-9603798	Class I peroxisomal membrane protein import	19
R-HSA-8856828	Clathrin-mediated endocytosis	137
R-HSA-110331	Cleavage of the damaged purine	10
R-HSA-110329	Cleavage of the damaged pyrimidine	15
R-HSA-389513	Co-inhibition by CTLA4	21
R-HSA-389948	Co-inhibition by PD-1	137
R-HSA-389356	Co-stimulation by CD28	45
R-HSA-9927354	Co-stimulation by ICOS	10
R-HSA-9769740	Coagulation pathway	52
R-HSA-196741	Cobalamin (Cbl, vitamin B12) transport and metabolism	20
R-HSA-1650814	Collagen biosynthesis and modifying enzymes	60
R-HSA-8948216	Collagen chain trimerization	40
R-HSA-1442490	Collagen degradation	58
R-HSA-1474290	Collagen formation	83
R-HSA-8948700	Competing endogenous RNAs (ceRNAs) regulate PTEN translation	10
R-HSA-166658	Complement cascade	52
R-HSA-6799198	Complex I biogenesis	55
R-HSA-9865881	Complex III assembly	19
R-HSA-9864848	Complex IV assembly	42
R-HSA-2514853	Condensation of Prometaphase Chromosomes	10
R-HSA-2299718	Condensation of Prophase Chromosomes	11
R-HSA-5674400	Constitutive Signaling by AKT1 E17K in Cancer	25
R-HSA-2219530	Constitutive Signaling by Aberrant PI3K in Cancer	84
R-HSA-5637810	Constitutive Signaling by EGFRvIII	15
R-HSA-1236382	Constitutive Signaling by Ligand-Responsive EGFR Cancer Variants	19
R-HSA-2691232	Constitutive Signaling by NOTCH1 HD Domain Mutants	14
R-HSA-2894862	Constitutive Signaling by NOTCH1 HD+PEST Domain Mutants	53
R-HSA-2644606	Constitutive Signaling by NOTCH1 PEST Domain Mutants	53
R-HSA-9634285	Constitutive Signaling by Overexpressed ERBB2	10
R-HSA-176407	Conversion from APC/C:Cdc20 to APC/C:Cdh1 in late anaphase	20
R-HSA-6814122	Cooperation of PDCL (PhLP1) and TRiC/CCT in G-protein beta folding	37
R-HSA-389958	Cooperation of Prefoldin and TriC/CCT  in actin and tubulin folding	29
R-HSA-166786	Creation of C4 and C2 activators	14
R-HSA-1236978	Cross-presentation of soluble exogenous antigens (endosomes)	36
R-HSA-2243919	Crosslinking of collagen fibrils	16
R-HSA-69273	Cyclin A/B1/B2 associated events during G2/M transition	29
R-HSA-69656	Cyclin A:Cdk2-associated events at S phase entry	71
R-HSA-69231	Cyclin D associated events in G1	44
R-HSA-69202	Cyclin E associated events during G1/S transition	69
R-HSA-211897	Cytochrome P450 - arranged by substrate type	63
R-HSA-111461	Cytochrome c-mediated apoptotic response	12
R-HSA-9707564	Cytoprotection by HMOX1	53
R-HSA-2564830	Cytosolic iron-sulfur cluster assembly	10
R-HSA-1834949	Cytosolic sensors of pathogen-associated DNA	59
R-HSA-156584	Cytosolic sulfonation of small molecules	17
R-HSA-1489509	DAG and IP3 signaling	38
R-HSA-8931838	DAG1 glycosylations	13
R-HSA-2172127	DAP12 interactions	34
R-HSA-2424491	DAP12 signaling	26
R-HSA-180024	DARPP-32 events	24
R-HSA-418885	DCC mediated attractive signaling	14
R-HSA-168928	DDX58/IFIH1-mediated induction of interferon-alpha/beta	76
R-HSA-73893	DNA Damage Bypass	45
R-HSA-5696394	DNA Damage Recognition in GG-NER	36
R-HSA-2559586	DNA Damage/Telomere Stress Induced Senescence	27
R-HSA-5693606	DNA Double Strand Break Response	70
R-HSA-5693532	DNA Double-Strand Break Repair	160
R-HSA-73894	DNA Repair	295
R-HSA-69306	DNA Replication	119
R-HSA-69002	DNA Replication Pre-Initiation	85
R-HSA-69190	DNA strand elongation	31
R-HSA-2022923	DS-GAG biosynthesis	11
R-HSA-3769402	Deactivation of the beta-catenin transactivating complex	40
R-HSA-429947	Deadenylation of mRNA	22
R-HSA-429914	Deadenylation-dependent mRNA decay	49
R-HSA-73887	Death Receptor Signaling	141
R-HSA-5607761	Dectin-1 mediated noncanonical NF-kB signaling	45
R-HSA-5621480	Dectin-2 family	26
R-HSA-4420332	Defective B3GALT6 causes EDSP2 and SEMDJL1	17
R-HSA-5083635	Defective B3GALTL causes PpS	34
R-HSA-3560801	Defective B3GAT3 causes JDSSDHD	17
R-HSA-3560783	Defective B4GALT7 causes EDS, progeroid type	17
R-HSA-5083632	Defective C1GALT1C1 causes TNPS	16
R-HSA-5678895	Defective CFTR causes cystic fibrosis	44
R-HSA-3656253	Defective EXT1 causes exostoses 1, TRPS2 and CHDS	12
R-HSA-3656237	Defective EXT2 causes exostoses 2	12
R-HSA-5083636	Defective GALNT12 causes CRCS1	16
R-HSA-5083625	Defective GALNT3 causes HFTC	16
R-HSA-9704331	Defective HDR through Homologous Recombination Repair (HRR) due to PALB2 loss of BRCA1 binding function	23
R-HSA-9704646	Defective HDR through Homologous Recombination Repair (HRR) due to PALB2 loss of BRCA2/RAD51/RAD51C binding function	23
R-HSA-9734009	Defective Intrinsic Pathway for Apoptosis	25
R-HSA-5619107	Defective TPR may confer susceptibility towards thyroid papillary carcinoma (TPC)	30
R-HSA-9661069	Defective binding of RB1 mutants to E2F1,(E2F2, E2F3)	17
R-HSA-9701192	Defective homologous recombination repair (HRR) due to BRCA1 loss of function	23
R-HSA-9701190	Defective homologous recombination repair (HRR) due to BRCA2 loss of function	39
R-HSA-9701193	Defective homologous recombination repair (HRR) due to PALB2 loss of function	23
R-HSA-9710421	Defective pyroptosis	10
R-HSA-3296469	Defects in cobalamin (B12) metabolism	12
R-HSA-3296482	Defects in vitamin and cofactor metabolism	20
R-HSA-9769726	Defects of Coagulation cascade	19
R-HSA-1461973	Defensins	41
R-HSA-4641257	Degradation of AXIN	39
R-HSA-9766229	Degradation of CDH1	49
R-HSA-9932298	Degradation of CRY and PER proteins	45
R-HSA-4641258	Degradation of DVL	41
R-HSA-5610780	Degradation of GLI1 by the proteasome	44
R-HSA-5610783	Degradation of GLI2 by the proteasome	44
R-HSA-195253	Degradation of beta-catenin by the destruction complex	67
R-HSA-1614558	Degradation of cysteine and homocysteine	13
R-HSA-1474228	Degradation of the extracellular matrix	132
R-HSA-9918485	Dengue Virus Attachment and Entry	41
R-HSA-9918487	Dengue Virus Genome Translation and Replication	78
R-HSA-9839923	Dengue Virus Infection	316
R-HSA-9918481	Dengue Virus-Host Interactions	211
R-HSA-9920588	Dengue virus activates/modulates innate and adaptive immune responses	24
R-HSA-9920951	Dengue virus modulates apoptosis	14
R-HSA-4419969	Depolymerization of the Nuclear Lamina	13
R-HSA-606279	Deposition of new CENPA-containing nucleosomes at the centromere	22
R-HSA-73927	Depurination	10
R-HSA-73928	Depyrimidination	15
R-HSA-8862803	Deregulated CDK5 triggers multiple neurodegenerative pathways in Alzheimer's disease models	22
R-HSA-3299685	Detoxification of Reactive Oxygen Species	32
R-HSA-5688426	Deubiquitination	217
R-HSA-9734767	Developmental Cell Lineages	33
R-HSA-9820448	Developmental Cell Lineages of the Exocrine Pancreas	28
R-HSA-9925563	Developmental Lineage of Pancreatic Ductal Cells	23
R-HSA-9981148	Developmental Lineage of Pancreatic Endocrine Mid Progenitor Cells	24
R-HSA-9945266	Differentiation of T cells	80
R-HSA-9942503	Differentiation of naive CD4+ T cells to T helper 1 cells (Th1 cells)	11
R-HSA-9976102	Differentiation of naive CD4+ T cells to T helper 2 cells (Th2 cells)	71
R-HSA-8935690	Digestion	21
R-HSA-8963743	Digestion and absorption	26
R-HSA-189085	Digestion of dietary carbohydrate	11
R-HSA-69416	Dimerization of procaspase-8	11
R-HSA-4641262	Disassembly of the destruction complex and recruitment of AXIN to the membrane	30
R-HSA-3781860	Diseases associated with N-glycosylation of proteins	17
R-HSA-3906995	Diseases associated with O-glycosylation of proteins	60
R-HSA-3560782	Diseases associated with glycosaminoglycan metabolism	38
R-HSA-5609975	Diseases associated with glycosylation precursor biosynthesis	15
R-HSA-5602358	Diseases associated with the TLR signaling cascade	29
R-HSA-2474795	Diseases associated with visual transduction	11
R-HSA-9675136	Diseases of DNA Double-Strand Break Repair	39
R-HSA-9675135	Diseases of DNA repair	49
R-HSA-5260271	Diseases of Immune System	34
R-HSA-9865118	Diseases of branched-chain amino acid catabolism	13
R-HSA-5663084	Diseases of carbohydrate metabolism	31
R-HSA-3781865	Diseases of glycosylation	129
R-HSA-9671793	Diseases of hemostasis	22
R-HSA-5668914	Diseases of metabolism	244
R-HSA-9675126	Diseases of mitotic cell cycle	36
R-HSA-9645723	Diseases of programmed cell death	42
R-HSA-5663202	Diseases of signal transduction by growth factor receptors and second messengers	427
R-HSA-9675143	Diseases of the neuronal system	11
R-HSA-9675151	Disorders of Developmental Biology	16
R-HSA-9697154	Disorders of Nervous System Development	11
R-HSA-5619115	Disorders of transmembrane transporters	150
R-HSA-75205	Dissolution of Fibrin Clot	13
R-HSA-212676	Dopamine Neurotransmitter Release Cycle	19
R-HSA-8863795	Downregulation of ERBB2 signaling	28
R-HSA-1358803	Downregulation of ERBB2:ERBB3 signaling	13
R-HSA-2173795	Downregulation of SMAD2/3:SMAD4 transcriptional activity	29
R-HSA-2173788	Downregulation of TGF-beta receptor signaling	26
R-HSA-202424	Downstream TCR signaling	68
R-HSA-186763	Downstream signal transduction	28
R-HSA-1168372	Downstream signaling events of B Cell Receptor (BCR)	64
R-HSA-5654687	Downstream signaling of activated FGFR1	31
R-HSA-5654696	Downstream signaling of activated FGFR2	29
R-HSA-5654708	Downstream signaling of activated FGFR3	24
R-HSA-5654716	Downstream signaling of activated FGFR4	26
R-HSA-9748784	Drug ADME	106
R-HSA-5696400	Dual Incision in GG-NER	39
R-HSA-6782135	Dual incision in TC-NER	61
R-HSA-113510	E2F mediated regulation of DNA replication	20
R-HSA-8866654	E3 ubiquitin ligases ubiquitinate target proteins	40
R-HSA-3000178	ECM proteoglycans	71
R-HSA-182971	EGFR downregulation	30
R-HSA-9619665	EGR2 and SOX10-mediated initiation of Schwann cell myelination	25
R-HSA-9648025	EML4 and NUDC in mitotic spindle formation	107
R-HSA-2682334	EPH-Ephrin signaling	89
R-HSA-3928665	EPH-ephrin mediated repulsion of cells	49
R-HSA-3928663	EPHA-mediated growth cone collapse	28
R-HSA-3928662	EPHB-mediated forward signaling	41
R-HSA-901032	ER Quality Control Compartment (ERQC)	19
R-HSA-199977	ER to Golgi Anterograde Transport	150
R-HSA-1236974	ER-Phagosome pathway	65
R-HSA-8847993	ERBB2 Activates PTK6 Signaling	13
R-HSA-6785631	ERBB2 Regulates Cell Motility	15
R-HSA-427389	ERCC6 (CSB) and EHMT2 (G9a) positively regulate rRNA expression	14
R-HSA-198753	ERK/MAPK targets	20
R-HSA-202670	ERKs are inactivated	13
R-HSA-8939211	ESR-mediated signaling	156
R-HSA-162594	Early Phase of HIV Life Cycle	14
R-HSA-9772572	Early SARS-CoV-2 Infection Events	34
R-HSA-114508	Effects of PIP2 hydrolysis	25
R-HSA-391903	Eicosanoid ligand-binding receptors	13
R-HSA-211979	Eicosanoids	11
R-HSA-1566948	Elastic fibre formation	43
R-HSA-139853	Elevation of cytosolic Ca2+ levels	15
R-HSA-211976	Endogenous sterols	24
R-HSA-917729	Endosomal Sorting Complex Required For Transport (ESCRT)	31
R-HSA-380972	Energy dependent regulation of mTOR by LKB1-AMPK	28
R-HSA-9956593	Enterobacterial factors antagonize host defense	14
R-HSA-3928664	Ephrin signaling	17
R-HSA-9917777	Epigenetic regulation by WDR5-containing histone modifying complexes	98
R-HSA-9851695	Epigenetic regulation of adipogenesis genes by MLL3 and MLL4 complexes	70
R-HSA-212165	Epigenetic regulation of gene expression	238
R-HSA-9818564	Epigenetic regulation of gene expression by MLL3 and MLL4 complexes	70
R-HSA-1237044	Erythrocytes take up carbon dioxide and release oxygen	11
R-HSA-9027276	Erythropoietin activates Phosphoinositide-3-kinase (PI3K)	12
R-HSA-9027284	Erythropoietin activates RAS	14
R-HSA-9018519	Estrogen-dependent gene expression	87
R-HSA-9634638	Estrogen-dependent nuclear events downstream of ESR-membrane signaling	23
R-HSA-71384	Ethanol oxidation	11
R-HSA-156842	Eukaryotic Translation Elongation	87
R-HSA-72613	Eukaryotic Translation Initiation	111
R-HSA-72764	Eukaryotic Translation Termination	85
R-HSA-9833109	Evasion by RSV of host interferon responses	31
R-HSA-168274	Export of Viral Ribonucleoproteins from Nucleus	30
R-HSA-9752946	Expression and translocation of olfactory receptors	363
R-HSA-9931509	Expression of BMAL (ARNTL), CLOCK, and NPAS2	33
R-HSA-180786	Extension of Telomeres	47
R-HSA-9009391	Extra-nuclear estrogen signaling	73
R-HSA-1474244	Extracellular matrix organization	301
R-HSA-8854050	FBXL7 down-regulates AURKA during mitotic entry and in early mitosis	39
R-HSA-2871809	FCERI mediated Ca+2 mobilization	29
R-HSA-2871796	FCERI mediated MAPK activation	32
R-HSA-2871837	FCERI mediated NF-kB activation	63
R-HSA-2029481	FCGR activation	12
R-HSA-9664323	FCGR3A-mediated IL10 synthesis	36
R-HSA-9664422	FCGR3A-mediated phagocytosis	57
R-HSA-190242	FGFR1 ligand binding and activation	17
R-HSA-1839124	FGFR1 mutant receptor activation	30
R-HSA-190373	FGFR1c ligand binding and activation	13
R-HSA-6803529	FGFR2 alternative splicing	26
R-HSA-190241	FGFR2 ligand binding and activation	19
R-HSA-1839126	FGFR2 mutant receptor activation	32
R-HSA-190377	FGFR2b ligand binding and activation	10
R-HSA-190375	FGFR2c ligand binding and activation	12
R-HSA-190239	FGFR3 ligand binding and activation	12
R-HSA-2033514	FGFR3 mutant receptor activation	11
R-HSA-190372	FGFR3c ligand binding and activation	12
R-HSA-190322	FGFR4 ligand binding and activation	13
R-HSA-5658623	FGFRL1 modulation of FGFR1 signaling	13
R-HSA-9607240	FLT3 Signaling	38
R-HSA-9682385	FLT3 signaling in disease	28
R-HSA-9614085	FOXO-mediated transcription	64
R-HSA-9617828	FOXO-mediated transcription of cell cycle genes	16
R-HSA-9614657	FOXO-mediated transcription of cell death genes	15
R-HSA-9615017	FOXO-mediated transcription of oxidative stress, metabolic and neuronal genes	28
R-HSA-5654693	FRS-mediated FGFR1 signaling	23
R-HSA-5654700	FRS-mediated FGFR2 signaling	24
R-HSA-5654706	FRS-mediated FGFR3 signaling	19
R-HSA-5654712	FRS-mediated FGFR4 signaling	21
R-HSA-9970672	FXIIa activates plasma kallikrein-kinin system	10
R-HSA-983231	Factors involved in megakaryocyte development and platelet production	147
R-HSA-6783310	Fanconi Anemia Pathway	32
R-HSA-8978868	Fatty acid metabolism	158
R-HSA-211935	Fatty acids	15
R-HSA-75105	Fatty acyl-CoA biosynthesis	29
R-HSA-2454202	Fc epsilon receptor (FCERI) signaling	110
R-HSA-2029480	Fcgamma receptor (FCGR) dependent phagocytosis	80
R-HSA-1187000	Fertilization	26
R-HSA-9769733	Fibrin formation	12
R-HSA-1566977	Fibronectin matrix formation	18
R-HSA-390450	Folding of actin by CCT/TriC	10
R-HSA-167152	Formation of HIV elongation complex in the absence of HIV Tat	39
R-HSA-167200	Formation of HIV-1 elongation complex containing HIV-1 Tat	37
R-HSA-5696395	Formation of Incision Complex in GG-NER	40
R-HSA-112382	Formation of RNA Pol II elongation complex	51
R-HSA-2559584	Formation of Senescence-Associated Heterochromatin Foci (SAHF)	11
R-HSA-6781823	Formation of TC-NER Pre-Incision Complex	49
R-HSA-9772755	Formation of WDR5-containing histone-modifying complexes	36
R-HSA-72689	Formation of a pool of free 40S subunits	94
R-HSA-196025	Formation of annular gap junctions	11
R-HSA-111458	Formation of apoptosome	10
R-HSA-9796292	Formation of axial mesoderm	13
R-HSA-9823730	Formation of definitive endoderm	14
R-HSA-9934037	Formation of neuronal progenitor and neuronal BAF (npBAF and nBAF)	25
R-HSA-9793380	Formation of paraxial mesoderm	54
R-HSA-113418	Formation of the Early Elongation Complex	31
R-HSA-167158	Formation of the HIV-1 Early Elongation Complex	31
R-HSA-9823739	Formation of the anterior neural plate	10
R-HSA-201722	Formation of the beta-catenin:TCF transactivating complex	33
R-HSA-9933937	Formation of the canonical BAF (cBAF) complex	18
R-HSA-6809371	Formation of the cornified envelope	127
R-HSA-9913351	Formation of the dystrophin-glycoprotein complex (DGC)	34
R-HSA-9933946	Formation of the embryonic stem cell BAF (esBAF) complex	19
R-HSA-9830364	Formation of the nephric duct	17
R-HSA-9933947	Formation of the non-canonical BAF (ncBAF) complex	15
R-HSA-9933939	Formation of the polybromo-BAF (pBAF) complex	18
R-HSA-9832991	Formation of the posterior neural plate	10
R-HSA-72695	Formation of the ternary complex, and subsequently, the 43S complex	46
R-HSA-9830674	Formation of the ureteric bud	21
R-HSA-389960	Formation of tubulin folding intermediates by CCT/TriC	24
R-HSA-400451	Free fatty acids regulate insulin secretion	10
R-HSA-170968	Frs2-mediated activation	12
R-HSA-416482	G alpha (12/13) signalling events	75
R-HSA-418594	G alpha (i) signalling events	302
R-HSA-416476	G alpha (q) signalling events	202
R-HSA-418555	G alpha (s) signalling events	152
R-HSA-418597	G alpha (z) signalling events	48
R-HSA-8964315	G beta:gamma signalling through BTK	17
R-HSA-8964616	G beta:gamma signalling through CDC42	19
R-HSA-392451	G beta:gamma signalling through PI3Kgamma	25
R-HSA-418217	G beta:gamma signalling through PLC beta	20
R-HSA-1296059	G protein gated Potassium channels	28
R-HSA-202040	G-protein activation	24
R-HSA-397795	G-protein beta:gamma signalling	30
R-HSA-112040	G-protein mediated events	51
R-HSA-1538133	G0 and Early G1	26
R-HSA-69236	G1 Phase	44
R-HSA-69615	G1/S DNA Damage Checkpoints	63
R-HSA-69206	G1/S Transition	113
R-HSA-69205	G1/S-Specific Transcription	27
R-HSA-69481	G2/M Checkpoints	113
R-HSA-69473	G2/M DNA damage checkpoint	56
R-HSA-69275	G2/M Transition	174
R-HSA-180292	GAB1 signalosome	17
R-HSA-977444	GABA B receptor activation	42
R-HSA-977443	GABA receptor activation	55
R-HSA-888590	GABA synthesis, release, reuptake and degradation	19
R-HSA-9953170	GBP-mediated host defense	14
R-HSA-5610785	GLI3 is processed to GLI3R by the proteasome	44
R-HSA-430116	GP1b-IX-V activation signalling	11
R-HSA-500792	GPCR ligand binding	434
R-HSA-9634597	GPER1 signaling	45
R-HSA-114604	GPVI-mediated activation cascade	33
R-HSA-179812	GRB2 events in EGFR signaling	13
R-HSA-1963640	GRB2 events in ERBB2 signaling	16
R-HSA-354194	GRB2:SOS provides linkage to MAPK signaling for Integrins	14
R-HSA-9762114	GSK3B and BTRC:CUL1-mediated-degradation of NFE2L2	39
R-HSA-9929356	GSK3B-mediated proteasomal degradation of PD-L1(CD274)	41
R-HSA-72706	GTP hydrolysis and joining of the 60S ribosomal subunit	104
R-HSA-163841	Gamma carboxylation, hypusinylation, hydroxylation, and arylsulfatase activation	52
R-HSA-159854	Gamma-carboxylation, transport, and amino-terminal cleavage of proteins	10
R-HSA-190861	Gap junction assembly	34
R-HSA-190873	Gap junction degradation	12
R-HSA-190828	Gap junction trafficking	45
R-HSA-157858	Gap junction trafficking and regulation	47
R-HSA-5696397	Gap-filling DNA repair synthesis and ligation in GG-NER	25
R-HSA-6782210	Gap-filling DNA repair synthesis and ligation in TC-NER	60
R-HSA-881907	Gastrin-CREB signalling pathway via PKC and MAPK	17
R-HSA-9758941	Gastrulation	111
R-HSA-211000	Gene Silencing by RNA	49
R-HSA-8950505	Gene and protein expression by JAK-STAT signaling after Interleukin-12 stimulation	36
R-HSA-202433	Generation of second messenger molecules	20
R-HSA-9754189	Germ layer formation at gastrulation	15
R-HSA-5696399	Global Genome Nucleotide Excision Repair (GG-NER)	81
R-HSA-163359	Glucagon signaling in metabolic regulation	33
R-HSA-381676	Glucagon-like Peptide-1 (GLP1) regulates insulin secretion	41
R-HSA-420092	Glucagon-type ligand receptors	33
R-HSA-70263	Gluconeogenesis	24
R-HSA-70326	Glucose metabolism	79
R-HSA-156588	Glucuronidation	26
R-HSA-210500	Glutamate Neurotransmitter Release Cycle	23
R-HSA-8964539	Glutamate and glutamine metabolism	11
R-HSA-399721	Glutamate binding, activation of AMPA receptors and synaptic plasticity	28
R-HSA-156590	Glutathione conjugation	36
R-HSA-174403	Glutathione synthesis and recycling	12
R-HSA-1483206	Glycerophospholipid biosynthesis	112
R-HSA-70221	Glycogen breakdown (glycogenolysis)	12
R-HSA-8982491	Glycogen metabolism	23
R-HSA-3229121	Glycogen storage diseases	14
R-HSA-3322077	Glycogen synthesis	13
R-HSA-70171	Glycolysis	69
R-HSA-1630316	Glycosaminoglycan metabolism	127
R-HSA-1971475	Glycosaminoglycan-protein linkage region biosynthesis	25
R-HSA-9840309	Glycosphingolipid biosynthesis	18
R-HSA-9840310	Glycosphingolipid catabolism	30
R-HSA-1660662	Glycosphingolipid metabolism	48
R-HSA-389661	Glyoxylate metabolism and glycine degradation	18
R-HSA-432722	Golgi Associated Vesicle Biogenesis	51
R-HSA-162658	Golgi Cisternae Pericentriolar Stack Reorganization	14
R-HSA-8856688	Golgi-to-ER retrograde transport	129
R-HSA-982772	Growth hormone receptor signaling	24
R-HSA-3214847	HATs acetylate histones	69
R-HSA-9609690	HCMV Early Events	70
R-HSA-9609646	HCMV Infection	94
R-HSA-9610379	HCMV Late Events	54
R-HSA-3214815	HDACs deacetylate histones	29
R-HSA-8964058	HDL remodeling	10
R-HSA-3214842	HDMs demethylate histones	16
R-HSA-5685942	HDR through Homologous Recombination (HRR)	66
R-HSA-5693567	HDR through Homologous Recombination (HRR) or Single Strand Annealing (SSA)	92
R-HSA-5685939	HDR through MMEJ (alt-NHEJ)	11
R-HSA-5685938	HDR through Single Strand Annealing (SSA)	37
R-HSA-162906	HIV Infection	201
R-HSA-162587	HIV Life Cycle	139
R-HSA-167169	HIV Transcription Elongation	37
R-HSA-167161	HIV Transcription Initiation	44
R-HSA-167287	HIV elongation arrest and recovery	28
R-HSA-2022928	HS-GAG biosynthesis	30
R-HSA-2024096	HS-GAG degradation	17
R-HSA-3371511	HSF1 activation	26
R-HSA-3371571	HSF1-dependent transactivation	34
R-HSA-3371497	HSP90 chaperone cycle for steroid hormone receptors (SHR) in the presence of ligand	50
R-HSA-5610787	Hedgehog 'off' state	95
R-HSA-5632684	Hedgehog 'on' state	68
R-HSA-5358346	Hedgehog ligand biogenesis	49
R-HSA-189451	Heme biosynthesis	13
R-HSA-189483	Heme degradation	16
R-HSA-9707616	Heme signaling	45
R-HSA-1638091	Heparan sulfate/heparin (HS-GAG) metabolism	37
R-HSA-5387390	Hh mutants abrogate ligand secretion	43
R-HSA-5362768	Hh mutants are degraded by ERAD	40
R-HSA-9856530	High laminar flow shear stress activates signaling by PIEZO1 and PECAM1:CDH5:KDR in endothelial cells	67
R-HSA-629594	Highly calcium permeable postsynaptic nicotinic acetylcholine receptors	11
R-HSA-5693579	Homologous DNA Pairing and Strand Exchange	41
R-HSA-5693538	Homology Directed Repair	98
R-HSA-375281	Hormone ligand-binding receptors	11
R-HSA-162909	Host Interactions of HIV factors	107
R-HSA-450520	HuR (ELAVL1) binds and stabilizes mRNA	10
R-HSA-2160916	Hyaluronan degradation	15
R-HSA-2142845	Hyaluronan metabolism	19
R-HSA-9684482	IFIT antiviral response	56
R-HSA-2428924	IGF1R signaling cascade	49
R-HSA-937041	IKK complex recruitment mediated by RIP1	22
R-HSA-6788467	IL-6-type cytokine receptor ligand interactions	17
R-HSA-1855196	IP3 and IP4 transport between cytosol and nucleus	28
R-HSA-1855229	IP6 and IP7 transport between cytosol and nucleus	28
R-HSA-1855170	IPs transport between nucleus and cytosol	28
R-HSA-937039	IRAK1 recruits IKK complex	12
R-HSA-975144	IRAK1 recruits IKK complex upon TLR7/8 or 9 stimulation	12
R-HSA-975163	IRAK2 mediated activation of TAK1 complex upon TLR7/8 or 9 stimulation	14
R-HSA-5603041	IRAK4 deficiency (TLR2/4)	17
R-HSA-381070	IRE1alpha activates chaperones	47
R-HSA-3270619	IRF3-mediated induction of type I IFN	10
R-HSA-112399	IRS-mediated signalling	45
R-HSA-2428928	IRS-related events triggered by IGF1R	48
R-HSA-1169408	ISG15 antiviral mechanism	71
R-HSA-9938026	Immunoglobulin maturation	256
R-HSA-198933	Immunoregulatory interactions between a Lymphoid and a non-Lymphoid cell	114
R-HSA-9709603	Impaired BRCA2 binding to PALB2	23
R-HSA-9709570	Impaired BRCA2 binding to RAD51	33
R-HSA-141430	Inactivation of APC/C via direct inhibition of the APC/C complex	21
R-HSA-9705462	Inactivation of CSF3 (G-CSF) signaling	23
R-HSA-2514859	Inactivation, recovery and regulation of the phototransduction cascade	31
R-HSA-400508	Incretin synthesis, secretion, and inactivation	23
R-HSA-9733458	Induction of Cell-Cell Fusion	12
R-HSA-9640148	Infection with Enterobacteria	37
R-HSA-9635486	Infection with Mycobacterium tuberculosis	25
R-HSA-622312	Inflammasomes	21
R-HSA-168255	Influenza Infection	148
R-HSA-168273	Influenza Viral RNA Transcription and Replication	128
R-HSA-997272	Inhibition  of voltage gated Ca2+ channels via Gbeta/gamma subunits	28
R-HSA-9670095	Inhibition of DNA recombination at telomere	18
R-HSA-113501	Inhibition of replication initiation of damaged DNA by RB1/E2F1	11
R-HSA-141405	Inhibition of the proteolytic activity of APC/C required for the onset of anaphase by mitotic spindle checkpoint components	21
R-HSA-166663	Initial triggering of complement	17
R-HSA-2995383	Initiation of Nuclear Envelope (NE) Reformation	17
R-HSA-9769735	Initiation of coagulation cascade	19
R-HSA-8875360	InlB-mediated entry of Listeria monocytogenes into host cell	14
R-HSA-1483249	Inositol phosphate metabolism	72
R-HSA-9609523	Insertion of tail-anchored proteins into the endoplasmic reticulum membrane	17
R-HSA-264876	Insulin processing	23
R-HSA-77387	Insulin receptor recycling	28
R-HSA-74751	Insulin receptor signalling cascade	51
R-HSA-163685	Integration of energy metabolism	104
R-HSA-216083	Integrin cell surface interactions	80
R-HSA-354192	Integrin signaling	26
R-HSA-2534343	Interaction With Cumulus Cells And The Zona Pellucida	11
R-HSA-445095	Interaction between L1 and Ankyrins	30
R-HSA-9940951	Interaction of NuRD complexes with transcription factors	27
R-HSA-177243	Interactions of Rev with host cellular proteins	35
R-HSA-176033	Interactions of Vpr with host cellular proteins	33
R-HSA-499943	Interconversion of nucleotide di- and triphosphates	28
R-HSA-913531	Interferon Signaling	292
R-HSA-909733	Interferon alpha/beta signaling	69
R-HSA-877300	Interferon gamma signaling	75
R-HSA-912526	Interleukin receptor SHC signaling	23
R-HSA-446652	Interleukin-1 family signaling	130
R-HSA-9020702	Interleukin-1 signaling	94
R-HSA-6783783	Interleukin-10 signaling	42
R-HSA-447115	Interleukin-12 family signaling	54
R-HSA-9020591	Interleukin-12 signaling	44
R-HSA-8983432	Interleukin-15 signaling	13
R-HSA-448424	Interleukin-17 signaling	66
R-HSA-451927	Interleukin-2 family signaling	39
R-HSA-9020558	Interleukin-2 signaling	11
R-HSA-8854691	Interleukin-20 family signaling	26
R-HSA-9020956	Interleukin-27 signaling	11
R-HSA-512988	Interleukin-3, Interleukin-5 and GM-CSF signaling	44
R-HSA-8984722	Interleukin-35 Signalling	12
R-HSA-9008059	Interleukin-37 signaling	20
R-HSA-6785807	Interleukin-4 and Interleukin-13 signaling	101
R-HSA-6783589	Interleukin-6 family signaling	24
R-HSA-1059683	Interleukin-6 signaling	11
R-HSA-1266695	Interleukin-7 signaling	20
R-HSA-6811442	Intra-Golgi and retrograde Golgi-to-ER traffic	193
R-HSA-6811438	Intra-Golgi traffic	42
R-HSA-9006925	Intracellular signaling by second messengers	288
R-HSA-5620924	Intraflagellar transport	43
R-HSA-109606	Intrinsic Pathway for Apoptosis	51
R-HSA-1296065	Inwardly rectifying K+ channels	34
R-HSA-983712	Ion channel transport	170
R-HSA-5578775	Ion homeostasis	51
R-HSA-936837	Ion transport by P-type ATPases	51
R-HSA-917937	Iron uptake and transport	55
R-HSA-450321	JNK (c-Jun kinases) phosphorylation and  activation mediated by activated human TAK1	19
R-HSA-5689877	Josephin domain DUBs	10
R-HSA-9755511	KEAP1-NFE2L2 pathway	107
R-HSA-450604	KSRP (KHSRP) binds and destabilizes mRNA	17
R-HSA-2022854	Keratan sulfate biosynthesis	28
R-HSA-2022857	Keratan sulfate degradation	15
R-HSA-1638074	Keratan sulfate/keratin metabolism	36
R-HSA-6805567	Keratinization	215
R-HSA-74182	Ketone body metabolism	10
R-HSA-9830369	Kidney development	45
R-HSA-9664420	Killing mechanisms	11
R-HSA-983189	Kinesins	57
R-HSA-156827	L13a-mediated translational silencing of Ceruloplasmin expression	103
R-HSA-373760	L1CAM interactions	107
R-HSA-8964038	LDL clearance	19
R-HSA-5682910	LGI-ADAM interactions	14
R-HSA-69186	Lagging Strand Synthesis	19
R-HSA-3000157	Laminin interactions	28
R-HSA-9969896	Lanosterol biosynthesis	13
R-HSA-162599	Late Phase of HIV Life Cycle	126
R-HSA-9772573	Late SARS-CoV-2 Infection Events	71
R-HSA-9615710	Late endosomal microautophagy	33
R-HSA-69109	Leading Strand Synthesis	13
R-HSA-9658195	Leishmania infection	155
R-HSA-9664433	Leishmania parasite growth and survival	73
R-HSA-9664417	Leishmania phagocytosis	57
R-HSA-9037629	Lewis blood group biosynthesis	15
R-HSA-8876384	Listeria monocytogenes entry into host cells	19
R-HSA-9620244	Long-term potentiation	21
R-HSA-380259	Loss of Nlp from mitotic centrosomes	62
R-HSA-9005891	Loss of function of MECP2 in Rett syndrome	11
R-HSA-380284	Loss of proteins required for interphase microtubule organization from the centrosome	62
R-HSA-71064	Lysine catabolism	12
R-HSA-432720	Lysosome Vesicle Biogenesis	33
R-HSA-68886	M Phase	312
R-HSA-9820841	M-decay: degradation of maternal mRNAs by maternally stored factors	43
R-HSA-450294	MAP kinase activation	58
R-HSA-5674135	MAP2K and MAPK activation	37
R-HSA-5684264	MAP3K8 (TPL2)-dependent MAPK1/3 activation	15
R-HSA-5683057	MAPK family signaling cascades	292
R-HSA-450282	MAPK targets/ Nuclear events mediated by MAP kinases	29
R-HSA-5684996	MAPK1/MAPK3 signaling	253
R-HSA-110056	MAPK3 (ERK1) activation	10
R-HSA-5687128	MAPK6/MAPK4 signaling	73
R-HSA-2465910	MASTL Facilitates Mitotic Progression	10
R-HSA-9022699	MECP2 regulates neuronal receptors and channels	17
R-HSA-8874081	MET activates PTK2 signaling	29
R-HSA-8875555	MET activates RAP1 and RAC1	11
R-HSA-8851805	MET activates RAS signaling	11
R-HSA-8875878	MET promotes cell motility	40
R-HSA-8875656	MET receptor recycling	10
R-HSA-2132295	MHC class II antigen presentation	107
R-HSA-9856651	MITF-M-dependent gene expression	106
R-HSA-9730414	MITF-M-regulated melanocyte development	148
R-HSA-9841922	MLL4 and MLL3 complexes regulate expression of PPARG target genes in adipogenesis and hepatic steatosis	70
R-HSA-165159	MTOR signalling	49
R-HSA-1632852	Macroautophagy	132
R-HSA-6791226	Major pathway of rRNA processing in the nucleolus and cytosol	165
R-HSA-9816359	Maternal to zygotic transition (MZT)	70
R-HSA-9918432	Maturation of DENV proteins	51
R-HSA-9854311	Maturation of TCA enzymes and regulation of TCA cycle	16
R-HSA-9828806	Maturation of hRSV A proteins	13
R-HSA-9683610	Maturation of nucleoprotein_9683610	11
R-HSA-9694631	Maturation of nucleoprotein_9694631	15
R-HSA-9694548	Maturation of spike protein_9694548	39
R-HSA-9856532	Mechanical load activates signaling by PIEZO1 and integrins in osteocytes	16
R-HSA-1500620	Meiosis	55
R-HSA-912446	Meiotic recombination	25
R-HSA-1221632	Meiotic synapsis	31
R-HSA-174490	Membrane binding and targetting of GAG proteins	14
R-HSA-5579029	Metabolic disorders of biological oxidation enzymes	31
R-HSA-2022377	Metabolism of Angiotensinogen to Angiotensins	14
R-HSA-209776	Metabolism of amine-derived hormones	21
R-HSA-71291	Metabolism of amino acids and derivatives	326
R-HSA-71387	Metabolism of carbohydrates and carbohydrate derivatives	272
R-HSA-8978934	Metabolism of cofactors	23
R-HSA-6806667	Metabolism of fat-soluble vitamins	44
R-HSA-196757	Metabolism of folate and pterines	16
R-HSA-202131	Metabolism of nitric oxide: NOS3 activation and regulation	17
R-HSA-194441	Metabolism of non-coding RNA	50
R-HSA-15869	Metabolism of nucleotides	91
R-HSA-351202	Metabolism of polyamines	40
R-HSA-189445	Metabolism of porphyrins	27
R-HSA-196071	Metabolism of steroid hormones	31
R-HSA-8957322	Metabolism of steroids	145
R-HSA-196854	Metabolism of vitamins and cofactors	183
R-HSA-196849	Metabolism of water-soluble vitamins and cofactors	118
R-HSA-425410	Metal ion SLC transporters	40
R-HSA-5689901	Metalloprotease DUBs	16
R-HSA-5661231	Metallothioneins bind metals	11
R-HSA-156581	Methylation	13
R-HSA-203927	MicroRNA (miRNA) biogenesis	24
R-HSA-190840	Microtubule-dependent trafficking of connexons from Golgi to the plasma membrane	17
R-HSA-211958	Miscellaneous substrates	12
R-HSA-5223345	Miscellaneous transport and binding events	26
R-HSA-5358508	Mismatch Repair	15
R-HSA-5358606	Mismatch repair (MMR) directed by MSH2:MSH3 (MutSbeta)	14
R-HSA-5358565	Mismatch repair (MMR) directed by MSH2:MSH6 (MutSalpha)	14
R-HSA-77289	Mitochondrial Fatty Acid Beta-Oxidation	34
R-HSA-9836573	Mitochondrial RNA degradation	10
R-HSA-1592230	Mitochondrial biogenesis	65
R-HSA-8949215	Mitochondrial calcium ion transport	20
R-HSA-1362409	Mitochondrial iron-sulfur cluster biogenesis	12
R-HSA-9837999	Mitochondrial protein degradation	79
R-HSA-1268020	Mitochondrial protein import	52
R-HSA-9937383	Mitochondrial ribosome-associated quality control	82
R-HSA-379726	Mitochondrial tRNA aminoacylation	17
R-HSA-5368287	Mitochondrial translation	92
R-HSA-5389840	Mitochondrial translation elongation	82
R-HSA-5368286	Mitochondrial translation initiation	82
R-HSA-5419276	Mitochondrial translation termination	83
R-HSA-9841251	Mitochondrial unfolded protein response (UPRmt)	16
R-HSA-5205647	Mitophagy	34
R-HSA-68882	Mitotic Anaphase	202
R-HSA-453279	Mitotic G1 phase and G1/S transition	131
R-HSA-453274	Mitotic G2-G2/M phases	176
R-HSA-2555396	Mitotic Metaphase and Anaphase	203
R-HSA-68877	Mitotic Prometaphase	181
R-HSA-68875	Mitotic Prophase	76
R-HSA-69618	Mitotic Spindle Checkpoint	104
R-HSA-68884	Mitotic Telophase/Cytokinesis	10
R-HSA-9909505	Modulation of host responses by IFN-stimulated genes	17
R-HSA-2129379	Molecules associated with elastic fibres	36
R-HSA-2206281	Mucopolysaccharidoses	10
R-HSA-397014	Muscle contraction	192
R-HSA-975871	MyD88 cascade initiated on plasma membrane	90
R-HSA-5602498	MyD88 deficiency (TLR2/4)	16
R-HSA-975155	MyD88 dependent cascade initiated on endosome	94
R-HSA-166166	MyD88-independent TLR4 cascade	103
R-HSA-166058	MyD88:MAL(TIRAP) cascade initiated on plasma membrane	105
R-HSA-525793	Myogenesis	29
R-HSA-975577	N-Glycan antennae elongation	15
R-HSA-975576	N-glycan antennae elongation in the medial/trans-Golgi	26
R-HSA-532668	N-glycan trimming in the ER and Calnexin/Calreticulin cycle	33
R-HSA-375165	NCAM signaling for neurite out-growth	62
R-HSA-419037	NCAM1 interactions	41
R-HSA-168333	NEP/NS2 Interacts with the Cellular Export Machinery	30
R-HSA-933543	NF-kB activation through FADD/RIP-1 pathway mediated by caspase-8 and -10	11
R-HSA-209560	NF-kB is activated and signals survival	12
R-HSA-9818027	NFE2L2 regulating anti-oxidant/detoxification enzymes	20
R-HSA-9818030	NFE2L2 regulating tumorigenic genes	11
R-HSA-9031628	NGF-stimulated transcription	38
R-HSA-5676590	NIK-->noncanonical NF-kB signaling	42
R-HSA-168638	NOD1/2 Signaling Pathway	33
R-HSA-2122947	NOTCH1 Intracellular Domain Regulates Transcription	44
R-HSA-2979096	NOTCH2 Activation and Transmission of Signal to the Nucleus	21
R-HSA-2197563	NOTCH2 intracellular domain regulates transcription	11
R-HSA-9013507	NOTCH3 Activation and Transmission of Signal to the Nucleus	24
R-HSA-9013508	NOTCH3 Intracellular Domain Regulates Transcription	24
R-HSA-9013700	NOTCH4 Activation and Transmission of Signal to the Nucleus	10
R-HSA-9013695	NOTCH4 Intracellular Domain Regulates Transcription	18
R-HSA-9768919	NPAS4 regulates expression of target genes	20
R-HSA-9024446	NR1H2 and NR1H3-mediated signaling	45
R-HSA-9029569	NR1H3 & NR1H2 regulate gene expression linked to cholesterol transport and efflux	35
R-HSA-193648	NRAGE signals death through JNK	54
R-HSA-205043	NRIF signals cell death from the nucleus	16
R-HSA-168276	NS1 Mediated Effects on Host Pathways	41
R-HSA-8951664	Neddylation	215
R-HSA-164938	Nef-mediates down modulation of cell surface receptors by recruiting them to clathrin adapters	19
R-HSA-9764725	Negative Regulation of CDH1 Gene Transcription	31
R-HSA-9974237	Negative Regulation of DNA Double Strand Break Response	38
R-HSA-5250941	Negative epigenetic regulation of rRNA expression	44
R-HSA-5654726	Negative regulation of FGFR1 signaling	32
R-HSA-5654727	Negative regulation of FGFR2 signaling	33
R-HSA-5654732	Negative regulation of FGFR3 signaling	28
R-HSA-5654733	Negative regulation of FGFR4 signaling	30
R-HSA-9706369	Negative regulation of FLT3	15
R-HSA-5675221	Negative regulation of MAPK pathway	41
R-HSA-6807004	Negative regulation of MET activity	20
R-HSA-9617324	Negative regulation of NMDA receptor-mediated neuronal transmission	19
R-HSA-9604323	Negative regulation of NOTCH4 signaling	40
R-HSA-3772470	Negative regulation of TCF-dependent signaling by WNT ligand antagonists	15
R-HSA-8866904	Negative regulation of activity of TFAP2 (AP-2) family transcription factors	10
R-HSA-199418	Negative regulation of the PI3K/AKT network	117
R-HSA-936440	Negative regulators of DDX58/IFIH1 signaling	33
R-HSA-373753	Nephrin family interactions	19
R-HSA-9831926	Nephron development	13
R-HSA-373752	Netrin-1 signaling	42
R-HSA-6794361	Neurexins and neuroligins	52
R-HSA-8863678	Neurodegenerative Diseases	22
R-HSA-112316	Neuronal System	380
R-HSA-168799	Neurotoxicity of clostridium toxins	10
R-HSA-112314	Neurotransmitter receptors and postsynaptic signal transmission	187
R-HSA-112310	Neurotransmitter release cycle	46
R-HSA-6798695	Neutrophil degranulation	435
R-HSA-196807	Nicotinate metabolism	26
R-HSA-392154	Nitric oxide stimulates guanylate cyclase	19
R-HSA-427413	NoRC negatively regulates rRNA expression	42
R-HSA-9686114	Non-canonical inflammasome activation	14
R-HSA-3000171	Non-integrin membrane-ECM interactions	72
R-HSA-5693571	Nonhomologous End-Joining (NHEJ)	28
R-HSA-975957	Nonsense Mediated Decay (NMD) enhanced by the Exon Junction Complex (EJC)	107
R-HSA-975956	Nonsense Mediated Decay (NMD) independent of the Exon Junction Complex (EJC)	88
R-HSA-927802	Nonsense-Mediated Decay (NMD)	107
R-HSA-181430	Norepinephrine Neurotransmitter Release Cycle	16
R-HSA-350054	Notch-HLH transcription pathway	23
R-HSA-9937850	NuRD complex assembly	33
R-HSA-2995410	Nuclear Envelope (NE) Reassembly	70
R-HSA-2980766	Nuclear Envelope Breakdown	49
R-HSA-198725	Nuclear Events (kinase and transcription factor activation)	59
R-HSA-3301854	Nuclear Pore Complex (NPC) Disassembly	34
R-HSA-9930044	Nuclear RNA decay	31
R-HSA-383280	Nuclear Receptor transcription pathway	49
R-HSA-9759194	Nuclear events mediated by NFE2L2	84
R-HSA-9725371	Nuclear events stimulated by ALK signaling in cancer	33
R-HSA-180746	Nuclear import of Rev protein	32
R-HSA-1251985	Nuclear signaling by ERBB4	32
R-HSA-774815	Nucleosome assembly	22
R-HSA-5696398	Nucleotide Excision Repair	105
R-HSA-8956320	Nucleotide biosynthesis	12
R-HSA-8956319	Nucleotide catabolism	35
R-HSA-8956321	Nucleotide salvage	20
R-HSA-168643	Nucleotide-binding domain, leucine rich repeat containing receptor (NLR) signaling pathways	53
R-HSA-418038	Nucleotide-like (purinergic) receptors	13
R-HSA-5173214	O-glycosylation of TSR domain-containing proteins	35
R-HSA-5173105	O-linked glycosylation	110
R-HSA-913709	O-linked glycosylation of mucins	59
R-HSA-1480926	O2/CO2 exchange in erythrocytes	11
R-HSA-381753	Olfactory Signaling Pathway	370
R-HSA-2559585	Oncogene Induced Senescence	33
R-HSA-6802957	Oncogenic MAPK signaling	75
R-HSA-111885	Opioid Signalling	87
R-HSA-68949	Orc1 removal from chromatin	55
R-HSA-1852241	Organelle biogenesis and maintenance	266
R-HSA-879518	Organic anion transport by SLCO transporters	10
R-HSA-449836	Other interleukin signaling	24
R-HSA-416700	Other semaphorin interactions	18
R-HSA-5689896	Ovarian tumor domain proteases	35
R-HSA-2559580	Oxidative Stress Induced Senescence	62
R-HSA-1234176	Oxygen-dependent proline hydroxylation of Hypoxia-inducible Factor Alpha	48
R-HSA-5651801	PCNA-Dependent Long Patch Base Excision Repair	21
R-HSA-4086400	PCP/CE pathway	76
R-HSA-9931295	PD-L1(CD274) glycosylation and translocation to plasma membrane	20
R-HSA-210990	PECAM1 interactions	10
R-HSA-9954714	PELO:HBS1L and ABCE1 dissociate a ribosome on a non-stop mRNA	84
R-HSA-381042	PERK regulates gene expression	30
R-HSA-1483255	PI Metabolism	76
R-HSA-5654689	PI-3K cascade:FGFR1	21
R-HSA-5654695	PI-3K cascade:FGFR2	22
R-HSA-5654710	PI-3K cascade:FGFR3	17
R-HSA-5654720	PI-3K cascade:FGFR4	19
R-HSA-109704	PI3K Cascade	41
R-HSA-1963642	PI3K events in ERBB2 signaling	16
R-HSA-1250342	PI3K events in ERBB4 signaling	10
R-HSA-2219528	PI3K/AKT Signaling in Cancer	110
R-HSA-6811558	PI5P, PP2A and IER3 Regulate PI3K/AKT Signaling	110
R-HSA-5205685	PINK1-PRKN Mediated Mitophagy	29
R-HSA-1257604	PIP3 activates AKT signaling	251
R-HSA-5601884	PIWI-interacting RNA (piRNA) biogenesis	29
R-HSA-163615	PKA activation	18
R-HSA-164378	PKA activation in glucagon signalling	17
R-HSA-111931	PKA-mediated phosphorylation of CREB	19
R-HSA-3214841	PKMTs methylate histone lysines	35
R-HSA-9833482	PKR-mediated signaling	62
R-HSA-112043	PLC beta mediated events	46
R-HSA-2892247	POU5F1 (OCT4), SOX2, NANOG activate genes related to proliferation	10
R-HSA-1989781	PPARA activates gene expression	112
R-HSA-212300	PRC2 methylates histones and DNA	12
R-HSA-6807070	PTEN Regulation	119
R-HSA-8849471	PTK6 Regulates RHO GTPases, RAS GTPase and MAP kinases	14
R-HSA-9753281	Paracetamol ADME	29
R-HSA-6802955	Paradoxical activation of RAF signaling by kinase inactive BRAF	41
R-HSA-9664407	Parasite infection	57
R-HSA-9824443	Parasitic Infection Pathways	155
R-HSA-432047	Passive transport by Aquaporins	12
R-HSA-167290	Pausing and recovery of HIV elongation	28
R-HSA-167238	Pausing and recovery of Tat-mediated HIV elongation	26
R-HSA-71336	Pentose phosphate pathway	10
R-HSA-156902	Peptide chain elongation	83
R-HSA-209952	Peptide hormone biosynthesis	11
R-HSA-2980736	Peptide hormone metabolism	79
R-HSA-375276	Peptide ligand-binding receptors	189
R-HSA-390918	Peroxisomal lipid metabolism	27
R-HSA-9033241	Peroxisomal protein import	62
R-HSA-9005895	Pervasive developmental disorders	11
R-HSA-9664873	Pexophagy	11
R-HSA-5576892	Phase 0 - rapid depolarisation	31
R-HSA-5576893	Phase 2 - plateau phase	14
R-HSA-5576886	Phase 4 - resting membrane potential	19
R-HSA-211945	Phase I - Functionalization of compounds	97
R-HSA-156580	Phase II - Conjugation of compounds	102
R-HSA-8963691	Phenylalanine and tyrosine metabolism	10
R-HSA-5654219	Phospholipase C-mediated cascade: FGFR1	16
R-HSA-5654221	Phospholipase C-mediated cascade; FGFR2	17
R-HSA-5654227	Phospholipase C-mediated cascade; FGFR3	12
R-HSA-5654228	Phospholipase C-mediated cascade; FGFR4	14
R-HSA-1483257	Phospholipid metabolism	187
R-HSA-9931510	Phosphorylated BMAL1:CLOCK (ARNTL:CLOCK) activates expression of core clock genes	20
R-HSA-9931530	Phosphorylation and nuclear translocation of the CRY:PER:kinase complex	13
R-HSA-202427	Phosphorylation of CD3 and TCR zeta chains	11
R-HSA-9931512	Phosphorylation of CLOCK, acetylation of BMAL1 (ARNTL) at target gene promoters	10
R-HSA-176412	Phosphorylation of the APC/C	20
R-HSA-5578768	Physiological factors	14
R-HSA-8963898	Plasma lipoprotein assembly	19
R-HSA-174824	Plasma lipoprotein assembly, remodeling, and clearance	73
R-HSA-8964043	Plasma lipoprotein clearance	37
R-HSA-8963899	Plasma lipoprotein remodeling	32
R-HSA-75892	Platelet Adhesion to exposed collagen	16
R-HSA-76009	Platelet Aggregation (Plug Formation)	38
R-HSA-76002	Platelet activation, signaling and aggregation	243
R-HSA-418360	Platelet calcium homeostasis	26
R-HSA-114608	Platelet degranulation	113
R-HSA-418346	Platelet homeostasis	80
R-HSA-432142	Platelet sensitization by LDL	16
R-HSA-156711	Polo-like kinase mediated events	16
R-HSA-69091	Polymerase switching	13
R-HSA-174411	Polymerase switching on the C-strand of the telomere	23
R-HSA-9764790	Positive Regulation of CDH1 Gene Transcription	12
R-HSA-5250913	Positive epigenetic regulation of rRNA expression	41
R-HSA-438064	Post NMDA receptor activation events	73
R-HSA-389977	Post-chaperonin tubulin folding pathway	21
R-HSA-163125	Post-translational modification: synthesis of GPI-anchored proteins	83
R-HSA-8957275	Post-translational protein phosphorylation	99
R-HSA-9615933	Postmitotic nuclear pore complex (NPC) reformation	26
R-HSA-622327	Postsynaptic nicotinic acetylcholine receptors	14
R-HSA-1296071	Potassium Channels	101
R-HSA-9679191	Potential therapeutics for SARS	90
R-HSA-1912422	Pre-NOTCH Expression and Processing	48
R-HSA-1912420	Pre-NOTCH Processing in Golgi	17
R-HSA-1912408	Pre-NOTCH Transcription and Translation	32
R-HSA-9757110	Prednisone ADME	10
R-HSA-389957	Prefoldin mediated transfer of substrate  to CCT/TriC	25
R-HSA-196108	Pregnenolone biosynthesis	10
R-HSA-112308	Presynaptic depolarization and calcium channel opening	12
R-HSA-500657	Presynaptic function of Kainate receptors	21
R-HSA-622323	Presynaptic nicotinic acetylcholine receptors	12
R-HSA-5693616	Presynaptic phase of homologous DNA pairing and strand exchange	38
R-HSA-3215018	Processing and activation of SUMO	10
R-HSA-72203	Processing of Capped Intron-Containing Pre-mRNA	263
R-HSA-75067	Processing of Capped Intronless Pre-mRNA	28
R-HSA-5693607	Processing of DNA double-strand break ends	57
R-HSA-77595	Processing of Intronless Pre-mRNAs	19
R-HSA-8949664	Processing of SMDT1	13
R-HSA-9979719	Processing of antigen in germinal center B cells	77
R-HSA-174414	Processive synthesis on the C-strand of the telomere	19
R-HSA-69183	Processive synthesis on the lagging strand	14
R-HSA-5357801	Programmed Cell Death	178
R-HSA-1170546	Prolactin receptor signaling	15
R-HSA-169893	Prolonged ERK activation events	14
R-HSA-392851	Prostacyclin signalling through prostacyclin receptor	19
R-HSA-9907900	Proteasome assembly	46
R-HSA-391251	Protein folding	90
R-HSA-9629569	Protein hydroxylation	17
R-HSA-9857492	Protein lipoylation	10
R-HSA-9609507	Protein localization	144
R-HSA-8876725	Protein methylation	13
R-HSA-8852135	Protein ubiquitination	57
R-HSA-6794362	Protein-protein interactions at synapses	77
R-HSA-74259	Purine catabolism	17
R-HSA-74217	Purine salvage	11
R-HSA-9660826	Purinergic signaling in leishmaniasis infection	26
R-HSA-73621	Pyrimidine catabolism	12
R-HSA-73614	Pyrimidine salvage	10
R-HSA-5620971	Pyroptosis	25
R-HSA-70268	Pyruvate metabolism	46
R-HSA-5365859	RA biosynthesis pathway	21
R-HSA-8876198	RAB GEFs exchange GTP for GDP on RABs	81
R-HSA-8873719	RAB geranylgeranylation	56
R-HSA-9013149	RAC1 GTPase cycle	168
R-HSA-9013404	RAC2 GTPase cycle	78
R-HSA-9013423	RAC3 GTPase cycle	82
R-HSA-5673000	RAF activation	32
R-HSA-112409	RAF-independent MAPK1/3 activation	22
R-HSA-5673001	RAF/MAP kinase cascade	247
R-HSA-9648002	RAS processing	23
R-HSA-8853659	RET signaling	40
R-HSA-195258	RHO GTPase Effectors	245
R-HSA-9012999	RHO GTPase cycle	411
R-HSA-5663220	RHO GTPases Activate Formins	128
R-HSA-5668599	RHO GTPases Activate NADPH Oxidases	22
R-HSA-5627117	RHO GTPases Activate ROCKs	19
R-HSA-5663213	RHO GTPases Activate WASPs and WAVEs	34
R-HSA-5625900	RHO GTPases activate CIT	19
R-HSA-5626467	RHO GTPases activate IQGAPs	29
R-HSA-5625970	RHO GTPases activate KTN1	11
R-HSA-5627123	RHO GTPases activate PAKs	19
R-HSA-5625740	RHO GTPases activate PKNs	33
R-HSA-8980692	RHOA GTPase cycle	134
R-HSA-9013026	RHOB GTPase cycle	63
R-HSA-9706574	RHOBTB GTPase Cycle	33
R-HSA-9013422	RHOBTB1 GTPase cycle	22
R-HSA-9013418	RHOBTB2 GTPase cycle	21
R-HSA-9013106	RHOC GTPase cycle	67
R-HSA-9013405	RHOD GTPase cycle	47
R-HSA-9035034	RHOF GTPase cycle	39
R-HSA-9013408	RHOG GTPase cycle	68
R-HSA-9013407	RHOH GTPase cycle	35
R-HSA-9013409	RHOJ GTPase cycle	49
R-HSA-9013406	RHOQ GTPase cycle	57
R-HSA-9013420	RHOU GTPase cycle	36
R-HSA-9013424	RHOV GTPase cycle	36
R-HSA-1810476	RIP-mediated NFkB activation via ZBP1	16
R-HSA-5213460	RIPK1-mediated regulated necrosis	28
R-HSA-3214858	RMTs methylate histone arginines	29
R-HSA-77075	RNA Pol II CTD phosphorylation and interaction with CE	26
R-HSA-167160	RNA Pol II CTD phosphorylation and interaction with CE during HIV infection	26
R-HSA-73772	RNA Polymerase I Promoter Escape	27
R-HSA-73864	RNA Polymerase I Transcription	44
R-HSA-73762	RNA Polymerase I Transcription Initiation	41
R-HSA-73863	RNA Polymerase I Transcription Termination	26
R-HSA-167162	RNA Polymerase II HIV Promoter Escape	44
R-HSA-674695	RNA Polymerase II Pre-transcription Events	72
R-HSA-73776	RNA Polymerase II Promoter Escape	44
R-HSA-75955	RNA Polymerase II Transcription Elongation	51
R-HSA-75953	RNA Polymerase II Transcription Initiation	44
R-HSA-76042	RNA Polymerase II Transcription Initiation And Promoter Clearance	44
R-HSA-73779	RNA Polymerase II Transcription Pre-Initiation And Promoter Opening	44
R-HSA-73856	RNA Polymerase II Transcription Termination	28
R-HSA-749476	RNA Polymerase III Abortive And Retractive Initiation	41
R-HSA-73780	RNA Polymerase III Chain Elongation	18
R-HSA-74158	RNA Polymerase III Transcription	41
R-HSA-76046	RNA Polymerase III Transcription Initiation	36
R-HSA-76061	RNA Polymerase III Transcription Initiation From Type 1 Promoter	28
R-HSA-76066	RNA Polymerase III Transcription Initiation From Type 2 Promoter	27
R-HSA-76071	RNA Polymerase III Transcription Initiation From Type 3 Promoter	28
R-HSA-73980	RNA Polymerase III Transcription Termination	23
R-HSA-6807505	RNA polymerase II transcribes snRNA genes	69
R-HSA-9696273	RND1 GTPase cycle	40
R-HSA-9696270	RND2 GTPase cycle	39
R-HSA-9696264	RND3 GTPase cycle	40
R-HSA-9933387	RORA,B,C and NR1D1 (REV-ERBA) regulate gene expression	24
R-HSA-1222556	ROS and RNS production in phagocytes	34
R-HSA-9833110	RSV-host interactions	87
R-HSA-8939243	RUNX1 interacts with co-factors whose precise effect on RUNX1 targets is not known	35
R-HSA-8936459	RUNX1 regulates genes involved in megakaryocyte differentiation and platelet function	35
R-HSA-8939236	RUNX1 regulates transcription of genes involved in differentiation of HSCs	53
R-HSA-8941326	RUNX2 regulates bone development	29
R-HSA-8940973	RUNX2 regulates osteoblast differentiation	22
R-HSA-8941856	RUNX3 regulates NOTCH signaling	13
R-HSA-9007101	Rab regulation of trafficking	112
R-HSA-392517	Rap1 signalling	16
R-HSA-442982	Ras activation upon Ca2+ influx through NMDA receptor	18
R-HSA-975578	Reactions specific to the complex N-glycan synthesis pathway	10
R-HSA-388844	Receptor-type tyrosine-protein phosphatases	16
R-HSA-110330	Recognition and association of DNA glycosylase with site containing an affected purine	10
R-HSA-110328	Recognition and association of DNA glycosylase with site containing an affected pyrimidine	15
R-HSA-110314	Recognition of DNA damage by PCNA-containing replication complex	29
R-HSA-5693565	Recruitment and ATM-mediated phosphorylation of repair and signaling proteins at DNA double strand breaks	37
R-HSA-380320	Recruitment of NuMA to mitotic centrosomes	85
R-HSA-380270	Recruitment of mitotic centrosome proteins and complexes	74
R-HSA-159418	Recycling of bile acids and salts	18
R-HSA-437239	Recycling pathway of L1	40
R-HSA-418359	Reduction of cytosolic Ca++ levels	11
R-HSA-5218859	Regulated Necrosis	53
R-HSA-193692	Regulated proteolysis of p75NTR	11
R-HSA-3371378	Regulation by c-FLIP	11
R-HSA-176408	Regulation of APC/C activators between G1/S and early anaphase	65
R-HSA-169911	Regulation of Apoptosis	37
R-HSA-9708530	Regulation of BACH1 activity	11
R-HSA-9764265	Regulation of CDH1 Expression and Function	134
R-HSA-9764561	Regulation of CDH1 Function	56
R-HSA-9764560	Regulation of CDH1 Gene Transcription	41
R-HSA-9764562	Regulation of CDH1 mRNA translation by microRNAs	11
R-HSA-9768727	Regulation of CDH1 posttranslational processing and trafficking to plasma membrane	31
R-HSA-9759475	Regulation of CDH11 Expression and Function	27
R-HSA-9762292	Regulation of CDH11 function	10
R-HSA-9762293	Regulation of CDH11 gene transcription	10
R-HSA-977606	Regulation of Complement cascade	41
R-HSA-9764274	Regulation of Expression and Function of Type I Classical Cadherins	134
R-HSA-9764260	Regulation of Expression and Function of Type II Classical Cadherins	30
R-HSA-4641263	Regulation of FZD by ubiquitination	21
R-HSA-170822	Regulation of Glucokinase by Glucokinase Regulatory Protein	30
R-HSA-3371453	Regulation of HSF1-mediated heat shock response	75
R-HSA-9759476	Regulation of Homotypic Cell-Cell Adhesion	149
R-HSA-912694	Regulation of IFNA/IFNB signaling	25
R-HSA-877312	Regulation of IFNG signaling	14
R-HSA-381426	Regulation of Insulin-like Growth Factor (IGF) transport and uptake by Insulin-like Growth Factor Binding Proteins (IGFBPs)	116
R-HSA-1433559	Regulation of KIT signaling	16
R-HSA-9022692	Regulation of MECP2 expression and activity	29
R-HSA-9824594	Regulation of MITF-M-dependent genes involved in apoptosis	18
R-HSA-9825892	Regulation of MITF-M-dependent genes involved in cell cycle and proliferation	18
R-HSA-9926550	Regulation of MITF-M-dependent genes involved in extracellular matrix, focal adhesion and epithelial-to-mesenchymal transition	12
R-HSA-9857377	Regulation of MITF-M-dependent genes involved in lysosome biogenesis and autophagy	16
R-HSA-9824585	Regulation of MITF-M-dependent genes involved in pigmentation	41
R-HSA-9758274	Regulation of NF-kappa B signaling	17
R-HSA-9768759	Regulation of NPAS4 gene expression	13
R-HSA-9909615	Regulation of PD-L1(CD274) Post-translational modification	80
R-HSA-9909648	Regulation of PD-L1(CD274) expression	128
R-HSA-9909649	Regulation of PD-L1(CD274) transcription	41
R-HSA-2565942	Regulation of PLK1 Activity at G2/M Transition	80
R-HSA-8943724	Regulation of PTEN gene transcription	58
R-HSA-8943723	Regulation of PTEN mRNA translation	11
R-HSA-8948751	Regulation of PTEN stability and activity	50
R-HSA-5658442	Regulation of RAS by GAPs	51
R-HSA-8934593	Regulation of RUNX1 Expression and Activity	17
R-HSA-8939902	Regulation of RUNX2 expression and activity	56
R-HSA-8941858	Regulation of RUNX3 expression and activity	42
R-HSA-388841	Regulation of T cell activation by CD28 family	185
R-HSA-9824878	Regulation of TBK1, IKKε (IKBKE)-mediated activation of IRF3, IRF7	14
R-HSA-9828211	Regulation of TBK1, IKKε-mediated activation of IRF3, IRF7 upon TLR3 ligation	11
R-HSA-5686938	Regulation of TLR by endogenous ligand	20
R-HSA-5357905	Regulation of TNFR1 signaling	42
R-HSA-5633007	Regulation of TP53 Activity	151
R-HSA-6804758	Regulation of TP53 Activity through Acetylation	28
R-HSA-6804759	Regulation of TP53 Activity through Association with Co-factors	14
R-HSA-6804760	Regulation of TP53 Activity through Methylation	17
R-HSA-6804756	Regulation of TP53 Activity through Phosphorylation	88
R-HSA-6804757	Regulation of TP53 Degradation	35
R-HSA-6806003	Regulation of TP53 Expression and Degradation	36
R-HSA-2029482	Regulation of actin dynamics for phagocytic cup formation	59
R-HSA-211733	Regulation of activated PAK-2p34 by proteasome mediated degradation	34
R-HSA-186712	Regulation of beta-cell development	41
R-HSA-1655829	Regulation of cholesterol biosynthesis by SREBP (SREBF)	53
R-HSA-9769739	Regulation of clotting cascade	46
R-HSA-428542	Regulation of commissural axon pathfinding by SLIT and ROBO	10
R-HSA-9842860	Regulation of endogenous retroelements	78
R-HSA-9843940	Regulation of endogenous retroelements by KRAB-ZFP proteins	47
R-HSA-9845323	Regulation of endogenous retroelements by Piwi-interacting RNAs (piRNAs)	36
R-HSA-9010553	Regulation of expression of SLITs and ROBOs	144
R-HSA-1234158	Regulation of gene expression by Hypoxia-inducible Factor	11
R-HSA-210745	Regulation of gene expression in beta cells	21
R-HSA-210744	Regulation of gene expression in late stage (branching morphogenesis) pancreatic bud precursor cells	15
R-HSA-9634600	Regulation of glycolysis by fructose 2,6-bisphosphate metabolism	11
R-HSA-3134975	Regulation of innate immune responses to cytosolic DNA	14
R-HSA-422356	Regulation of insulin secretion	76
R-HSA-400206	Regulation of lipid metabolism by PPARalpha	114
R-HSA-9614399	Regulation of localization of FOXO transcription factors	11
R-HSA-450531	Regulation of mRNA stability by proteins that bind AU-rich elements	72
R-HSA-453276	Regulation of mitotic cell cycle	72
R-HSA-5675482	Regulation of necroptotic cell death	28
R-HSA-350562	Regulation of ornithine decarboxylase (ODC)	35
R-HSA-204174	Regulation of pyruvate dehydrogenase (PDH) complex	13
R-HSA-9861718	Regulation of pyruvate metabolism	31
R-HSA-912631	Regulation of signaling by CBL	21
R-HSA-1433617	Regulation of signaling by NODAL	10
R-HSA-9627069	Regulation of the apoptosome activity	10
R-HSA-69166	Removal of the Flap Intermediate	13
R-HSA-174437	Removal of the Flap Intermediate from the C-strand	17
R-HSA-4641265	Repression of WNT target genes	13
R-HSA-1474165	Reproduction	92
R-HSA-110373	Resolution of AP sites via the multiple-nucleotide patch replacement pathway	24
R-HSA-73933	Resolution of Abasic Sites (AP sites)	37
R-HSA-5693537	Resolution of D-Loop Structures	33
R-HSA-5693568	Resolution of D-loop Structures through Holliday Junction Intermediates	32
R-HSA-5693554	Resolution of D-loop Structures through Synthesis-Dependent Strand Annealing (SDSA)	25
R-HSA-2500257	Resolution of Sister Chromatid Cohesion	112
R-HSA-9820952	Respiratory Syncytial Virus Infection Pathway	109
R-HSA-611105	Respiratory electron transport	131
R-HSA-9820960	Respiratory syncytial virus (RSV) attachment and entry	21
R-HSA-9820965	Respiratory syncytial virus (RSV) genome replication, transcription and translation	16
R-HSA-9648895	Response of EIF2AK1 (HRI) to heme deficiency	14
R-HSA-9633012	Response of EIF2AK4 (GCN2) to amino acid deficiency	93
R-HSA-9637690	Response of Mtb to phagocytosis	21
R-HSA-9860931	Response of endothelial cells to shear stress	89
R-HSA-76005	Response to elevated platelet cytosolic Ca2+	118
R-HSA-5660526	Response to metal ions	14
R-HSA-2453864	Retinoid cycle disease events	11
R-HSA-975634	Retinoid metabolism and transport	40
R-HSA-177504	Retrograde neurotrophin signalling	14
R-HSA-6811440	Retrograde transport at the Trans-Golgi-Network	45
R-HSA-165054	Rev-mediated nuclear export of HIV RNA	33
R-HSA-1475029	Reversible hydration of carbon dioxide	11
R-HSA-9755088	Ribavirin ADME	11
R-HSA-72702	Ribosomal scanning and start codon recognition	53
R-HSA-9954709	Ribosome Quality Control (RQC) complex extracts and degrades nascent peptide	94
R-HSA-9948299	Ribosome-associated quality control	132
R-HSA-2730905	Role of LAT2/NTAL/LAB on calcium mobilization	15
R-HSA-2029485	Role of phospholipids in phagocytosis	21
R-HSA-69242	S Phase	142
R-HSA-9679506	SARS-CoV Infections	385
R-HSA-9678108	SARS-CoV-1 Infection	135
R-HSA-9692916	SARS-CoV-1 activates/modulates innate immune responses	39
R-HSA-9735869	SARS-CoV-1 modulates host translation machinery	33
R-HSA-9735871	SARS-CoV-1 targets host intracellular signalling and regulatory pathways	16
R-HSA-9692914	SARS-CoV-1-host interactions	91
R-HSA-9694516	SARS-CoV-2 Infection	272
R-HSA-9705671	SARS-CoV-2 activates/modulates innate and adaptive immune responses	108
R-HSA-9754560	SARS-CoV-2 modulates autophagy	11
R-HSA-9754678	SARS-CoV-2 modulates host translation machinery	45
R-HSA-9755779	SARS-CoV-2 targets host intracellular signalling and regulatory pathways	12
R-HSA-9705683	SARS-CoV-2-host interactions	178
R-HSA-187577	SCF(Skp2)-mediated degradation of p27/p21	46
R-HSA-174113	SCF-beta-TrCP mediated degradation of Emi1	39
R-HSA-399955	SEMA3A-Plexin repulsion signaling by inhibiting Integrin adhesion	13
R-HSA-5654688	SHC-mediated cascade:FGFR1	21
R-HSA-5654699	SHC-mediated cascade:FGFR2	22
R-HSA-5654704	SHC-mediated cascade:FGFR3	17
R-HSA-5654719	SHC-mediated cascade:FGFR4	19
R-HSA-180336	SHC1 events in EGFR signaling	14
R-HSA-1250196	SHC1 events in ERBB2 signaling	22
R-HSA-1250347	SHC1 events in ERBB4 signaling	14
R-HSA-77588	SLBP Dependent Processing of Replication-Dependent Histone Pre-mRNAs	11
R-HSA-111367	SLBP independent Processing of Histone Pre-mRNAs	10
R-HSA-5619102	SLC transporter disorders	90
R-HSA-425407	SLC-mediated transmembrane transport	224
R-HSA-9958863	SLC-mediated transport of amino acids	33
R-HSA-9958790	SLC-mediated transport of inorganic anions	34
R-HSA-442660	SLC-mediated transport of neurotransmitters	20
R-HSA-9955298	SLC-mediated transport of organic anions	35
R-HSA-549127	SLC-mediated transport of organic cations	14
R-HSA-2173796	SMAD2/SMAD3:SMAD4 heterotrimer regulates transcription	35
R-HSA-9929491	SPOP-mediated proteasomal degradation of PD-L1(CD274)	42
R-HSA-9958810	SRC activates STAT3 in a quantitative manner, through Cadherin-11 (CDH11), RAC1 and gp130 (IL6ST)	23
R-HSA-1799339	SRP-dependent cotranslational protein targeting to membrane	102
R-HSA-9701898	STAT3 nuclear events downstream of ALK signaling	10
R-HSA-9702518	STAT5 activation downstream of FLT3 ITD mutants	10
R-HSA-1834941	STING mediated induction of host immune responses	12
R-HSA-3108232	SUMO E3 ligases SUMOylate target proteins	154
R-HSA-2990846	SUMOylation	160
R-HSA-3108214	SUMOylation of DNA damage response and repair proteins	69
R-HSA-4655427	SUMOylation of DNA methylation proteins	15
R-HSA-4615885	SUMOylation of DNA replication proteins	44
R-HSA-4570464	SUMOylation of RNA binding proteins	44
R-HSA-4085377	SUMOylation of SUMOylation proteins	33
R-HSA-4551638	SUMOylation of chromatin organization proteins	53
R-HSA-4755510	SUMOylation of immune response proteins	11
R-HSA-4090294	SUMOylation of intracellular receptors	29
R-HSA-3899300	SUMOylation of transcription cofactors	40
R-HSA-3232118	SUMOylation of transcription factors	20
R-HSA-3232142	SUMOylation of ubiquitinylation proteins	36
R-HSA-9932451	SWI/SNF chromatin remodelers	29
R-HSA-3000480	Scavenging by Class A Receptors	19
R-HSA-3000471	Scavenging by Class B Receptors	10
R-HSA-2168880	Scavenging of heme from plasma	11
R-HSA-9668328	Sealing of the nuclear envelope (NE) by ESCRT-III	28
R-HSA-9663891	Selective autophagy	81
R-HSA-2408522	Selenoamino acid metabolism	102
R-HSA-2408557	Selenocysteine synthesis	86
R-HSA-399954	Sema3A PAK dependent Axon repulsion	14
R-HSA-400685	Sema4D in semaphorin signaling	24
R-HSA-416572	Sema4D induced cell migration and growth-cone collapse	20
R-HSA-373755	Semaphorin interactions	61
R-HSA-2559582	Senescence-Associated Secretory Phenotype (SASP)	49
R-HSA-9717207	Sensory perception of sweet, bitter, and umami (glutamate) taste	40
R-HSA-9717189	Sensory perception of taste	46
R-HSA-9659379	Sensory processing of sound	69
R-HSA-9662360	Sensory processing of sound by inner hair cells of the cochlea	62
R-HSA-9662361	Sensory processing of sound by outer hair cells of the cochlea	49
R-HSA-2467813	Separation of Sister Chromatids	161
R-HSA-977347	Serine metabolism	11
R-HSA-181429	Serotonin Neurotransmitter Release Cycle	15
R-HSA-390666	Serotonin receptors	11
R-HSA-4085001	Sialic acid metabolism	32
R-HSA-392518	Signal amplification	33
R-HSA-74749	Signal attenuation	10
R-HSA-391160	Signal regulatory protein family interactions	15
R-HSA-445144	Signal transduction by L1	18
R-HSA-201556	Signaling by ALK	26
R-HSA-9725370	Signaling by ALK fusions and activated point mutants	87
R-HSA-9700206	Signaling by ALK in cancer	87
R-HSA-4839748	Signaling by AMER1 mutants	13
R-HSA-4839744	Signaling by APC mutants	13
R-HSA-4839735	Signaling by AXIN mutants	13
R-HSA-1502540	Signaling by Activin	17
R-HSA-201451	Signaling by BMP	30
R-HSA-6802952	Signaling by BRAF and RAF1 fusions	60
R-HSA-9680350	Signaling by CSF1 (M-CSF) in myeloid cells	30
R-HSA-9674555	Signaling by CSF3 (G-CSF)	28
R-HSA-4839743	Signaling by CTNNB1 phospho-site mutants	14
R-HSA-177929	Signaling by EGFR	52
R-HSA-1643713	Signaling by EGFR in Cancer	25
R-HSA-5637812	Signaling by EGFRvIII in Cancer	15
R-HSA-1227986	Signaling by ERBB2	49
R-HSA-9665348	Signaling by ERBB2 ECD mutants	15
R-HSA-9664565	Signaling by ERBB2 KD Mutants	24
R-HSA-9665686	Signaling by ERBB2 TMD/JMD mutants	21
R-HSA-1227990	Signaling by ERBB2 in Cancer	25
R-HSA-1236394	Signaling by ERBB4	57
R-HSA-9006335	Signaling by Erythropoietin	25
R-HSA-190236	Signaling by FGFR	87
R-HSA-1226099	Signaling by FGFR in disease	61
R-HSA-5654736	Signaling by FGFR1	51
R-HSA-5655302	Signaling by FGFR1 in disease	37
R-HSA-5654738	Signaling by FGFR2	72
R-HSA-8851708	Signaling by FGFR2 IIIa TM	19
R-HSA-5655253	Signaling by FGFR2 in disease	42
R-HSA-5654741	Signaling by FGFR3	39
R-HSA-5655332	Signaling by FGFR3 in disease	21
R-HSA-5654743	Signaling by FGFR4	40
R-HSA-5655291	Signaling by FGFR4 in disease	11
R-HSA-9703648	Signaling by FLT3 ITD and TKD mutants	16
R-HSA-9703465	Signaling by FLT3 fusion proteins	19
R-HSA-5339716	Signaling by GSK3beta mutants	14
R-HSA-5358351	Signaling by Hedgehog	130
R-HSA-2028269	Signaling by Hippo	19
R-HSA-74752	Signaling by Insulin receptor	77
R-HSA-449147	Signaling by Interleukins	419
R-HSA-9669938	Signaling by KIT in disease	19
R-HSA-2586552	Signaling by Leptin	11
R-HSA-5637815	Signaling by Ligand-Responsive EGFR Variants in Cancer	19
R-HSA-6806834	Signaling by MET	77
R-HSA-1181150	Signaling by NODAL	21
R-HSA-157118	Signaling by NOTCH	158
R-HSA-1980143	Signaling by NOTCH1	69
R-HSA-2691230	Signaling by NOTCH1 HD Domain Mutants in Cancer	14
R-HSA-2894858	Signaling by NOTCH1 HD+PEST Domain Mutants in Cancer	53
R-HSA-2644602	Signaling by NOTCH1 PEST Domain Mutants in Cancer	53
R-HSA-2644603	Signaling by NOTCH1 in Cancer	53
R-HSA-1980145	Signaling by NOTCH2	31
R-HSA-9012852	Signaling by NOTCH3	47
R-HSA-9013694	Signaling by NOTCH4	67
R-HSA-187037	Signaling by NTRK1 (TRKA)	112
R-HSA-9006115	Signaling by NTRK2 (TRKB)	25
R-HSA-9034015	Signaling by NTRK3 (TRKC)	17
R-HSA-166520	Signaling by NTRKs	131
R-HSA-9006927	Signaling by Non-Receptor Tyrosine Kinases	54
R-HSA-9006931	Signaling by Nuclear Receptors	225
R-HSA-186797	Signaling by PDGF	56
R-HSA-9671555	Signaling by PDGFR in disease	19
R-HSA-9673770	Signaling by PDGFRA extracellular domain mutants	11
R-HSA-9673767	Signaling by PDGFRA transmembrane, juxtamembrane and kinase domain mutants	11
R-HSA-8848021	Signaling by PTK6	54
R-HSA-9656223	Signaling by RAF1 mutants	38
R-HSA-6802949	Signaling by RAS mutants	41
R-HSA-376176	Signaling by ROBO receptors	188
R-HSA-5362517	Signaling by Retinoic Acid	37
R-HSA-1433557	Signaling by SCF-KIT	42
R-HSA-170834	Signaling by TGF-beta Receptor Complex	89
R-HSA-9006936	Signaling by TGFB family members	151
R-HSA-9839373	Signaling by TGFBR3	45
R-HSA-2404192	Signaling by Type 1 Insulin-like Growth Factor 1 Receptor (IGF1R)	50
R-HSA-194138	Signaling by VEGF	100
R-HSA-195721	Signaling by WNT	247
R-HSA-4791275	Signaling by WNT in cancer	32
R-HSA-1839122	Signaling by activated point mutants of FGFR1	11
R-HSA-1839130	Signaling by activated point mutants of FGFR3	11
R-HSA-1839117	Signaling by cytosolic FGFR1 fusion mutants	17
R-HSA-6802948	Signaling by high-kinase activity BRAF mutants	33
R-HSA-6802946	Signaling by moderate kinase activity BRAF mutants	41
R-HSA-9670439	Signaling by phosphorylated juxtamembrane, extracellular and kinase domain KIT mutants	19
R-HSA-983705	Signaling by the B Cell Receptor (BCR)	90
R-HSA-9649948	Signaling downstream of RAS mutants	41
R-HSA-187687	Signalling to ERKs	34
R-HSA-167044	Signalling to RAS	20
R-HSA-445355	Smooth Muscle Contraction	40
R-HSA-425561	Sodium/Calcium exchangers	11
R-HSA-9938024	Somatic hypermutation of immunoglobulin genes	153
R-HSA-9968297	Somatic hypermutation of immunoglobulin genes by error-prone base excision repair (BER)	18
R-HSA-9968295	Somatic hypermutation of immunoglobulin genes by error-prone mismatch repair (MMR)	22
R-HSA-9824272	Somitogenesis	42
R-HSA-9827857	Specification of primordial germ cells	11
R-HSA-9834899	Specification of the neural plate border	16
R-HSA-1660661	Sphingolipid de novo biosynthesis	36
R-HSA-428157	Sphingolipid metabolism	93
R-HSA-1295596	Spry regulation of FGF signaling	16
R-HSA-69541	Stabilization of p53	40
R-HSA-2672351	Stimuli-sensing channels	99
R-HSA-390522	Striated Muscle Contraction	34
R-HSA-1614635	Sulfur amino acid metabolism	26
R-HSA-9637687	Suppression of phagosomal maturation	13
R-HSA-5683826	Surfactant metabolism	27
R-HSA-69052	Switching of origins to a post-replicative state	76
R-HSA-8849932	Synaptic adhesion-like molecules	18
R-HSA-3000170	Syndecan interactions	25
R-HSA-174495	Synthesis And Processing Of GAG, GAGPOL Polyproteins	14
R-HSA-69239	Synthesis of DNA	104
R-HSA-1855183	Synthesis of IP2, IP, and Ins in the cytosol	13
R-HSA-1855204	Synthesis of IP3 and IP4 in the cytosol	25
R-HSA-2142691	Synthesis of Leukotrienes (LT) and Eoxins (EX)	19
R-HSA-1483166	Synthesis of PA	34
R-HSA-1483191	Synthesis of PC	25
R-HSA-1483213	Synthesis of PE	12
R-HSA-1660514	Synthesis of PIPs at the Golgi membrane	16
R-HSA-1660516	Synthesis of PIPs at the early endosome membrane	14
R-HSA-1660517	Synthesis of PIPs at the late endosome membrane	10
R-HSA-1660499	Synthesis of PIPs at the plasma membrane	46
R-HSA-2162123	Synthesis of Prostaglandins (PG) and Thromboxanes (TX)	14
R-HSA-8866652	Synthesis of active ubiquitin: roles of E1 and E2 enzymes	26
R-HSA-192105	Synthesis of bile acids and bile salts	34
R-HSA-193775	Synthesis of bile acids and bile salts via 24-hydroxycholesterol	13
R-HSA-193807	Synthesis of bile acids and bile salts via 27-hydroxycholesterol	14
R-HSA-193368	Synthesis of bile acids and bile salts via 7alpha-hydroxycholesterol	23
R-HSA-162710	Synthesis of glycosylphosphatidylinositol (GPI)	17
R-HSA-446219	Synthesis of substrates in N-glycan biosythesis	60
R-HSA-75876	Synthesis of very long-chain fatty acyl-CoAs	19
R-HSA-422085	Synthesis, secretion, and deacylation of Ghrelin	19
R-HSA-381771	Synthesis, secretion, and inactivation of Glucagon-like Peptide-1 (GLP-1)	20
R-HSA-400511	Synthesis, secretion, and inactivation of Glucose-dependent Insulinotropic Polypeptide (GIP)	12
R-HSA-445989	TAK1-dependent IKK and NF-kappa-B activation	40
R-HSA-8854214	TBC/RABGAPs	42
R-HSA-201681	TCF dependent signaling in response to WNT	153
R-HSA-202403	TCR signaling	87
R-HSA-8866910	TFAP2 (AP-2) family regulates transcription of growth factors and their receptors	12
R-HSA-2173789	TGF-beta receptor signaling activates SMADs	46
R-HSA-2173791	TGF-beta receptor signaling in EMT (epithelial to mesenchymal transition)	15
R-HSA-9839383	TGFBR3 PTM regulation	10
R-HSA-9839394	TGFBR3 expression	25
R-HSA-168927	TICAM1, RIP1-mediated IKK complex recruitment	18
R-HSA-9014325	TICAM1,TRAF6-dependent induction of TAK1 complex	10
R-HSA-9013973	TICAM1-dependent activation of IRF3/IRF7	13
R-HSA-5676594	TNF receptor superfamily (TNFSF) members mediating non-canonical NF-kB pathway	13
R-HSA-75893	TNF signaling	50
R-HSA-5357956	TNFR1-induced NF-kappa-B signaling pathway	28
R-HSA-5357786	TNFR1-induced proapoptotic signaling	23
R-HSA-5668541	TNFR2 non-canonical NF-kB pathway	77
R-HSA-5669034	TNFs bind their physiological receptors	25
R-HSA-5628897	TP53 Regulates Metabolic Genes	76
R-HSA-6803207	TP53 Regulates Transcription of Caspase Activators and Caspases	11
R-HSA-6791312	TP53 Regulates Transcription of Cell Cycle Genes	46
R-HSA-5633008	TP53 Regulates Transcription of Cell Death Genes	41
R-HSA-6796648	TP53 Regulates Transcription of DNA Repair Genes	55
R-HSA-6803211	TP53 Regulates Transcription of Death Receptors and Ligands	12
R-HSA-6803204	TP53 Regulates Transcription of Genes Involved in Cytochrome C Release	19
R-HSA-6804116	TP53 Regulates Transcription of Genes Involved in G1 Cell Cycle Arrest	14
R-HSA-6804114	TP53 Regulates Transcription of Genes Involved in G2 Cell Cycle Arrest	17
R-HSA-6804115	TP53 regulates transcription of additional cell cycle genes whose exact role in the p53 pathway remain uncertain	19
R-HSA-6803205	TP53 regulates transcription of several additional cell death genes whose specific roles in p53-dependent apoptosis remain uncertain	13
R-HSA-918233	TRAF3-dependent IRF activation pathway	14
R-HSA-933541	TRAF6 mediated IRF7 activation	29
R-HSA-975110	TRAF6 mediated IRF7 activation in TLR7/8 or 9 signaling	10
R-HSA-933542	TRAF6 mediated NF-kB activation	22
R-HSA-975138	TRAF6 mediated induction of NFkB and MAP kinases upon TLR7/8 or 9 activation	93
R-HSA-937072	TRAF6-mediated induction of TAK1 complex within TLR4 complex	15
R-HSA-937061	TRIF (TICAM1)-mediated TLR4 signaling	103
R-HSA-3295583	TRP channels	27
R-HSA-1296346	Tandem pore domain potassium channels	12
R-HSA-167243	Tat-mediated HIV elongation arrest and recovery	26
R-HSA-167246	Tat-mediated elongation of the HIV-1 transcript	37
R-HSA-174417	Telomere C-strand (Lagging Strand) Synthesis	31
R-HSA-174430	Telomere C-strand synthesis initiation	11
R-HSA-171319	Telomere Extension By Telomerase	22
R-HSA-157579	Telomere Maintenance	59
R-HSA-977068	Termination of O-glycan biosynthesis	23
R-HSA-5656169	Termination of translesion DNA synthesis	31
R-HSA-1474151	Tetrahydrobiopterin (BH4) synthesis, recycling, salvage and regulation	10
R-HSA-9931521	The CRY:PER:kinase complex represses transactivation by the BMAL:CLOCK (ARNTL:CLOCK) complex	13
R-HSA-844456	The NLRP3 inflammasome	16
R-HSA-2453902	The canonical retinoid cycle in rods (twilight vision)	22
R-HSA-2514856	The phototransduction cascade	32
R-HSA-8852276	The role of GTSE1 in G2/M progression after G2 checkpoint	59
R-HSA-164952	The role of Nef in HIV-1 replication and disease pathogenesis	26
R-HSA-456926	Thrombin signalling through proteinase activated receptors (PARs)	32
R-HSA-428930	Thromboxane signalling through TP receptor	24
R-HSA-209968	Thyroxine biosynthesis	14
R-HSA-210993	Tie2 Signaling	17
R-HSA-420029	Tight junction interactions	26
R-HSA-168142	Toll Like Receptor 10 (TLR10) Cascade	90
R-HSA-181438	Toll Like Receptor 2 (TLR2) Cascade	108
R-HSA-168164	Toll Like Receptor 3 (TLR3) Cascade	99
R-HSA-166016	Toll Like Receptor 4 (TLR4) Cascade	138
R-HSA-168176	Toll Like Receptor 5 (TLR5) Cascade	90
R-HSA-168181	Toll Like Receptor 7/8 (TLR7/8) Cascade	96
R-HSA-168138	Toll Like Receptor 9 (TLR9) Cascade	99
R-HSA-168179	Toll Like Receptor TLR1:TLR2 Cascade	108
R-HSA-168188	Toll Like Receptor TLR6:TLR2 Cascade	105
R-HSA-168898	Toll-like Receptor Cascades	157
R-HSA-1679131	Trafficking and processing of endosomal TLR	10
R-HSA-399719	Trafficking of AMPA receptors	28
R-HSA-416993	Trafficking of GluR2-containing AMPA receptors	14
R-HSA-1362277	Transcription of E2F targets under negative control by DREAM complex	18
R-HSA-1362300	Transcription of E2F targets under negative control by p107 (RBL1) and p130 (RBL2) in complex with HDAC1	15
R-HSA-167172	Transcription of the HIV genome	62
R-HSA-6781827	Transcription-Coupled Nucleotide Excision Repair (TC-NER)	74
R-HSA-8953750	Transcriptional Regulation by E2F6	30
R-HSA-8986944	Transcriptional Regulation by MECP2	58
R-HSA-9634815	Transcriptional Regulation by NPAS4	32
R-HSA-3700989	Transcriptional Regulation by TP53	330
R-HSA-8853884	Transcriptional Regulation by VENTX	38
R-HSA-2151201	Transcriptional activation of mitochondrial biogenesis	47
R-HSA-2173793	Transcriptional activity of SMAD2/SMAD3:SMAD4 heterotrimer	48
R-HSA-9856649	Transcriptional and post-translational regulation of MITF-M expression and activity	53
R-HSA-8878171	Transcriptional regulation by RUNX1	157
R-HSA-8878166	Transcriptional regulation by RUNX2	101
R-HSA-8878159	Transcriptional regulation by RUNX3	80
R-HSA-5578749	Transcriptional regulation by small RNAs	17
R-HSA-8864260	Transcriptional regulation by the AP-2 (TFAP2) family of transcription factors	34
R-HSA-9843743	Transcriptional regulation of brown and beige adipocyte differentiation	29
R-HSA-9844594	Transcriptional regulation of brown and beige adipocyte differentiation by EBF2	29
R-HSA-9616222	Transcriptional regulation of granulopoiesis	30
R-HSA-9945556	Transcriptional regulation of multiciliogenesis	26
R-HSA-452723	Transcriptional regulation of pluripotent stem cells	28
R-HSA-9690406	Transcriptional regulation of testis differentiation	12
R-HSA-381340	Transcriptional regulation of white adipocyte differentiation	80
R-HSA-917977	Transferrin endocytosis and recycling	28
R-HSA-72766	Translation	308
R-HSA-72649	Translation initiation complex formation	53
R-HSA-9679504	Translation of Replicase and Assembly of the Replication Transcription Complex_9679504	13
R-HSA-9694676	Translation of Replicase and Assembly of the Replication Transcription Complex_9694676	14
R-HSA-9683701	Translation of Structural Proteins_9683701	29
R-HSA-9694635	Translation of Structural Proteins_9694635	59
R-HSA-110320	Translesion Synthesis by POLH	18
R-HSA-5656121	Translesion synthesis by POLI	17
R-HSA-5655862	Translesion synthesis by POLK	17
R-HSA-110312	Translesion synthesis by REV1	16
R-HSA-110313	Translesion synthesis by Y family DNA polymerases bypasses lesions on DNA template	37
R-HSA-1445148	Translocation of SLC2A4 (GLUT4) to the plasma membrane	69
R-HSA-112315	Transmission across Chemical Synapses	247
R-HSA-72202	Transport of Mature Transcript to Cytoplasm	76
R-HSA-159231	Transport of Mature mRNA Derived from an Intronless Transcript	40
R-HSA-159236	Transport of Mature mRNA derived from an Intron-Containing Transcript	67
R-HSA-159234	Transport of Mature mRNAs Derived from Intronless Transcripts	41
R-HSA-168271	Transport of Ribonucleoproteins into the Host Nucleus	30
R-HSA-190872	Transport of connexons to the plasma membrane	18
R-HSA-83936	Transport of nucleosides and free purine and pyrimidine bases across the plasma membrane	10
R-HSA-159230	Transport of the SLBP Dependant Mature mRNA	34
R-HSA-159227	Transport of the SLBP independent Mature mRNA	33
R-HSA-425397	Transport of vitamins, nucleosides, and related molecules	28
R-HSA-948021	Transport to the Golgi and subsequent modification	181
R-HSA-75109	Triglyceride biosynthesis	12
R-HSA-163560	Triglyceride catabolism	23
R-HSA-8979227	Triglyceride metabolism	35
R-HSA-450513	Tristetraprolin (TTP, ZFP36) binds and destabilizes mRNA	17
R-HSA-5467348	Truncations of AMER1 destabilize the destruction complex	13
R-HSA-71240	Tryptophan catabolism	12
R-HSA-9860927	Turbulent (oscillatory, disturbed) flow shear stress activates signaling by PIEZO1 and integrins in endothelial cells	29
R-HSA-446107	Type I hemidesmosome assembly	11
R-HSA-5689603	UCH proteinases	66
R-HSA-5689880	Ub-specific processing proteases	148
R-HSA-2142789	Ubiquinol biosynthesis	11
R-HSA-69601	Ubiquitin-Mediated Degradation of Phosphorylated Cdc25A	48
R-HSA-75815	Ubiquitin-dependent degradation of Cyclin D	36
R-HSA-438066	Unblocking of NMDA receptors, glutamate binding and activation	18
R-HSA-381119	Unfolded Protein Response (UPR)	86
R-HSA-176974	Unwinding of DNA	12
R-HSA-5339562	Uptake and actions of bacterial toxins	28
R-HSA-5210891	Uptake and function of anthrax toxins	11
R-HSA-70635	Urea cycle	11
R-HSA-4420097	VEGFA-VEGFR2 Pathway	92
R-HSA-5218921	VEGFR2 mediated cell proliferation	18
R-HSA-5218920	VEGFR2 mediated vascular permeability	26
R-HSA-8866427	VLDLR internalisation and degradation	16
R-HSA-432040	Vasopressin regulates renal water homeostasis via Aquaporins	41
R-HSA-180585	Vif-mediated degradation of APOBEC3G	36
R-HSA-168325	Viral Messenger RNA Synthesis	42
R-HSA-192823	Viral mRNA Translation	83
R-HSA-2187338	Visual phototransduction	90
R-HSA-199220	Vitamin B5 (pantothenate) metabolism	19
R-HSA-196791	Vitamin D (calciferol) metabolism	12
R-HSA-1296072	Voltage gated Potassium channels	42
R-HSA-180910	Vpr-mediated nuclear import of PICs	32
R-HSA-180534	Vpu mediated degradation of CD4	36
R-HSA-5620916	VxPx cargo-targeting to cilium	20
R-HSA-3238698	WNT ligand biogenesis and trafficking	25
R-HSA-9673324	WNT5:FZD7-mediated leishmania damping	11
R-HSA-5140745	WNT5A-dependent internalization of FZD2, FZD5 and ROR2	13
R-HSA-5099900	WNT5A-dependent internalization of FZD4	15
R-HSA-381038	XBP1(S) activates chaperone genes	45
R-HSA-211981	Xenobiotics	24
R-HSA-2032785	YAP1- and WWTR1 (TAZ)-stimulated gene expression	14
R-HSA-9820865	Z-decay: degradation of maternal mRNAs by zygotically expressed factors	10
R-HSA-1606322	ZBP1(DAI) mediated induction of type I IFNs	20
R-HSA-9954716	ZNF598 and the Ribosome-associated Quality Trigger (RQT) complex dissociate a ribosome stalled on a no-go mRNA	90
R-HSA-435354	Zinc transporters	14
R-HSA-9819196	Zygotic genome activation (ZGA)	14
R-HSA-450302	activated TAK1 mediates p38 MAPK activation	20
R-HSA-2046104	alpha-linolenic (omega3) and linoleic (omega6) acid metabolism	12
R-HSA-2046106	alpha-linolenic acid (ALA) metabolism	12
R-HSA-418457	cGMP effects	15
R-HSA-203615	eNOS activation	13
R-HSA-72187	mRNA 3'-end processing	140
R-HSA-72086	mRNA Capping	28
R-HSA-75072	mRNA Editing	10
R-HSA-9770562	mRNA Polyadenylation	119
R-HSA-72172	mRNA Splicing	189
R-HSA-72163	mRNA Splicing - Major Pathway	182
R-HSA-72165	mRNA Splicing - Minor Pathway	48
R-HSA-429958	mRNA decay by 3' to 5' exoribonuclease	13
R-HSA-430039	mRNA decay by 5' to 3' exoribonuclease	14
R-HSA-166208	mTORC1-mediated signalling	22
R-HSA-77286	mitochondrial fatty acid beta-oxidation of saturated fatty acids	10
R-HSA-372708	p130Cas linkage to MAPK signaling for integrins	14
R-HSA-171007	p38MAPK events	13
R-HSA-69563	p53-Dependent G1 DNA Damage Response	49
R-HSA-69580	p53-Dependent G1/S DNA damage checkpoint	49
R-HSA-69613	p53-Independent G1/S DNA Damage Checkpoint	48
R-HSA-193704	p75 NTR receptor-mediated signalling	91
R-HSA-209543	p75NTR recruits signalling complexes	12
R-HSA-193639	p75NTR signals via NF-kB	15
R-HSA-6790901	rRNA modification in the nucleus and cytosol	52
R-HSA-72312	rRNA processing	184
R-HSA-8868766	rRNA processing in the mitochondrion	10
R-HSA-8868773	rRNA processing in the nucleus and cytosol	174
R-HSA-191859	snRNP Assembly	50
R-HSA-379724	tRNA Aminoacylation	23
R-HSA-6782315	tRNA modification in the nucleus and cytosol	37
R-HSA-72306	tRNA processing	96
R-HSA-6784531	tRNA processing in the nucleus	52
R-HSA-199992	trans-Golgi Network Vesicle Budding	67
